id,sales_invoice_id,item_id,unit_id,warehouse_id,qty,bonus_qty,price,gross_amount,discount_type,discount_value,discount_amount,tax_id,tax_percent,tax_amount,net_amount,notes,created_at,updated_at,deleted_at,conversion_factor,base_quantity,unit_cost,total_cost
3392,1196,1,,,30,0,47.95,1438.5,,0,0,,0,0,1438.5,,2026-08-31 07:16:30,2026-09-15 18:24:00,,1,0,47.85,1435.5
3393,1196,2,,,10,0,47.95,479.5,,0,0,,0,0,479.5,,2026-08-31 07:16:30,2026-09-15 18:24:00,,1,0,47.85,478.5
3394,1196,4,,,10,0,47.95,479.5,,0,0,,0,0,479.5,,2026-08-31 07:16:30,2026-09-15 18:24:00,,1,0,47.85,478.5
3395,1197,1,,,50,0,47.95,2397.5,,0,0,,0,0,2397.5,,2026-08-31 07:17:35,2026-09-15 18:24:00,,1,0,47.85,2392.5
3396,1197,2,,,40,0,47.95,1918,,0,0,,0,0,1918,,2026-08-31 07:17:35,2026-09-15 18:24:00,,1,0,47.85,1914
3397,1197,4,,,10,0,47.95,479.5,,0,0,,0,0,479.5,,2026-08-31 07:17:35,2026-09-15 18:24:00,,1,0,47.85,478.5
3398,1198,1,,,60,0,47.95,2877,,0,0,,0,0,2877,,2026-08-31 07:19:18,2026-09-15 18:24:00,,1,0,47.85,2871
3399,1198,2,,,30,0,47.95,1438.5,,0,0,,0,0,1438.5,,2026-08-31 07:19:19,2026-09-15 18:24:00,,1,0,47.85,1435.5
3400,1198,4,,,10,0,47.95,479.5,,0,0,,0,0,479.5,,2026-08-31 07:19:19,2026-09-15 18:24:00,,1,0,47.85,478.5
3401,1199,1,,,50,0,47.95,2397.5,,0,0,,0,0,2397.5,,2026-08-31 07:20:13,2026-09-15 18:24:00,,1,0,47.85,2392.5
3402,1199,2,,,20,0,47.95,959,,0,0,,0,0,959,,2026-08-31 07:20:13,2026-09-15 18:24:00,,1,0,47.85,957
3403,1199,3,,,10,0,47.95,479.5,,0,0,,0,0,479.5,,2026-08-31 07:20:13,2026-09-15 18:24:00,,1,0,47.85,478.5
3404,1199,4,,,20,0,47.95,959,,0,0,,0,0,959,,2026-08-31 07:20:13,2026-09-15 18:24:00,,1,0,47.85,957
3405,1200,1,,,50,0,47.95,2397.5,,0,0,,0,0,2397.5,,2026-08-31 07:20:58,2026-09-15 18:24:00,,1,0,47.85,2392.5
3406,1200,2,,,40,0,47.95,1918,,0,0,,0,0,1918,,2026-08-31 07:20:58,2026-09-15 18:24:00,,1,0,47.85,1914
3407,1200,4,,,10,0,47.95,479.5,,0,0,,0,0,479.5,,2026-08-31 07:20:58,2026-09-15 18:24:00,,1,0,47.85,478.5
3408,1201,1,,,100,0,47.95,4795,,0,0,,0,0,4795,,2026-08-31 07:22:04,2026-09-15 18:24:00,,1,0,47.85,4785
3409,1201,2,,,160,0,47.95,7672,,0,0,,0,0,7672,,2026-08-31 07:22:04,2026-09-15 18:24:00,,1,0,47.85,7656
3410,1201,3,,,10,0,47.95,479.5,,0,0,,0,0,479.5,,2026-08-31 07:22:04,2026-09-15 18:24:00,,1,0,47.85,478.5
3411,1201,4,,,30,0,47.95,1438.5,,0,0,,0,0,1438.5,,2026-08-31 07:22:04,2026-09-15 18:24:00,,1,0,47.85,1435.5
3412,1202,1,,,40,0,47.95,1918,,0,0,,0,0,1918,,2026-08-31 07:22:52,2026-09-15 18:24:00,,1,0,47.85,1914
3413,1202,2,,,20,0,47.95,959,,0,0,,0,0,959,,2026-08-31 07:22:52,2026-09-15 18:24:00,,1,0,47.85,957
3414,1202,3,,,10,0,47.95,479.5,,0,0,,0,0,479.5,,2026-08-31 07:22:52,2026-09-15 18:24:00,,1,0,47.85,478.5
3415,1202,4,,,10,0,47.95,479.5,,0,0,,0,0,479.5,,2026-08-31 07:22:52,2026-09-15 18:24:00,,1,0,47.85,478.5
3416,1203,1,,,100,0,47.95,4795,,0,0,,0,0,4795,,2026-08-31 07:23:42,2026-09-15 18:24:01,,1,0,47.85,4785
3417,1203,3,,,10,0,47.95,479.5,,0,0,,0,0,479.5,,2026-08-31 07:23:42,2026-09-15 18:24:01,,1,0,47.85,478.5
3418,1203,4,,,20,0,47.95,959,,0,0,,0,0,959,,2026-08-31 07:23:42,2026-09-15 18:24:01,,1,0,47.85,957
3419,1203,2,,,70,0,47.95,3356.5,,0,0,,0,0,3356.5,,2026-08-31 07:23:42,2026-09-15 18:24:01,,1,0,47.85,3349.5
3420,1204,1,,,30,0,47.95,1438.5,,0,0,,0,0,1438.5,,2026-08-31 07:24:37,2026-09-15 18:24:01,,1,0,47.85,1435.5
3421,1204,2,,,20,0,47.95,959,,0,0,,0,0,959,,2026-08-31 07:24:37,2026-09-15 18:24:01,,1,0,47.85,957
3422,1205,1,,,200,0,47.95,9590,,0,0,,0,0,9590,,2026-08-31 07:25:16,2026-09-15 18:24:01,,1,0,47.85,9570
3423,1206,1,,,30,0,47.95,1438.5,,0,0,,0,0,1438.5,,2026-08-31 07:34:13,2026-09-15 18:24:01,,1,0,47.85,1435.5
3424,1206,3,,,10,0,47.95,479.5,,0,0,,0,0,479.5,,2026-08-31 07:34:13,2026-09-15 18:24:01,,1,0,47.85,478.5
3425,1206,4,,,10,0,47.95,479.5,,0,0,,0,0,479.5,,2026-08-31 07:34:13,2026-09-15 18:24:01,,1,0,47.85,478.5
3426,1206,2,,,20,0,47.95,959,,0,0,,0,0,959,,2026-08-31 07:34:13,2026-09-15 18:24:01,,1,0,47.85,957
3427,1207,1,,,60,0,47.95,2877,,0,0,,0,0,2877,,2026-08-31 07:35:16,2026-09-15 18:24:01,,1,0,47.85,2871
3428,1207,2,,,20,0,47.95,959,,0,0,,0,0,959,,2026-08-31 07:35:16,2026-09-15 18:24:01,,1,0,47.85,957
3429,1207,3,,,10,0,47.95,479.5,,0,0,,0,0,479.5,,2026-08-31 07:35:16,2026-09-15 18:24:01,,1,0,47.85,478.5
3430,1207,4,,,10,0,47.95,479.5,,0,0,,0,0,479.5,,2026-08-31 07:35:16,2026-09-15 18:24:01,,1,0,47.85,478.5
3431,1208,1,,,110,0,47.95,5274.5,,0,0,,0,0,5274.5,,2026-08-31 07:36:09,2026-09-15 18:24:01,,1,0,47.85,5263.5
3432,1208,3,,,10,0,47.95,479.5,,0,0,,0,0,479.5,,2026-08-31 07:36:09,2026-09-15 18:24:01,,1,0,47.85,478.5
3433,1208,4,,,20,0,47.95,959,,0,0,,0,0,959,,2026-08-31 07:36:09,2026-09-15 18:24:01,,1,0,47.85,957
3434,1208,2,,,60,0,47.95,2877,,0,0,,0,0,2877,,2026-08-31 07:36:09,2026-09-15 18:24:01,,1,0,47.85,2871
3435,1209,1,,,50,0,47.95,2397.5,,0,0,,0,0,2397.5,,2026-08-31 07:36:47,2026-09-15 18:24:01,,1,0,47.85,2392.5
3436,1209,3,,,10,0,47.95,479.5,,0,0,,0,0,479.5,,2026-08-31 07:36:47,2026-09-15 18:24:01,,1,0,47.85,478.5
3437,1209,4,,,10,0,47.95,479.5,,0,0,,0,0,479.5,,2026-08-31 07:36:47,2026-09-15 18:24:01,,1,0,47.85,478.5
3438,1209,2,,,30,0,47.95,1438.5,,0,0,,0,0,1438.5,,2026-08-31 07:36:47,2026-09-15 18:24:01,,1,0,47.85,1435.5
3439,1210,1,,,370,0,47.95,17741.5,,0,0,,0,0,17741.5,,2026-08-31 07:37:29,2026-09-15 18:24:01,,1,0,47.85,17704.5
3440,1210,2,,,500,0,47.95,23975,,0,0,,0,0,23975,,2026-08-31 07:37:29,2026-09-15 18:24:01,,1,0,47.85,23925
3441,1210,3,,,50,0,47.95,2397.5,,0,0,,0,0,2397.5,,2026-08-31 07:37:29,2026-09-15 18:24:01,,1,0,47.85,2392.5
3442,1210,4,,,80,0,47.95,3836,,0,0,,0,0,3836,,2026-08-31 07:37:29,2026-09-15 18:24:01,,1,0,47.85,3828
3443,1211,1,,,30,0,47.95,1438.5,,0,0,,0,0,1438.5,,2026-08-31 07:38:42,2026-09-15 18:24:01,,1,0,47.85,1435.5
3444,1211,2,,,10,0,47.95,479.5,,0,0,,0,0,479.5,,2026-08-31 07:38:42,2026-09-15 18:24:01,,1,0,47.85,478.5
3445,1211,4,,,10,0,47.95,479.5,,0,0,,0,0,479.5,,2026-08-31 07:38:42,2026-09-15 18:24:01,,1,0,47.85,478.5
3446,1212,1,,,50,0,47.95,2397.5,,0,0,,0,0,2397.5,,2026-08-31 07:39:17,2026-09-15 18:24:01,,1,0,47.85,2392.5
3447,1212,2,,,30,0,47.95,1438.5,,0,0,,0,0,1438.5,,2026-08-31 07:39:17,2026-09-15 18:24:01,,1,0,47.85,1435.5
3448,1212,4,,,10,0,47.95,479.5,,0,0,,0,0,479.5,,2026-08-31 07:39:17,2026-09-15 18:24:01,,1,0,47.85,478.5
3449,1213,1,,,40,0,47.95,1918,,0,0,,0,0,1918,,2026-08-31 07:40:15,2026-09-15 18:24:01,,1,0,47.85,1914
3450,1213,2,,,10,0,47.95,479.5,,0,0,,0,0,479.5,,2026-08-31 07:40:15,2026-09-15 18:24:01,,1,0,47.85,478.5
3451,1213,4,,,10,0,47.95,479.5,,0,0,,0,0,479.5,,2026-08-31 07:40:15,2026-09-15 18:24:01,,1,0,47.85,478.5
3452,1214,1,,,300,0,47.95,14385,,0,0,,0,0,14385,,2026-08-31 07:40:55,2026-09-15 18:24:01,,1,0,47.85,14355
3453,1214,3,,,20,0,47.95,959,,0,0,,0,0,959,,2026-08-31 07:40:55,2026-09-15 18:24:01,,1,0,47.85,957
3454,1214,4,,,30,0,47.95,1438.5,,0,0,,0,0,1438.5,,2026-08-31 07:40:55,2026-09-15 18:24:01,,1,0,47.85,1435.5
3455,1214,2,,,150,0,47.95,7192.5,,0,0,,0,0,7192.5,,2026-08-31 07:40:55,2026-09-15 18:24:01,,1,0,47.85,7177.5
3456,1215,1,,,40,0,47.95,1918,,0,0,,0,0,1918,,2026-08-31 07:41:24,2026-09-15 18:24:01,,1,0,47.85,1914
3457,1215,2,,,20,0,47.95,959,,0,0,,0,0,959,,2026-08-31 07:41:24,2026-09-15 18:24:01,,1,0,47.85,957
3458,1215,3,,,20,0,47.95,959,,0,0,,0,0,959,,2026-08-31 07:41:24,2026-09-15 18:24:01,,1,0,47.85,957
3459,1215,4,,,20,0,47.95,959,,0,0,,0,0,959,,2026-08-31 07:41:24,2026-09-15 18:24:01,,1,0,47.85,957
3460,1216,1,,,40,0,47.95,1918,,0,0,,0,0,1918,,2026-08-31 07:42:09,2026-09-15 18:24:01,,1,0,47.85,1914
3461,1216,2,,,10,0,47.95,479.5,,0,0,,0,0,479.5,,2026-08-31 07:42:09,2026-09-15 18:24:01,,1,0,47.85,478.5
3462,1216,4,,,10,0,47.95,479.5,,0,0,,0,0,479.5,,2026-08-31 07:42:09,2026-09-15 18:24:01,,1,0,47.85,478.5
3463,1216,3,,,10,0,47.95,479.5,,0,0,,0,0,479.5,,2026-08-31 07:42:09,2026-09-15 18:24:01,,1,0,47.85,478.5
3464,1217,1,,,60,0,47.95,2877,,0,0,,0,0,2877,,2026-08-31 07:42:31,2026-09-15 18:24:01,,1,0,47.85,2871
3465,1217,2,,,30,0,47.95,1438.5,,0,0,,0,0,1438.5,,2026-08-31 07:42:31,2026-09-15 18:24:01,,1,0,47.85,1435.5
3466,1217,4,,,10,0,47.95,479.5,,0,0,,0,0,479.5,,2026-08-31 07:42:31,2026-09-15 18:24:01,,1,0,47.85,478.5
3467,1218,1,,,30,0,47.95,1438.5,,0,0,,0,0,1438.5,,2026-08-31 07:42:56,2026-09-15 18:24:01,,1,0,47.85,1435.5
3468,1218,2,,,20,0,47.95,959,,0,0,,0,0,959,,2026-08-31 07:42:56,2026-09-15 18:24:01,,1,0,47.85,957
3469,1219,1,,,70,0,47.95,3356.5,,0,0,,0,0,3356.5,,2026-08-31 07:43:21,2026-09-15 18:24:01,,1,0,47.85,3349.5
3470,1219,2,,,20,0,47.95,959,,0,0,,0,0,959,,2026-08-31 07:43:21,2026-09-15 18:24:01,,1,0,47.85,957
3471,1220,1,,,60,0,47.95,2877,,0,0,,0,0,2877,,2026-08-31 07:47:20,2026-09-15 18:24:01,,1,0,47.85,2871
3472,1220,3,,,10,0,47.95,479.5,,0,0,,0,0,479.5,,2026-08-31 07:47:20,2026-09-15 18:24:01,,1,0,47.85,478.5
3473,1220,4,,,10,0,47.95,479.5,,0,0,,0,0,479.5,,2026-08-31 07:47:20,2026-09-15 18:24:02,,1,0,47.85,478.5
3474,1220,2,,,20,0,47.95,959,,0,0,,0,0,959,,2026-08-31 07:47:20,2026-09-15 18:24:02,,1,0,47.85,957
3475,1221,3,,,20,0,47.95,959,,0,0,,0,0,959,,2026-08-31 07:48:53,2026-09-15 18:24:02,,1,0,47.85,957
3476,1221,4,,,40,0,47.95,1918,,0,0,,0,0,1918,,2026-08-31 07:48:53,2026-09-15 18:24:02,,1,0,47.85,1914
3477,1221,1,,,240,0,47.95,11508,,0,0,,0,0,11508,,2026-08-31 07:48:53,2026-09-15 18:24:02,,1,0,47.85,11484
3478,1221,2,,,100,0,47.95,4795,,0,0,,0,0,4795,,2026-08-31 07:48:53,2026-09-15 18:24:02,,1,0,47.85,4785
3479,1222,1,,,220,0,47.95,10549,,0,0,,0,0,10549,,2026-08-31 07:49:45,2026-09-15 18:24:02,,1,0,47.85,10527
3480,1222,3,,,30,0,47.95,1438.5,,0,0,,0,0,1438.5,,2026-08-31 07:49:45,2026-09-15 18:24:02,,1,0,47.85,1435.5
3481,1222,4,,,50,0,47.95,2397.5,,0,0,,0,0,2397.5,,2026-08-31 07:49:45,2026-09-15 18:24:02,,1,0,47.85,2392.5
3482,1222,2,,,200,0,47.95,9590,,0,0,,0,0,9590,,2026-08-31 07:49:45,2026-09-15 18:24:02,,1,0,47.85,9570
3483,1223,1,,,300,0,47.95,14385,,0,0,,0,0,14385,,2026-08-31 07:52:05,2026-09-15 18:24:02,,1,0,47.85,14355
3484,1223,2,,,140,0,47.95,6713,,0,0,,0,0,6713,,2026-08-31 07:52:05,2026-09-15 18:24:02,,1,0,47.85,6699
3485,1223,3,,,20,0,47.95,959,,0,0,,0,0,959,,2026-08-31 07:52:05,2026-09-15 18:24:02,,1,0,47.85,957
3486,1223,4,,,40,0,47.95,1918,,0,0,,0,0,1918,,2026-08-31 07:52:05,2026-09-15 18:24:02,,1,0,47.85,1914
3487,1224,1,,,180,0,47.95,8631,,0,0,,0,0,8631,,2026-08-31 07:52:35,2026-09-15 18:24:02,,1,0,47.85,8613
3488,1224,3,,,10,0,47.95,479.5,,0,0,,0,0,479.5,,2026-08-31 07:52:35,2026-09-15 18:24:02,,1,0,47.85,478.5
3489,1224,4,,,10,0,47.95,479.5,,0,0,,0,0,479.5,,2026-08-31 07:52:35,2026-09-15 18:24:02,,1,0,47.85,478.5
3490,1225,1,,,100,0,47.95,4795,,0,0,,0,0,4795,,2026-08-31 07:53:28,2026-09-15 18:24:02,,1,0,47.85,4785
3491,1225,2,,,90,0,47.95,4315.5,,0,0,,0,0,4315.5,,2026-08-31 07:53:28,2026-09-15 18:24:02,,1,0,47.85,4306.5
3492,1225,4,,,10,0,47.95,479.5,,0,0,,0,0,479.5,,2026-08-31 07:53:28,2026-09-15 18:24:02,,1,0,47.85,478.5
3493,1226,3,,,20,0,47.95,959,,0,0,,0,0,959,,2026-08-31 07:54:16,2026-09-15 18:24:02,,1,0,47.85,957
3494,1226,4,,,40,0,47.95,1918,,0,0,,0,0,1918,,2026-08-31 07:54:16,2026-09-15 18:24:02,,1,0,47.85,1914
3495,1226,2,,,440,0,47.95,21098,,0,0,,0,0,21098,,2026-08-31 07:54:16,2026-09-15 18:24:02,,1,0,47.85,21054
3496,1227,1,,,170,0,47.95,8151.5,,0,0,,0,0,8151.5,,2026-08-31 07:55:12,2026-09-15 18:24:02,,1,0,47.85,8134.5
3497,1227,3,,,10,0,47.95,479.5,,0,0,,0,0,479.5,,2026-08-31 07:55:12,2026-09-15 18:24:02,,1,0,47.85,478.5
3498,1227,4,,,20,0,47.95,959,,0,0,,0,0,959,,2026-08-31 07:55:12,2026-09-15 18:24:02,,1,0,47.85,957
3499,1227,2,,,50,0,47.95,2397.5,,0,0,,0,0,2397.5,,2026-08-31 07:55:12,2026-09-15 18:24:02,,1,0,47.85,2392.5
3500,1228,1,,,80,0,47.95,3836,,0,0,,0,0,3836,,2026-08-31 07:55:58,2026-09-15 18:24:02,,1,0,47.85,3828
3501,1228,4,,,20,0,47.95,959,,0,0,,0,0,959,,2026-08-31 07:55:58,2026-09-15 18:24:02,,1,0,47.85,957
3502,1228,2,,,40,0,47.95,1918,,0,0,,0,0,1918,,2026-08-31 07:55:58,2026-09-15 18:24:02,,1,0,47.85,1914
3503,1228,3,,,10,0,47.95,479.5,,0,0,,0,0,479.5,,2026-08-31 07:55:58,2026-09-15 18:24:02,,1,0,47.85,478.5
3504,1229,3,,,10,0,47.95,479.5,,0,0,,0,0,479.5,,2026-08-31 07:56:30,2026-09-15 18:24:02,,1,0,47.85,478.5
3505,1229,4,,,20,0,47.95,959,,0,0,,0,0,959,,2026-08-31 07:56:30,2026-09-15 18:24:02,,1,0,47.85,957
3506,1229,1,,,80,0,47.95,3836,,0,0,,0,0,3836,,2026-08-31 07:56:30,2026-09-15 18:24:02,,1,0,47.85,3828
3507,1229,2,,,40,0,47.95,1918,,0,0,,0,0,1918,,2026-08-31 07:56:30,2026-09-15 18:24:02,,1,0,47.85,1914
3508,1230,1,,,40,0,47.95,1918,,0,0,,0,0,1918,,2026-08-31 08:00:02,2026-08-31 08:02:24,2026-08-31 08:02:24,1,0,47.85,1914
3509,1230,2,,,20,0,47.95,959,,0,0,,0,0,959,,2026-08-31 08:00:02,2026-08-31 08:02:24,2026-08-31 08:02:24,1,0,47.85,957
3510,1230,1,,,30,0,47.95,1438.5,,0,0,,0,0,1438.5,,2026-08-31 08:02:24,2026-09-15 18:24:02,,1,0,47.85,1435.5
3511,1230,2,,,30,0,47.95,1438.5,,0,0,,0,0,1438.5,,2026-08-31 08:02:24,2026-09-15 18:24:02,,1,0,47.85,1435.5
3512,1231,1,,,300,0,47.95,14385,,0,0,,0,0,14385,,2026-08-31 08:04:22,2026-09-15 18:24:02,,1,0,47.85,14355
3513,1231,3,,,20,0,47.95,959,,0,0,,0,0,959,,2026-08-31 08:04:22,2026-09-15 18:24:02,,1,0,47.85,957
3514,1231,4,,,40,0,47.95,1918,,0,0,,0,0,1918,,2026-08-31 08:04:22,2026-09-15 18:24:02,,1,0,47.85,1914
3515,1231,2,,,160,0,47.95,7672,,0,0,,0,0,7672,,2026-08-31 08:04:22,2026-09-15 18:24:02,,1,0,47.85,7656
3516,1232,1,,,50,0,47.95,2397.5,,0,0,,0,0,2397.5,,2026-08-31 08:05:22,2026-09-15 18:24:02,,1,0,47.85,2392.5
3517,1232,3,,,10,0,47.95,479.5,,0,0,,0,0,479.5,,2026-08-31 08:05:23,2026-09-15 18:24:02,,1,0,47.85,478.5
3518,1232,4,,,10,0,47.95,479.5,,0,0,,0,0,479.5,,2026-08-31 08:05:23,2026-09-15 18:24:02,,1,0,47.85,478.5
3519,1232,2,,,30,0,47.95,1438.5,,0,0,,0,0,1438.5,,2026-08-31 08:05:23,2026-09-15 18:24:02,,1,0,47.85,1435.5
3520,1233,3,,,10,0,47.95,479.5,,0,0,,0,0,479.5,,2026-08-31 08:08:23,2026-09-15 18:24:02,,1,0,47.85,478.5
3521,1233,4,,,20,0,47.95,959,,0,0,,0,0,959,,2026-08-31 08:08:23,2026-09-15 18:24:02,,1,0,47.85,957
3522,1233,1,,,150,0,47.95,7192.5,,0,0,,0,0,7192.5,,2026-08-31 08:08:23,2026-09-15 18:24:02,,1,0,47.85,7177.5
3523,1233,2,,,70,0,47.95,3356.5,,0,0,,0,0,3356.5,,2026-08-31 08:08:23,2026-09-15 18:24:02,,1,0,47.85,3349.5
3524,1234,1,,,80,0,47.95,3836,,0,0,,0,0,3836,,2026-08-31 08:12:22,2026-09-15 18:24:02,,1,0,47.85,3828
3525,1234,2,,,20,0,47.95,959,,0,0,,0,0,959,,2026-08-31 08:12:22,2026-09-15 18:24:02,,1,0,47.85,957
3526,1234,4,,,10,0,47.95,479.5,,0,0,,0,0,479.5,,2026-08-31 08:12:22,2026-09-15 18:24:02,,1,0,47.85,478.5
3527,1235,1,,,50,0,47.95,2397.5,,0,0,,0,0,2397.5,,2026-08-31 08:14:16,2026-09-15 18:24:02,,1,0,47.85,2392.5
3528,1236,1,,,80,0,47.95,3836,,0,0,,0,0,3836,,2026-08-31 08:18:04,2026-09-15 18:24:02,,1,0,47.85,3828
3529,1236,2,,,30,0,47.95,1438.5,,0,0,,0,0,1438.5,,2026-08-31 08:18:04,2026-09-15 18:24:02,,1,0,47.85,1435.5
3530,1236,3,,,10,0,47.95,479.5,,0,0,,0,0,479.5,,2026-08-31 08:18:04,2026-09-15 18:24:03,,1,0,47.85,478.5
3531,1236,4,,,20,0,47.95,959,,0,0,,0,0,959,,2026-08-31 08:18:04,2026-09-15 18:24:03,,1,0,47.85,957
3532,1237,1,,,100,0,47.95,4795,,0,0,,0,0,4795,,2026-08-31 08:32:04,2026-09-15 18:24:03,,1,0,47.85,4785
3533,1237,2,,,40,0,47.95,1918,,0,0,,0,0,1918,,2026-08-31 08:32:04,2026-09-15 18:24:03,,1,0,47.85,1914
3534,1237,4,,,10,0,47.95,479.5,,0,0,,0,0,479.5,,2026-08-31 08:32:04,2026-09-15 18:24:03,,1,0,47.85,478.5
3535,1238,1,,,150,0,47.95,7192.5,,0,0,,0,0,7192.5,,2026-08-31 08:33:04,2026-09-15 18:24:03,,1,0,47.85,7177.5
3536,1238,2,,,80,0,47.95,3836,,0,0,,0,0,3836,,2026-08-31 08:33:04,2026-09-15 18:24:03,,1,0,47.85,3828
3537,1238,4,,,20,0,47.95,959,,0,0,,0,0,959,,2026-08-31 08:33:04,2026-09-15 18:24:03,,1,0,47.85,957
3538,1239,1,,,150,0,47.95,7192.5,,0,0,,0,0,7192.5,,2026-08-31 08:33:26,2026-09-15 18:24:03,,1,0,47.85,7177.5
3539,1239,2,,,80,0,47.95,3836,,0,0,,0,0,3836,,2026-08-31 08:33:26,2026-09-15 18:24:03,,1,0,47.85,3828
3540,1239,4,,,20,0,47.95,959,,0,0,,0,0,959,,2026-08-31 08:33:26,2026-09-15 18:24:03,,1,0,47.85,957
3541,1240,1,,,40,0,47.95,1918,,0,0,,0,0,1918,,2026-08-31 08:33:54,2026-09-15 18:24:03,,1,0,47.85,1914
3542,1240,2,,,20,0,47.95,959,,0,0,,0,0,959,,2026-08-31 08:33:54,2026-09-15 18:24:03,,1,0,47.85,957
3543,1240,4,,,10,0,47.95,479.5,,0,0,,0,0,479.5,,2026-08-31 08:33:54,2026-09-15 18:24:03,,1,0,47.85,478.5
3544,1241,1,,,80,0,47.95,3836,,0,0,,0,0,3836,,2026-08-31 08:34:13,2026-09-15 18:24:03,,1,0,47.85,3828
3545,1241,2,,,30,0,47.95,1438.5,,0,0,,0,0,1438.5,,2026-08-31 08:34:13,2026-09-15 18:24:03,,1,0,47.85,1435.5
3546,1241,4,,,10,0,47.95,479.5,,0,0,,0,0,479.5,,2026-08-31 08:34:13,2026-09-15 18:24:03,,1,0,47.85,478.5
3547,1242,1,,,250,0,47.95,11987.5,,0,0,,0,0,11987.5,,2026-08-31 08:34:54,2026-09-15 18:24:03,,1,0,47.85,11962.5
3548,1242,2,,,250,0,47.95,11987.5,,0,0,,0,0,11987.5,,2026-08-31 08:34:54,2026-09-15 18:24:03,,1,0,47.85,11962.5
3549,1242,3,,,20,0,47.95,959,,0,0,,0,0,959,,2026-08-31 08:34:54,2026-09-15 18:24:03,,1,0,47.85,957
3550,1242,4,,,30,0,47.95,1438.5,,0,0,,0,0,1438.5,,2026-08-31 08:34:54,2026-09-15 18:24:03,,1,0,47.85,1435.5
3551,1243,1,,,750,0,47.95,35962.5,,0,0,,0,0,35962.5,,2026-08-31 08:35:56,2026-09-15 18:24:03,,1,0,47.85,35887.5
3552,1243,3,,,50,0,47.95,2397.5,,0,0,,0,0,2397.5,,2026-08-31 08:35:56,2026-09-15 18:24:03,,1,0,47.85,2392.5
3553,1243,4,,,50,0,47.95,2397.5,,0,0,,0,0,2397.5,,2026-08-31 08:35:56,2026-09-15 18:24:03,,1,0,47.85,2392.5
3554,1243,2,,,150,0,47.95,7192.5,,0,0,,0,0,7192.5,,2026-08-31 08:35:56,2026-09-15 18:24:03,,1,0,47.85,7177.5
3555,1244,1,,,140,0,47.95,6713,,0,0,,0,0,6713,,2026-08-31 08:36:57,2026-09-15 18:24:03,,1,0,47.85,6699
3556,1244,3,,,10,0,47.95,479.5,,0,0,,0,0,479.5,,2026-08-31 08:36:57,2026-09-15 18:24:03,,1,0,47.85,478.5
3557,1244,4,,,30,0,47.95,1438.5,,0,0,,0,0,1438.5,,2026-08-31 08:36:57,2026-09-15 18:24:03,,1,0,47.85,1435.5
3558,1244,2,,,100,0,47.95,4795,,0,0,,0,0,4795,,2026-08-31 08:36:57,2026-09-15 18:24:03,,1,0,47.85,4785
3559,1245,1,,,150,0,47.95,7192.5,,0,0,,0,0,7192.5,,2026-08-31 08:37:44,2026-09-15 18:24:03,,1,0,47.85,7177.5
3560,1245,3,,,10,0,47.95,479.5,,0,0,,0,0,479.5,,2026-08-31 08:37:44,2026-09-15 18:24:03,,1,0,47.85,478.5
3561,1245,4,,,30,0,47.95,1438.5,,0,0,,0,0,1438.5,,2026-08-31 08:37:44,2026-09-15 18:24:03,,1,0,47.85,1435.5
3562,1245,2,,,60,0,47.95,2877,,0,0,,0,0,2877,,2026-08-31 08:37:44,2026-09-15 18:24:03,,1,0,47.85,2871
3563,1246,1,,,130,0,47.95,6233.5,,0,0,,0,0,6233.5,,2026-08-31 08:46:50,2026-09-15 18:24:03,,1,0,47.85,6220.5
3564,1246,2,,,60,0,47.95,2877,,0,0,,0,0,2877,,2026-08-31 08:46:50,2026-09-15 18:24:03,,1,0,47.85,2871
3565,1246,4,,,40,0,47.95,1918,,0,0,,0,0,1918,,2026-08-31 08:46:50,2026-09-15 18:24:03,,1,0,47.85,1914
3566,1246,3,,,20,0,47.95,959,,0,0,,0,0,959,,2026-08-31 08:46:50,2026-09-15 18:24:03,,1,0,47.85,957
3567,1247,1,,,150,0,47.95,7192.5,,0,0,,0,0,7192.5,,2026-08-31 08:50:17,2026-09-15 18:24:03,,1,0,47.85,7177.5
3568,1247,2,,,90,0,47.95,4315.5,,0,0,,0,0,4315.5,,2026-08-31 08:50:17,2026-09-15 18:24:03,,1,0,47.85,4306.5
3569,1247,3,,,20,0,47.95,959,,0,0,,0,0,959,,2026-08-31 08:50:17,2026-09-15 18:24:03,,1,0,47.85,957
3570,1247,4,,,40,0,47.95,1918,,0,0,,0,0,1918,,2026-08-31 08:50:17,2026-09-15 18:24:03,,1,0,47.85,1914
3571,1248,1,,,50,0,47.95,2397.5,,0,0,,0,0,2397.5,,2026-08-31 08:53:05,2026-09-15 18:24:03,,1,0,47.85,2392.5
3572,1248,2,,,50,0,47.95,2397.5,,0,0,,0,0,2397.5,,2026-08-31 08:53:05,2026-09-15 18:24:03,,1,0,47.85,2392.5
3573,1248,4,,,50,0,47.95,2397.5,,0,0,,0,0,2397.5,,2026-08-31 08:53:05,2026-09-15 18:24:03,,1,0,47.85,2392.5
3574,1249,1,,,250,0,47.95,11987.5,,0,0,,0,0,11987.5,,2026-08-31 08:55:04,2026-09-15 18:24:03,,1,0,47.85,11962.5
3575,1249,2,,,100,0,47.95,4795,,0,0,,0,0,4795,,2026-08-31 08:55:04,2026-09-15 18:24:03,,1,0,47.85,4785
3576,1249,3,,,20,0,47.95,959,,0,0,,0,0,959,,2026-08-31 08:55:04,2026-09-15 18:24:03,,1,0,47.85,957
3577,1249,4,,,30,0,47.95,1438.5,,0,0,,0,0,1438.5,,2026-08-31 08:55:04,2026-09-15 18:24:03,,1,0,47.85,1435.5
3578,1250,1,,,10,0,47.95,479.5,,0,0,,0,0,479.5,,2026-08-31 08:57:13,2026-09-15 18:24:03,,1,0,47.85,478.5
3579,1250,3,,,10,0,47.95,479.5,,0,0,,0,0,479.5,,2026-08-31 08:57:13,2026-09-15 18:24:03,,1,0,47.85,478.5
3580,1250,4,,,10,0,47.95,479.5,,0,0,,0,0,479.5,,2026-08-31 08:57:13,2026-09-15 18:24:03,,1,0,47.85,478.5
3581,1251,1,,,60,0,47.95,2877,,0,0,,0,0,2877,,2026-08-31 08:58:46,2026-09-15 18:24:03,,1,0,47.85,2871
3582,1251,2,,,30,0,47.95,1438.5,,0,0,,0,0,1438.5,,2026-08-31 08:58:46,2026-09-15 18:24:03,,1,0,47.85,1435.5
3583,1251,3,,,10,0,47.95,479.5,,0,0,,0,0,479.5,,2026-08-31 08:58:46,2026-09-15 18:24:03,,1,0,47.85,478.5
3584,1251,4,,,20,0,47.95,959,,0,0,,0,0,959,,2026-08-31 08:58:46,2026-09-15 18:24:04,,1,0,47.85,957
3585,1252,1,,,250,0,47.95,11987.5,,0,0,,0,0,11987.5,,2026-08-31 09:00:37,2026-09-15 18:24:04,,1,0,47.85,11962.5
3586,1252,3,,,20,0,47.95,959,,0,0,,0,0,959,,2026-08-31 09:00:37,2026-09-15 18:24:04,,1,0,47.85,957
3587,1252,2,,,190,0,47.95,9110.5,,0,0,,0,0,9110.5,,2026-08-31 09:00:37,2026-09-15 18:24:04,,1,0,47.85,9091.5
3588,1252,4,,,40,0,47.95,1918,,0,0,,0,0,1918,,2026-08-31 09:00:37,2026-09-15 18:24:04,,1,0,47.85,1914
3589,1253,1,,,50,0,47.95,2397.5,,0,0,,0,0,2397.5,,2026-08-31 09:04:27,2026-09-15 18:24:04,,1,0,47.85,2392.5
3590,1253,2,,,40,0,47.95,1918,,0,0,,0,0,1918,,2026-08-31 09:04:27,2026-09-15 18:24:04,,1,0,47.85,1914
3591,1253,3,,,10,0,47.95,479.5,,0,0,,0,0,479.5,,2026-08-31 09:04:27,2026-09-15 18:24:04,,1,0,47.85,478.5
3592,1254,1,,,20,0,47.95,959,,0,0,,0,0,959,,2026-08-31 09:05:44,2026-09-15 18:24:04,,1,0,47.85,957
3593,1254,2,,,60,0,47.95,2877,,0,0,,0,0,2877,,2026-08-31 09:05:44,2026-09-15 18:24:04,,1,0,47.85,2871
3594,1254,4,,,20,0,47.95,959,,0,0,,0,0,959,,2026-08-31 09:05:44,2026-09-15 18:24:04,,1,0,47.85,957
3595,1255,1,,,200,0,47.95,9590,,0,0,,0,0,9590,,2026-08-31 09:06:42,2026-09-15 18:24:04,,1,0,47.85,9570
3596,1255,2,,,150,0,47.95,7192.5,,0,0,,0,0,7192.5,,2026-08-31 09:06:42,2026-09-15 18:24:04,,1,0,47.85,7177.5
3597,1255,3,,,20,0,47.95,959,,0,0,,0,0,959,,2026-08-31 09:06:42,2026-09-15 18:24:04,,1,0,47.85,957
3598,1255,4,,,30,0,47.95,1438.5,,0,0,,0,0,1438.5,,2026-08-31 09:06:42,2026-09-15 18:24:04,,1,0,47.85,1435.5
3599,1256,1,,,100,0,47.95,4795,,0,0,,0,0,4795,,2026-08-31 09:09:28,2026-09-15 18:24:04,,1,0,47.85,4785
3600,1257,1,,,30,0,47.95,1438.5,,0,0,,0,0,1438.5,,2026-08-31 09:10:52,2026-09-15 18:24:04,,1,0,47.85,1435.5
3601,1257,2,,,10,0,47.95,479.5,,0,0,,0,0,479.5,,2026-08-31 09:10:52,2026-09-15 18:24:04,,1,0,47.85,478.5
3602,1257,4,,,10,0,47.95,479.5,,0,0,,0,0,479.5,,2026-08-31 09:10:52,2026-09-15 18:24:04,,1,0,47.85,478.5
3603,1258,1,,,1000,0,47.95,47950,,0,0,,0,0,47950,,2026-08-31 09:12:36,2026-09-15 18:24:04,,1,0,47.85,47850
3604,1258,2,,,350,0,47.95,16782.5,,0,0,,0,0,16782.5,,2026-08-31 09:12:36,2026-09-15 18:24:04,,1,0,47.85,16747.5
3605,1258,4,,,50,0,47.95,2397.5,,0,0,,0,0,2397.5,,2026-08-31 09:12:36,2026-09-15 18:24:04,,1,0,47.85,2392.5
3606,1259,1,,,80,0,47.95,3836,,0,0,,0,0,3836,,2026-08-31 09:15:00,2026-09-15 18:24:04,,1,0,47.85,3828
3607,1259,2,,,60,0,47.95,2877,,0,0,,0,0,2877,,2026-08-31 09:15:00,2026-09-15 18:24:04,,1,0,47.85,2871
3608,1259,3,,,20,0,47.95,959,,0,0,,0,0,959,,2026-08-31 09:15:00,2026-09-15 18:24:04,,1,0,47.85,957
3609,1259,4,,,40,0,47.95,1918,,0,0,,0,0,1918,,2026-08-31 09:15:00,2026-09-15 18:24:04,,1,0,47.85,1914
3610,1260,1,,,300,0,47.95,14385,,0,0,,0,0,14385,,2026-08-31 09:16:39,2026-09-15 18:24:04,,1,0,47.85,14355
3611,1260,2,,,600,0,47.95,28770,,0,0,,0,0,28770,,2026-08-31 09:16:39,2026-09-15 18:24:04,,1,0,47.85,28710
3612,1260,3,,,50,0,47.95,2397.5,,0,0,,0,0,2397.5,,2026-08-31 09:16:39,2026-09-15 18:24:04,,1,0,47.85,2392.5
3613,1260,4,,,50,0,47.95,2397.5,,0,0,,0,0,2397.5,,2026-08-31 09:16:39,2026-09-15 18:24:04,,1,0,47.85,2392.5
3614,1261,2,,,120,0,47.95,5754,,0,0,,0,0,5754,,2026-08-31 09:18:08,2026-09-15 18:24:04,,1,0,47.85,5742
3615,1261,4,,,30,0,47.95,1438.5,,0,0,,0,0,1438.5,,2026-08-31 09:18:08,2026-09-15 18:24:04,,1,0,47.85,1435.5
3616,1262,1,,,700,0,47.95,33565,,0,0,,0,0,33565,,2026-08-31 09:20:49,2026-09-15 18:24:04,,1,0,47.85,33495
3617,1262,3,,,80,0,47.95,3836,,0,0,,0,0,3836,,2026-08-31 09:20:49,2026-09-15 18:24:04,,1,0,47.85,3828
3618,1262,4,,,120,0,47.95,5754,,0,0,,0,0,5754,,2026-08-31 09:20:49,2026-09-15 18:24:04,,1,0,47.85,5742
3619,1262,2,,,500,0,47.95,23975,,0,0,,0,0,23975,,2026-08-31 09:20:49,2026-09-15 18:24:04,,1,0,47.85,23925
3620,1263,1,,,160,0,47.95,7672,,0,0,,0,0,7672,,2026-08-31 09:22:34,2026-09-15 18:24:04,,1,0,47.85,7656
3621,1263,3,,,20,0,47.95,959,,0,0,,0,0,959,,2026-08-31 09:22:34,2026-09-15 18:24:04,,1,0,47.85,957
3622,1263,4,,,40,0,47.95,1918,,0,0,,0,0,1918,,2026-08-31 09:22:34,2026-09-15 18:24:04,,1,0,47.85,1914
3623,1263,2,,,80,0,47.95,3836,,0,0,,0,0,3836,,2026-08-31 09:22:34,2026-09-15 18:24:04,,1,0,47.85,3828
3624,1264,1,,,100,0,47.95,4795,,0,0,,0,0,4795,,2026-08-31 09:24:16,2026-09-15 18:24:04,,1,0,47.85,4785
3625,1264,2,,,40,0,47.95,1918,,0,0,,0,0,1918,,2026-08-31 09:24:16,2026-09-15 18:24:04,,1,0,47.85,1914
3626,1264,4,,,10,0,47.95,479.5,,0,0,,0,0,479.5,,2026-08-31 09:24:16,2026-09-15 18:24:04,,1,0,47.85,478.5
3627,1265,1,,,50,0,47.95,2397.5,,0,0,,0,0,2397.5,,2026-08-31 09:31:06,2026-09-15 18:24:04,,1,0,47.85,2392.5
3628,1265,2,,,40,0,47.95,1918,,0,0,,0,0,1918,,2026-08-31 09:31:06,2026-09-15 18:24:04,,1,0,47.85,1914
3629,1265,4,,,10,0,47.95,479.5,,0,0,,0,0,479.5,,2026-08-31 09:31:06,2026-09-15 18:24:04,,1,0,47.85,478.5
3630,1266,1,,,1000,0,47.95,47950,,0,0,,0,0,47950,,2026-08-31 09:33:04,2026-09-15 18:24:04,,1,0,47.85,47850
3631,1266,2,,,1200,0,47.95,57540,,0,0,,0,0,57540,,2026-08-31 09:33:04,2026-09-15 18:24:04,,1,0,47.85,57420
3632,1266,3,,,100,0,47.95,4795,,0,0,,0,0,4795,,2026-08-31 09:33:04,2026-09-15 18:24:04,,1,0,47.85,4785
3633,1266,4,,,200,0,47.95,9590,,0,0,,0,0,9590,,2026-08-31 09:33:04,2026-09-15 18:24:04,,1,0,47.85,9570
3634,1267,1,,,1000,0,47.95,47950,,0,0,,0,0,47950,,2026-08-31 09:33:32,2026-09-15 18:24:04,,1,0,47.85,47850
3635,1267,2,,,1200,0,47.95,57540,,0,0,,0,0,57540,,2026-08-31 09:33:32,2026-09-15 18:24:04,,1,0,47.85,57420
3636,1267,3,,,100,0,47.95,4795,,0,0,,0,0,4795,,2026-08-31 09:33:32,2026-09-15 18:24:05,,1,0,47.85,4785
3637,1267,4,,,200,0,47.95,9590,,0,0,,0,0,9590,,2026-08-31 09:33:32,2026-09-15 18:24:05,,1,0,47.85,9570
3638,1268,1,,,250,0,47.95,11987.5,,0,0,,0,0,11987.5,,2026-08-31 09:34:12,2026-09-15 18:24:05,,1,0,47.85,11962.5
3639,1268,2,,,190,0,47.95,9110.5,,0,0,,0,0,9110.5,,2026-08-31 09:34:12,2026-09-15 18:24:05,,1,0,47.85,9091.5
3640,1268,3,,,20,0,47.95,959,,0,0,,0,0,959,,2026-08-31 09:34:12,2026-09-15 18:24:05,,1,0,47.85,957
3641,1268,4,,,40,0,47.95,1918,,0,0,,0,0,1918,,2026-08-31 09:34:12,2026-09-15 18:24:05,,1,0,47.85,1914
3642,1269,1,,,250,0,47.95,11987.5,,0,0,,0,0,11987.5,,2026-08-31 09:35:05,2026-09-15 18:24:05,,1,0,47.85,11962.5
3643,1269,2,,,200,0,47.95,9590,,0,0,,0,0,9590,,2026-08-31 09:35:05,2026-09-15 18:24:05,,1,0,47.85,9570
3644,1269,3,,,30,0,47.95,1438.5,,0,0,,0,0,1438.5,,2026-08-31 09:35:05,2026-09-15 18:24:05,,1,0,47.85,1435.5
3645,1269,4,,,20,0,47.95,959,,0,0,,0,0,959,,2026-08-31 09:35:05,2026-09-15 18:24:05,,1,0,47.85,957
3646,1270,1,,,10,0,47.95,479.5,,0,0,,0,0,479.5,,2026-08-31 09:37:58,2026-09-15 18:24:05,,1,0,47.85,478.5
3647,1271,1,,,150,0,47.95,7192.5,,0,0,,0,0,7192.5,,2026-08-31 09:39:00,2026-09-15 18:24:05,,1,0,47.85,7177.5
3648,1271,2,,,70,0,47.95,3356.5,,0,0,,0,0,3356.5,,2026-08-31 09:39:00,2026-09-15 18:24:05,,1,0,47.85,3349.5
3649,1271,3,,,10,0,47.95,479.5,,0,0,,0,0,479.5,,2026-08-31 09:39:00,2026-09-15 18:24:05,,1,0,47.85,478.5
3650,1271,4,,,20,0,47.95,959,,0,0,,0,0,959,,2026-08-31 09:39:00,2026-09-15 18:24:05,,1,0,47.85,957
3651,1272,1,,,150,0,47.95,7192.5,,0,0,,0,0,7192.5,,2026-08-31 09:39:45,2026-09-15 18:24:05,,1,0,47.85,7177.5
3652,1272,2,,,60,0,47.95,2877,,0,0,,0,0,2877,,2026-08-31 09:39:45,2026-09-15 18:24:05,,1,0,47.85,2871
3653,1272,3,,,20,0,47.95,959,,0,0,,0,0,959,,2026-08-31 09:39:45,2026-09-15 18:24:05,,1,0,47.85,957
3654,1272,4,,,20,0,47.95,959,,0,0,,0,0,959,,2026-08-31 09:39:45,2026-09-15 18:24:05,,1,0,47.85,957
3655,1273,1,,,50,0,47.95,2397.5,,0,0,,0,0,2397.5,,2026-08-31 09:42:26,2026-09-15 18:24:05,,1,0,47.85,2392.5
3656,1273,2,,,20,0,47.95,959,,0,0,,0,0,959,,2026-08-31 09:42:26,2026-09-15 18:24:05,,1,0,47.85,957
3657,1273,3,,,10,0,47.95,479.5,,0,0,,0,0,479.5,,2026-08-31 09:42:26,2026-09-15 18:24:05,,1,0,47.85,478.5
3658,1273,4,,,20,0,47.95,959,,0,0,,0,0,959,,2026-08-31 09:42:26,2026-09-15 18:24:05,,1,0,47.85,957
3659,1274,1,,,500,0,47.95,23975,,0,0,,0,0,23975,,2026-08-31 09:43:48,2026-09-15 18:24:05,,1,0,47.85,23925
3660,1274,2,,,400,0,47.95,19180,,0,0,,0,0,19180,,2026-08-31 09:43:48,2026-09-15 18:24:05,,1,0,47.85,19140
3661,1274,3,,,50,0,47.95,2397.5,,0,0,,0,0,2397.5,,2026-08-31 09:43:48,2026-09-15 18:24:05,,1,0,47.85,2392.5
3662,1274,4,,,50,0,47.95,2397.5,,0,0,,0,0,2397.5,,2026-08-31 09:43:48,2026-09-15 18:24:05,,1,0,47.85,2392.5
3663,1275,1,,,100,0,47.95,4795,,0,0,,0,0,4795,,2026-08-31 09:50:36,2026-09-15 18:24:05,,1,0,47.85,4785
3664,1275,3,,,20,0,47.95,959,,0,0,,0,0,959,,2026-08-31 09:50:36,2026-09-15 18:24:05,,1,0,47.85,957
3665,1275,4,,,40,0,47.95,1918,,0,0,,0,0,1918,,2026-08-31 09:50:36,2026-09-15 18:24:05,,1,0,47.85,1914
3666,1275,2,,,140,0,47.95,6713,,0,0,,0,0,6713,,2026-08-31 09:50:36,2026-09-15 18:24:05,,1,0,47.85,6699
3667,1276,1,,,50,0,47.95,2397.5,,0,0,,0,0,2397.5,,2026-08-31 09:51:03,2026-09-15 18:24:05,,1,0,47.85,2392.5
3668,1276,3,,,10,0,47.95,479.5,,0,0,,0,0,479.5,,2026-08-31 09:51:03,2026-09-15 18:24:05,,1,0,47.85,478.5
3669,1276,4,,,20,0,47.95,959,,0,0,,0,0,959,,2026-08-31 09:51:03,2026-09-15 18:24:05,,1,0,47.85,957
3670,1276,2,,,20,0,47.95,959,,0,0,,0,0,959,,2026-08-31 09:51:03,2026-09-15 18:24:05,,1,0,47.85,957
3671,1277,1,,,60,0,47.95,2877,,0,0,,0,0,2877,,2026-08-31 09:51:42,2026-09-15 18:24:05,,1,0,47.85,2871
3672,1277,2,,,30,0,47.95,1438.5,,0,0,,0,0,1438.5,,2026-08-31 09:51:42,2026-09-15 18:24:05,,1,0,47.85,1435.5
3673,1277,4,,,10,0,47.95,479.5,,0,0,,0,0,479.5,,2026-08-31 09:51:42,2026-09-15 18:24:05,,1,0,47.85,478.5
3674,1278,3,,,40,0,47.95,1918,,0,0,,0,0,1918,,2026-08-31 09:52:35,2026-09-15 18:24:05,,1,0,47.85,1914
3675,1278,4,,,60,0,47.95,2877,,0,0,,0,0,2877,,2026-08-31 09:52:35,2026-09-15 18:24:05,,1,0,47.85,2871
3676,1278,1,,,400,0,47.95,19180,,0,0,,0,0,19180,,2026-08-31 09:52:35,2026-09-15 18:24:05,,1,0,47.85,19140
3677,1278,2,,,200,0,47.95,9590,,0,0,,0,0,9590,,2026-08-31 09:52:35,2026-09-15 18:24:05,,1,0,47.85,9570
3678,1279,1,,,400,0,47.95,19180,,0,0,,0,0,19180,,2026-08-31 09:57:50,2026-09-15 18:24:05,,1,0,47.85,19140
3679,1279,2,,,70,0,47.95,3356.5,,0,0,,0,0,3356.5,,2026-08-31 09:57:50,2026-09-15 18:24:05,,1,0,47.85,3349.5
3680,1279,3,,,10,0,47.95,479.5,,0,0,,0,0,479.5,,2026-08-31 09:57:50,2026-09-15 18:24:05,,1,0,47.85,478.5
3681,1279,4,,,20,0,47.95,959,,0,0,,0,0,959,,2026-08-31 09:57:50,2026-09-15 18:24:05,,1,0,47.85,957
3682,1280,1,,,150,0,47.95,7192.5,,0,0,,0,0,7192.5,,2026-08-31 10:01:17,2026-09-15 18:24:05,,1,0,47.85,7177.5
3683,1280,2,,,70,0,47.95,3356.5,,0,0,,0,0,3356.5,,2026-08-31 10:01:17,2026-09-15 18:24:05,,1,0,47.85,3349.5
3684,1280,3,,,10,0,47.95,479.5,,0,0,,0,0,479.5,,2026-08-31 10:01:17,2026-09-15 18:24:05,,1,0,47.85,478.5
3685,1280,4,,,20,0,47.95,959,,0,0,,0,0,959,,2026-08-31 10:01:17,2026-09-15 18:24:05,,1,0,47.85,957
3686,1281,1,,,150,0,47.95,7192.5,,0,0,,0,0,7192.5,,2026-08-31 10:04:37,2026-09-15 18:24:05,,1,0,47.85,7177.5
3687,1281,2,,,80,0,47.95,3836,,0,0,,0,0,3836,,2026-08-31 10:04:37,2026-09-15 18:24:05,,1,0,47.85,3828
3688,1281,4,,,20,0,47.95,959,,0,0,,0,0,959,,2026-08-31 10:04:37,2026-09-15 18:24:05,,1,0,47.85,957
3689,1282,1,,,1000,0,47.95,47950,,0,0,,0,0,47950,,2026-08-31 10:05:35,2026-09-15 18:24:05,,1,0,47.85,47850
3690,1282,2,,,1000,0,47.95,47950,,0,0,,0,0,47950,,2026-08-31 10:05:35,2026-09-15 18:24:05,,1,0,47.85,47850
3691,1282,3,,,100,0,47.95,4795,,0,0,,0,0,4795,,2026-08-31 10:05:35,2026-09-15 18:24:05,,1,0,47.85,4785
3692,1282,4,,,100,0,47.95,4795,,0,0,,0,0,4795,,2026-08-31 10:05:35,2026-09-15 18:24:06,,1,0,47.85,4785
3693,1283,1,,,1000,0,47.95,47950,,0,0,,0,0,47950,,2026-08-31 10:07:10,2026-09-15 18:24:06,,1,0,47.85,47850
3694,1283,2,,,250,0,47.95,11987.5,,0,0,,0,0,11987.5,,2026-08-31 10:07:10,2026-09-15 18:24:06,,1,0,47.85,11962.5
3695,1283,4,,,250,0,47.95,11987.5,,0,0,,0,0,11987.5,,2026-08-31 10:07:10,2026-09-15 18:24:06,,1,0,47.85,11962.5
3696,1284,1,,,120,0,47.95,5754,,0,0,,0,0,5754,,2026-08-31 10:07:12,2026-09-15 18:24:06,,1,0,47.85,5742
3697,1284,2,,,70,0,47.95,3356.5,,0,0,,0,0,3356.5,,2026-08-31 10:07:12,2026-09-15 18:24:06,,1,0,47.85,3349.5
3698,1284,3,,,20,0,47.95,959,,0,0,,0,0,959,,2026-08-31 10:07:12,2026-09-15 18:24:06,,1,0,47.85,957
3699,1284,4,,,40,0,47.95,1918,,0,0,,0,0,1918,,2026-08-31 10:07:12,2026-09-15 18:24:06,,1,0,47.85,1914
3700,1285,1,,,500,0,47.95,23975,,0,0,,0,0,23975,,2026-08-31 10:09:22,2026-09-15 18:24:06,,1,0,47.85,23925
3701,1285,2,,,600,0,47.95,28770,,0,0,,0,0,28770,,2026-08-31 10:09:22,2026-09-15 18:24:06,,1,0,47.85,28710
3702,1285,3,,,70,0,47.95,3356.5,,0,0,,0,0,3356.5,,2026-08-31 10:09:22,2026-09-15 18:24:06,,1,0,47.85,3349.5
3703,1285,4,,,80,0,47.95,3836,,0,0,,0,0,3836,,2026-08-31 10:09:22,2026-09-15 18:24:06,,1,0,47.85,3828
3704,1286,1,,,100,0,47.95,4795,,0,0,,0,0,4795,,2026-08-31 10:15:43,2026-09-15 18:24:06,,1,0,47.85,4785
3705,1286,2,,,70,0,47.95,3356.5,,0,0,,0,0,3356.5,,2026-08-31 10:15:43,2026-09-15 18:24:06,,1,0,47.85,3349.5
3706,1286,3,,,10,0,47.95,479.5,,0,0,,0,0,479.5,,2026-08-31 10:15:43,2026-09-15 18:24:06,,1,0,47.85,478.5
3707,1286,4,,,20,0,47.95,959,,0,0,,0,0,959,,2026-08-31 10:15:43,2026-09-15 18:24:06,,1,0,47.85,957
3708,1287,1,,,300,0,47.95,14385,,0,0,,0,0,14385,,2026-08-31 10:20:59,2026-09-15 18:24:06,,1,0,47.85,14355
3709,1287,2,,,200,0,47.95,9590,,0,0,,0,0,9590,,2026-08-31 10:20:59,2026-09-15 18:24:06,,1,0,47.85,9570
3710,1287,3,,,50,0,47.95,2397.5,,0,0,,0,0,2397.5,,2026-08-31 10:20:59,2026-09-15 18:24:06,,1,0,47.85,2392.5
3711,1287,4,,,70,0,47.95,3356.5,,0,0,,0,0,3356.5,,2026-08-31 10:20:59,2026-09-15 18:24:06,,1,0,47.85,3349.5
3712,1288,3,,,150,0,47.95,7192.5,,0,0,,0,0,7192.5,,2026-08-31 10:22:20,2026-09-15 18:24:06,,1,0,47.85,7177.5
3713,1288,4,,,150,0,47.95,7192.5,,0,0,,0,0,7192.5,,2026-08-31 10:22:20,2026-09-15 18:24:06,,1,0,47.85,7177.5
3714,1288,2,,,600,0,47.95,28770,,0,0,,0,0,28770,,2026-08-31 10:22:20,2026-09-15 18:24:06,,1,0,47.85,28710
3715,1288,1,,,2500,0,47.95,119875,,0,0,,0,0,119875,,2026-08-31 10:22:20,2026-09-15 18:24:06,,1,0,47.85,119625
3716,1289,1,,,600,0,47.95,28770,,0,0,,0,0,28770,,2026-08-31 10:23:09,2026-08-31 10:24:14,2026-08-31 10:24:14,1,0,47.85,28710
3717,1289,2,,,300,0,47.95,14385,,0,0,,0,0,14385,,2026-08-31 10:23:09,2026-08-31 10:24:14,2026-08-31 10:24:14,1,0,47.85,14355
3718,1289,3,,,50,0,47.95,2397.5,,0,0,,0,0,2397.5,,2026-08-31 10:23:09,2026-08-31 10:24:14,2026-08-31 10:24:14,1,0,47.85,2392.5
3719,1289,4,,,50,0,47.95,2397.5,,0,0,,0,0,2397.5,,2026-08-31 10:23:09,2026-08-31 10:24:14,2026-08-31 10:24:14,1,0,47.85,2392.5
3720,1289,1,,,600,0,47.95,28770,,0,0,,0,0,28770,,2026-08-31 10:24:14,2026-09-15 18:24:06,,1,0,47.85,28710
3721,1289,2,,,400,0,47.95,19180,,0,0,,0,0,19180,,2026-08-31 10:24:14,2026-09-15 18:24:06,,1,0,47.85,19140
3722,1289,3,,,50,0,47.95,2397.5,,0,0,,0,0,2397.5,,2026-08-31 10:24:14,2026-09-15 18:24:06,,1,0,47.85,2392.5
3723,1289,4,,,50,0,47.95,2397.5,,0,0,,0,0,2397.5,,2026-08-31 10:24:14,2026-09-15 18:24:06,,1,0,47.85,2392.5
3724,1290,1,,,300,0,47.95,14385,,0,0,,0,0,14385,,2026-08-31 10:28:06,2026-09-15 18:24:06,,1,0,47.85,14355
3725,1290,2,,,250,0,47.95,11987.5,,0,0,,0,0,11987.5,,2026-08-31 10:28:06,2026-09-15 18:24:06,,1,0,47.85,11962.5
3726,1290,3,,,20,0,47.95,959,,0,0,,0,0,959,,2026-08-31 10:28:06,2026-09-15 18:24:06,,1,0,47.85,957
3727,1290,4,,,30,0,47.95,1438.5,,0,0,,0,0,1438.5,,2026-08-31 10:28:06,2026-09-15 18:24:06,,1,0,47.85,1435.5
3728,1291,1,,,400,0,47.95,19180,,0,0,,0,0,19180,,2026-08-31 10:31:17,2026-09-15 18:24:06,,1,0,47.85,19140
3729,1291,3,,,40,0,47.95,1918,,0,0,,0,0,1918,,2026-08-31 10:31:17,2026-09-15 18:24:06,,1,0,47.85,1914
3730,1291,4,,,60,0,47.95,2877,,0,0,,0,0,2877,,2026-08-31 10:31:17,2026-09-15 18:24:06,,1,0,47.85,2871
3731,1292,1,,,30,0,47.95,1438.5,,0,0,,0,0,1438.5,,2026-08-31 10:32:33,2026-09-15 18:24:06,,1,0,47.85,1435.5
3732,1292,2,,,10,0,47.95,479.5,,0,0,,0,0,479.5,,2026-08-31 10:32:33,2026-09-15 18:24:06,,1,0,47.85,478.5
3733,1292,4,,,10,0,47.95,479.5,,0,0,,0,0,479.5,,2026-08-31 10:32:33,2026-09-15 18:24:06,,1,0,47.85,478.5
3734,1293,1,,,300,0,47.95,14385,,0,0,,0,0,14385,,2026-08-31 10:34:00,2026-09-15 18:24:06,,1,0,47.85,14355
3735,1293,2,,,150,0,47.95,7192.5,,0,0,,0,0,7192.5,,2026-08-31 10:34:00,2026-09-15 18:24:06,,1,0,47.85,7177.5
3736,1293,3,,,20,0,47.95,959,,0,0,,0,0,959,,2026-08-31 10:34:00,2026-09-15 18:24:06,,1,0,47.85,957
3737,1293,4,,,30,0,47.95,1438.5,,0,0,,0,0,1438.5,,2026-08-31 10:34:00,2026-09-15 18:24:06,,1,0,47.85,1435.5
3738,1294,1,,,20,0,47.95,959,,0,0,,0,0,959,,2026-08-31 10:34:35,2026-09-15 18:24:06,,1,0,47.85,957
3739,1294,2,,,10,0,47.95,479.5,,0,0,,0,0,479.5,,2026-08-31 10:34:35,2026-09-15 18:24:06,,1,0,47.85,478.5
3740,1295,1,,,220,0,47.95,10549,,0,0,,0,0,10549,,2026-08-31 10:38:29,2026-09-15 18:24:06,,1,0,47.85,10527
3741,1295,2,,,220,0,47.95,10549,,0,0,,0,0,10549,,2026-08-31 10:38:29,2026-09-15 18:24:06,,1,0,47.85,10527
3742,1295,3,,,30,0,47.95,1438.5,,0,0,,0,0,1438.5,,2026-08-31 10:38:29,2026-09-15 18:24:06,,1,0,47.85,1435.5
3743,1295,4,,,30,0,47.95,1438.5,,0,0,,0,0,1438.5,,2026-08-31 10:38:29,2026-09-15 18:24:06,,1,0,47.85,1435.5
3744,1296,1,,,80,0,47.95,3836,,0,0,,0,0,3836,,2026-08-31 10:40:41,2026-09-15 18:24:06,,1,0,47.85,3828
3745,1296,2,,,40,0,47.95,1918,,0,0,,0,0,1918,,2026-08-31 10:40:41,2026-09-15 18:24:06,,1,0,47.85,1914
3746,1296,3,,,10,0,47.95,479.5,,0,0,,0,0,479.5,,2026-08-31 10:40:41,2026-09-15 18:24:06,,1,0,47.85,478.5
3747,1296,4,,,20,0,47.95,959,,0,0,,0,0,959,,2026-08-31 10:40:41,2026-09-15 18:24:06,,1,0,47.85,957
3748,1297,1,,,30,0,47.95,1438.5,,0,0,,0,0,1438.5,,2026-08-31 10:42:21,2026-09-15 18:24:06,,1,0,47.85,1435.5
3749,1297,2,,,10,0,47.95,479.5,,0,0,,0,0,479.5,,2026-08-31 10:42:21,2026-09-15 18:24:06,,1,0,47.85,478.5
3750,1297,4,,,10,0,47.95,479.5,,0,0,,0,0,479.5,,2026-08-31 10:42:21,2026-09-15 18:24:06,,1,0,47.85,478.5
3751,1298,1,,,40,0,47.95,1918,,0,0,,0,0,1918,,2026-08-31 10:44:40,2026-09-15 18:24:06,,1,0,47.85,1914
3752,1298,2,,,10,0,47.95,479.5,,0,0,,0,0,479.5,,2026-08-31 10:44:40,2026-09-15 18:24:06,,1,0,47.85,478.5
3753,1298,3,,,10,0,47.95,479.5,,0,0,,0,0,479.5,,2026-08-31 10:44:40,2026-09-15 18:24:06,,1,0,47.85,478.5
3754,1298,4,,,20,0,47.95,959,,0,0,,0,0,959,,2026-08-31 10:44:40,2026-09-15 18:24:07,,1,0,47.85,957
3755,1299,1,,,990,0,47.95,47470.5,,0,0,,0,0,47470.5,,2026-08-31 10:47:08,2026-09-15 18:24:07,,1,0,47.85,47371.5
3756,1299,2,,,990,0,47.95,47470.5,,0,0,,0,0,47470.5,,2026-08-31 10:47:08,2026-09-15 18:24:07,,1,0,47.85,47371.5
3757,1299,3,,,120,0,47.95,5754,,0,0,,0,0,5754,,2026-08-31 10:47:08,2026-09-15 18:24:07,,1,0,47.85,5742
3758,1299,4,,,120,0,47.95,5754,,0,0,,0,0,5754,,2026-08-31 10:47:08,2026-09-15 18:24:07,,1,0,47.85,5742
3759,1300,1,,,500,0,47.95,23975,,0,0,,0,0,23975,,2026-08-31 10:48:17,2026-09-15 18:24:07,,1,0,47.85,23925
3760,1300,2,,,50,0,47.95,2397.5,,0,0,,0,0,2397.5,,2026-08-31 10:48:17,2026-09-15 18:24:07,,1,0,47.85,2392.5
3761,1300,3,,,50,0,47.95,2397.5,,0,0,,0,0,2397.5,,2026-08-31 10:48:17,2026-09-15 18:24:07,,1,0,47.85,2392.5
3762,1300,4,,,50,0,47.95,2397.5,,0,0,,0,0,2397.5,,2026-08-31 10:48:17,2026-09-15 18:24:07,,1,0,47.85,2392.5
3763,1301,1,,,30,0,47.95,1438.5,,0,0,,0,0,1438.5,,2026-08-31 10:59:12,2026-09-15 18:24:07,,1,0,47.85,1435.5
3764,1301,2,,,20,0,47.95,959,,0,0,,0,0,959,,2026-08-31 10:59:12,2026-09-15 18:24:07,,1,0,47.85,957
3765,1301,4,,,10,0,47.95,479.5,,0,0,,0,0,479.5,,2026-08-31 10:59:12,2026-09-15 18:24:07,,1,0,47.85,478.5
3766,1302,1,,,90,0,47.95,4315.5,,0,0,,0,0,4315.5,,2026-08-31 10:59:13,2026-09-15 18:24:07,,1,0,47.85,4306.5
3767,1302,3,,,20,0,47.95,959,,0,0,,0,0,959,,2026-08-31 10:59:13,2026-09-15 18:24:07,,1,0,47.85,957
3768,1302,4,,,40,0,47.95,1918,,0,0,,0,0,1918,,2026-08-31 10:59:13,2026-09-15 18:24:07,,1,0,47.85,1914
3769,1302,2,,,50,0,47.95,2397.5,,0,0,,0,0,2397.5,,2026-08-31 10:59:13,2026-09-15 18:24:07,,1,0,47.85,2392.5
3770,1303,1,,,40,0,47.95,1918,,0,0,,0,0,1918,,2026-08-31 10:59:13,2026-09-15 18:24:07,,1,0,47.85,1914
3771,1303,2,,,20,0,47.95,959,,0,0,,0,0,959,,2026-08-31 10:59:13,2026-09-15 18:24:07,,1,0,47.85,957
3772,1303,3,,,10,0,47.95,479.5,,0,0,,0,0,479.5,,2026-08-31 10:59:13,2026-09-15 18:24:07,,1,0,47.85,478.5
3773,1303,4,,,10,0,47.95,479.5,,0,0,,0,0,479.5,,2026-08-31 10:59:13,2026-09-15 18:24:07,,1,0,47.85,478.5
3774,1304,1,,,30,0,47.95,1438.5,,0,0,,0,0,1438.5,,2026-08-31 10:59:14,2026-09-15 18:24:07,,1,0,47.85,1435.5
3775,1304,2,,,10,0,47.95,479.5,,0,0,,0,0,479.5,,2026-08-31 10:59:14,2026-09-15 18:24:07,,1,0,47.85,478.5
3776,1304,4,,,10,0,47.95,479.5,,0,0,,0,0,479.5,,2026-08-31 10:59:14,2026-09-15 18:24:07,,1,0,47.85,478.5
3777,1305,1,,,50,0,47.95,2397.5,,0,0,,0,0,2397.5,,2026-08-31 10:59:15,2026-09-15 18:24:07,,1,0,47.85,2392.5
3778,1305,2,,,20,0,47.95,959,,0,0,,0,0,959,,2026-08-31 10:59:15,2026-09-15 18:24:07,,1,0,47.85,957
3779,1305,3,,,10,0,47.95,479.5,,0,0,,0,0,479.5,,2026-08-31 10:59:15,2026-09-15 18:24:07,,1,0,47.85,478.5
3780,1305,4,,,20,0,47.95,959,,0,0,,0,0,959,,2026-08-31 10:59:15,2026-09-15 18:24:07,,1,0,47.85,957
3781,1306,1,,,130,0,47.95,6233.5,,0,0,,0,0,6233.5,,2026-08-31 10:59:16,2026-09-15 18:24:07,,1,0,47.85,6220.5
3782,1306,2,,,50,0,47.95,2397.5,,0,0,,0,0,2397.5,,2026-08-31 10:59:16,2026-09-15 18:24:07,,1,0,47.85,2392.5
3783,1306,4,,,20,0,47.95,959,,0,0,,0,0,959,,2026-08-31 10:59:16,2026-09-15 18:24:07,,1,0,47.85,957
3784,1307,1,,,30,0,47.95,1438.5,,0,0,,0,0,1438.5,,2026-08-31 10:59:17,2026-09-15 18:24:07,,1,0,47.85,1435.5
3785,1307,2,,,20,0,47.95,959,,0,0,,0,0,959,,2026-08-31 10:59:17,2026-09-15 18:24:07,,1,0,47.85,957
3786,1307,4,,,10,0,47.95,479.5,,0,0,,0,0,479.5,,2026-08-31 10:59:18,2026-09-15 18:24:07,,1,0,47.85,478.5
3787,1308,1,,,50,0,47.95,2397.5,,0,0,,0,0,2397.5,,2026-08-31 10:59:19,2026-09-15 18:24:07,,1,0,47.85,2392.5
3788,1308,2,,,20,0,47.95,959,,0,0,,0,0,959,,2026-08-31 10:59:19,2026-09-15 18:24:07,,1,0,47.85,957
3789,1308,3,,,10,0,47.95,479.5,,0,0,,0,0,479.5,,2026-08-31 10:59:19,2026-09-15 18:24:07,,1,0,47.85,478.5
3790,1308,4,,,20,0,47.95,959,,0,0,,0,0,959,,2026-08-31 10:59:19,2026-09-15 18:24:07,,1,0,47.85,957
3791,1309,1,,,100,0,47.95,4795,,0,0,,0,0,4795,,2026-08-31 10:59:21,2026-09-15 18:24:07,,1,0,47.85,4785
3792,1309,3,,,10,0,47.95,479.5,,0,0,,0,0,479.5,,2026-08-31 10:59:21,2026-09-15 18:24:07,,1,0,47.85,478.5
3793,1309,4,,,20,0,47.95,959,,0,0,,0,0,959,,2026-08-31 10:59:21,2026-09-15 18:24:07,,1,0,47.85,957
3794,1309,2,,,80,0,47.95,3836,,0,0,,0,0,3836,,2026-08-31 10:59:21,2026-09-15 18:24:07,,1,0,47.85,3828
3795,1310,3,,,20,0,47.95,959,,0,0,,0,0,959,,2026-08-31 10:59:22,2026-09-15 18:24:07,,1,0,47.85,957
3796,1310,4,,,40,0,47.95,1918,,0,0,,0,0,1918,,2026-08-31 10:59:22,2026-09-15 18:24:07,,1,0,47.85,1914
3797,1310,2,,,50,0,47.95,2397.5,,0,0,,0,0,2397.5,,2026-08-31 10:59:22,2026-09-15 18:24:07,,1,0,47.85,2392.5
3798,1310,1,,,90,0,47.95,4315.5,,0,0,,0,0,4315.5,,2026-08-31 10:59:22,2026-09-15 18:24:07,,1,0,47.85,4306.5
3799,1311,1,,,110,0,47.95,5274.5,,0,0,,0,0,5274.5,,2026-08-31 10:59:24,2026-09-15 18:24:07,,1,0,47.85,5263.5
3800,1311,2,,,60,0,47.95,2877,,0,0,,0,0,2877,,2026-08-31 10:59:24,2026-09-15 18:24:07,,1,0,47.85,2871
3801,1311,3,,,10,0,47.95,479.5,,0,0,,0,0,479.5,,2026-08-31 10:59:24,2026-09-15 18:24:07,,1,0,47.85,478.5
3802,1311,4,,,20,0,47.95,959,,0,0,,0,0,959,,2026-08-31 10:59:24,2026-09-15 18:24:07,,1,0,47.85,957
3803,1312,1,,,50,0,47.95,2397.5,,0,0,,0,0,2397.5,,2026-08-31 10:59:25,2026-09-15 18:24:07,,1,0,47.85,2392.5
3804,1312,2,,,40,0,47.95,1918,,0,0,,0,0,1918,,2026-08-31 10:59:25,2026-09-15 18:24:07,,1,0,47.85,1914
3805,1312,4,,,10,0,47.95,479.5,,0,0,,0,0,479.5,,2026-08-31 10:59:25,2026-09-15 18:24:07,,1,0,47.85,478.5
3806,1313,1,,,30,0,47.95,1438.5,,0,0,,0,0,1438.5,,2026-08-31 10:59:26,2026-09-15 18:24:07,,1,0,47.85,1435.5
3807,1313,2,,,40,0,47.95,1918,,0,0,,0,0,1918,,2026-08-31 10:59:26,2026-09-15 18:24:07,,1,0,47.85,1914
3808,1313,4,,,10,0,47.95,479.5,,0,0,,0,0,479.5,,2026-08-31 10:59:26,2026-09-15 18:24:07,,1,0,47.85,478.5
3809,1314,1,,,40,0,47.95,1918,,0,0,,0,0,1918,,2026-08-31 10:59:27,2026-09-15 18:24:08,,1,0,47.85,1914
3810,1314,2,,,20,0,47.95,959,,0,0,,0,0,959,,2026-08-31 10:59:27,2026-09-15 18:24:08,,1,0,47.85,957
3811,1314,3,,,10,0,47.95,479.5,,0,0,,0,0,479.5,,2026-08-31 10:59:27,2026-09-15 18:24:08,,1,0,47.85,478.5
3812,1314,4,,,10,0,47.95,479.5,,0,0,,0,0,479.5,,2026-08-31 10:59:27,2026-09-15 18:24:08,,1,0,47.85,478.5
3813,1315,1,,,40,0,47.95,1918,,0,0,,0,0,1918,,2026-08-31 10:59:28,2026-09-15 18:24:08,,1,0,47.85,1914
3814,1315,2,,,20,0,47.95,959,,0,0,,0,0,959,,2026-08-31 10:59:29,2026-09-15 18:24:08,,1,0,47.85,957
3815,1315,3,,,10,0,47.95,479.5,,0,0,,0,0,479.5,,2026-08-31 10:59:29,2026-09-15 18:24:08,,1,0,47.85,478.5
3816,1315,4,,,10,0,47.95,479.5,,0,0,,0,0,479.5,,2026-08-31 10:59:29,2026-09-15 18:24:08,,1,0,47.85,478.5
3817,1316,1,,,40,0,47.95,1918,,0,0,,0,0,1918,,2026-08-31 10:59:34,2026-09-15 18:24:08,,1,0,47.85,1914
3818,1316,2,,,20,0,47.95,959,,0,0,,0,0,959,,2026-08-31 10:59:34,2026-09-15 18:24:08,,1,0,47.85,957
3819,1317,1,,,20,0,47.95,959,,0,0,,0,0,959,,2026-08-31 10:59:36,2026-09-15 18:24:08,,1,0,47.85,957
3820,1317,2,,,10,0,47.95,479.5,,0,0,,0,0,479.5,,2026-08-31 10:59:36,2026-09-15 18:24:08,,1,0,47.85,478.5
3821,1317,4,,,10,0,47.95,479.5,,0,0,,0,0,479.5,,2026-08-31 10:59:36,2026-09-15 18:24:08,,1,0,47.85,478.5
3822,1318,1,,,110,0,47.95,5274.5,,0,0,,0,0,5274.5,,2026-08-31 10:59:37,2026-09-15 18:24:08,,1,0,47.85,5263.5
3823,1318,3,,,20,0,47.95,959,,0,0,,0,0,959,,2026-08-31 10:59:37,2026-09-15 18:24:08,,1,0,47.85,957
3824,1318,4,,,40,0,47.95,1918,,0,0,,0,0,1918,,2026-08-31 10:59:37,2026-09-15 18:24:08,,1,0,47.85,1914
3825,1318,2,,,80,0,47.95,3836,,0,0,,0,0,3836,,2026-08-31 10:59:37,2026-09-15 18:24:08,,1,0,47.85,3828
3826,1319,1,,,50,0,47.95,2397.5,,0,0,,0,0,2397.5,,2026-08-31 10:59:37,2026-09-15 18:24:08,,1,0,47.85,2392.5
3827,1319,2,,,30,0,47.95,1438.5,,0,0,,0,0,1438.5,,2026-08-31 10:59:37,2026-09-15 18:24:08,,1,0,47.85,1435.5
3828,1319,3,,,10,0,47.95,479.5,,0,0,,0,0,479.5,,2026-08-31 10:59:37,2026-09-15 18:24:08,,1,0,47.85,478.5
3829,1319,4,,,10,0,47.95,479.5,,0,0,,0,0,479.5,,2026-08-31 10:59:37,2026-09-15 18:24:08,,1,0,47.85,478.5
3830,1320,1,,,190,0,47.95,9110.5,,0,0,,0,0,9110.5,,2026-08-31 10:59:38,2026-09-15 18:24:08,,1,0,47.85,9091.5
3831,1320,3,,,20,0,47.95,959,,0,0,,0,0,959,,2026-08-31 10:59:38,2026-09-15 18:24:08,,1,0,47.85,957
3832,1320,4,,,40,0,47.95,1918,,0,0,,0,0,1918,,2026-08-31 10:59:38,2026-09-15 18:24:08,,1,0,47.85,1914
3833,1320,2,,,150,0,47.95,7192.5,,0,0,,0,0,7192.5,,2026-08-31 10:59:38,2026-09-15 18:24:08,,1,0,47.85,7177.5
3834,1321,3,,,20,0,47.95,959,,0,0,,0,0,959,,2026-08-31 10:59:39,2026-09-15 18:24:08,,1,0,47.85,957
3835,1321,4,,,40,0,47.95,1918,,0,0,,0,0,1918,,2026-08-31 10:59:39,2026-09-15 18:24:08,,1,0,47.85,1914
3836,1321,2,,,90,0,47.95,4315.5,,0,0,,0,0,4315.5,,2026-08-31 10:59:39,2026-09-15 18:24:08,,1,0,47.85,4306.5
3837,1321,1,,,200,0,47.95,9590,,0,0,,0,0,9590,,2026-08-31 10:59:39,2026-09-15 18:24:08,,1,0,47.85,9570
3838,1322,1,,,120,0,47.95,5754,,0,0,,0,0,5754,,2026-08-31 10:59:40,2026-09-15 18:24:08,,1,0,47.85,5742
3839,1322,2,,,150,0,47.95,7192.5,,0,0,,0,0,7192.5,,2026-08-31 10:59:40,2026-09-15 18:24:08,,1,0,47.85,7177.5
3840,1322,4,,,50,0,47.95,2397.5,,0,0,,0,0,2397.5,,2026-08-31 10:59:40,2026-09-15 18:24:08,,1,0,47.85,2392.5
3841,1322,3,,,30,0,47.95,1438.5,,0,0,,0,0,1438.5,,2026-08-31 10:59:40,2026-09-15 18:24:08,,1,0,47.85,1435.5
3842,1323,3,,,10,0,47.95,479.5,,0,0,,0,0,479.5,,2026-08-31 10:59:40,2026-09-15 18:24:08,,1,0,47.85,478.5
3843,1323,4,,,10,0,47.95,479.5,,0,0,,0,0,479.5,,2026-08-31 10:59:40,2026-09-15 18:24:08,,1,0,47.85,478.5
3844,1323,2,,,20,0,47.95,959,,0,0,,0,0,959,,2026-08-31 10:59:40,2026-09-15 18:24:08,,1,0,47.85,957
3845,1323,1,,,40,0,47.95,1918,,0,0,,0,0,1918,,2026-08-31 10:59:41,2026-09-15 18:24:08,,1,0,47.85,1914
3846,1324,1,,,20,0,47.95,959,,0,0,,0,0,959,,2026-08-31 10:59:41,2026-09-15 18:24:08,,1,0,47.85,957
3847,1324,2,,,10,0,47.95,479.5,,0,0,,0,0,479.5,,2026-08-31 10:59:41,2026-09-15 18:24:08,,1,0,47.85,478.5
3848,1324,4,,,10,0,47.95,479.5,,0,0,,0,0,479.5,,2026-08-31 10:59:41,2026-09-15 18:24:08,,1,0,47.85,478.5
3849,1325,1,,,50,0,47.95,2397.5,,0,0,,0,0,2397.5,,2026-08-31 10:59:42,2026-09-15 18:24:08,,1,0,47.85,2392.5
3850,1325,2,,,90,0,47.95,4315.5,,0,0,,0,0,4315.5,,2026-08-31 10:59:42,2026-09-15 18:24:08,,1,0,47.85,4306.5
3851,1325,4,,,10,0,47.95,479.5,,0,0,,0,0,479.5,,2026-08-31 10:59:42,2026-09-15 18:24:08,,1,0,47.85,478.5
3852,1326,4,,,10,0,47.95,479.5,,0,0,,0,0,479.5,,2026-08-31 10:59:43,2026-09-15 18:24:08,,1,0,47.85,478.5
3853,1326,3,,,10,0,47.95,479.5,,0,0,,0,0,479.5,,2026-08-31 10:59:43,2026-09-15 18:24:08,,1,0,47.85,478.5
3854,1326,2,,,20,0,47.95,959,,0,0,,0,0,959,,2026-08-31 10:59:43,2026-09-15 18:24:08,,1,0,47.85,957
3855,1326,1,,,20,0,47.95,959,,0,0,,0,0,959,,2026-08-31 10:59:43,2026-09-15 18:24:08,,1,0,47.85,957
3856,1327,3,,,30,0,47.95,1438.5,,0,0,,0,0,1438.5,,2026-08-31 10:59:44,2026-09-15 18:24:08,,1,0,47.85,1435.5
3857,1327,4,,,50,0,47.95,2397.5,,0,0,,0,0,2397.5,,2026-08-31 10:59:44,2026-09-15 18:24:08,,1,0,47.85,2392.5
3858,1327,2,,,100,0,47.95,4795,,0,0,,0,0,4795,,2026-08-31 10:59:44,2026-09-15 18:24:08,,1,0,47.85,4785
3859,1327,1,,,220,0,47.95,10549,,0,0,,0,0,10549,,2026-08-31 10:59:44,2026-09-15 18:24:08,,1,0,47.85,10527
3860,1328,3,,,30,0,47.95,1438.5,,0,0,,0,0,1438.5,,2026-08-31 10:59:45,2026-09-15 18:24:08,,1,0,47.85,1435.5
3861,1328,4,,,50,0,47.95,2397.5,,0,0,,0,0,2397.5,,2026-08-31 10:59:45,2026-09-15 18:24:08,,1,0,47.85,2392.5
3862,1328,2,,,120,0,47.95,5754,,0,0,,0,0,5754,,2026-08-31 10:59:45,2026-09-15 18:24:08,,1,0,47.85,5742
3863,1328,1,,,200,0,47.95,9590,,0,0,,0,0,9590,,2026-08-31 10:59:45,2026-09-15 18:24:08,,1,0,47.85,9570
3864,1329,3,,,20,0,47.95,959,,0,0,,0,0,959,,2026-08-31 10:59:45,2026-09-15 18:24:08,,1,0,47.85,957
3865,1329,4,,,40,0,47.95,1918,,0,0,,0,0,1918,,2026-08-31 10:59:45,2026-09-15 18:24:08,,1,0,47.85,1914
3866,1329,2,,,70,0,47.95,3356.5,,0,0,,0,0,3356.5,,2026-08-31 10:59:45,2026-09-15 18:24:09,,1,0,47.85,3349.5
3867,1329,1,,,120,0,47.95,5754,,0,0,,0,0,5754,,2026-08-31 10:59:45,2026-09-15 18:24:09,,1,0,47.85,5742
3868,1330,3,,,50,0,47.95,2397.5,,0,0,,0,0,2397.5,,2026-08-31 10:59:47,2026-08-31 11:01:15,2026-08-31 11:01:15,1,0,47.85,2392.5
3869,1330,4,,,80,0,47.95,3836,,0,0,,0,0,3836,,2026-08-31 10:59:47,2026-08-31 11:01:15,2026-08-31 11:01:15,1,0,47.85,3828
3870,1330,2,,,600,0,47.95,28770,,0,0,,0,0,28770,,2026-08-31 10:59:47,2026-08-31 11:01:15,2026-08-31 11:01:15,1,0,47.85,28710
3871,1330,1,,,210,0,47.95,10069.5,,0,0,,0,0,10069.5,,2026-08-31 10:59:47,2026-08-31 11:01:15,2026-08-31 11:01:15,1,0,47.85,10048.5
3872,1331,3,,,30,0,47.95,1438.5,,0,0,,0,0,1438.5,,2026-08-31 10:59:47,2026-09-15 18:24:09,,1,0,47.85,1435.5
3873,1331,4,,,60,0,47.95,2877,,0,0,,0,0,2877,,2026-08-31 10:59:47,2026-09-15 18:24:09,,1,0,47.85,2871
3874,1331,2,,,150,0,47.95,7192.5,,0,0,,0,0,7192.5,,2026-08-31 10:59:47,2026-09-15 18:24:09,,1,0,47.85,7177.5
3875,1331,1,,,390,0,47.95,18700.5,,0,0,,0,0,18700.5,,2026-08-31 10:59:47,2026-09-15 18:24:09,,1,0,47.85,18661.5
3876,1332,3,,,30,0,47.95,1438.5,,0,0,,0,0,1438.5,,2026-08-31 10:59:49,2026-09-15 18:24:09,,1,0,47.85,1435.5
3877,1332,4,,,60,0,47.95,2877,,0,0,,0,0,2877,,2026-08-31 10:59:49,2026-09-15 18:24:09,,1,0,47.85,2871
3878,1332,2,,,440,0,47.95,21098,,0,0,,0,0,21098,,2026-08-31 10:59:49,2026-09-15 18:24:09,,1,0,47.85,21054
3879,1332,1,,,220,0,47.95,10549,,0,0,,0,0,10549,,2026-08-31 10:59:49,2026-09-15 18:24:09,,1,0,47.85,10527
3880,1333,1,,,20,0,47.95,959,,0,0,,0,0,959,,2026-08-31 10:59:50,2026-09-15 18:24:09,,1,0,47.85,957
3881,1333,2,,,10,0,47.95,479.5,,0,0,,0,0,479.5,,2026-08-31 10:59:50,2026-09-15 18:24:09,,1,0,47.85,478.5
3882,1333,3,,,10,0,47.95,479.5,,0,0,,0,0,479.5,,2026-08-31 10:59:50,2026-09-15 18:24:09,,1,0,47.85,478.5
3883,1333,4,,,10,0,47.95,479.5,,0,0,,0,0,479.5,,2026-08-31 10:59:50,2026-09-15 18:24:09,,1,0,47.85,478.5
3884,1334,1,,,30,0,47.95,1438.5,,0,0,,0,0,1438.5,,2026-08-31 10:59:51,2026-09-15 18:24:09,,1,0,47.85,1435.5
3885,1335,3,,,10,0,47.95,479.5,,0,0,,0,0,479.5,,2026-08-31 10:59:51,2026-09-15 18:24:09,,1,0,47.85,478.5
3886,1335,4,,,20,0,47.95,959,,0,0,,0,0,959,,2026-08-31 10:59:51,2026-09-15 18:24:09,,1,0,47.85,957
3887,1335,2,,,50,0,47.95,2397.5,,0,0,,0,0,2397.5,,2026-08-31 10:59:51,2026-09-15 18:24:09,,1,0,47.85,2392.5
3888,1335,1,,,70,0,47.95,3356.5,,0,0,,0,0,3356.5,,2026-08-31 10:59:51,2026-09-15 18:24:09,,1,0,47.85,3349.5
3889,1336,3,,,50,0,47.95,2397.5,,0,0,,0,0,2397.5,,2026-08-31 10:59:52,2026-08-31 11:04:47,2026-08-31 11:04:47,1,0,47.85,2392.5
3890,1336,4,,,80,0,47.95,3836,,0,0,,0,0,3836,,2026-08-31 10:59:52,2026-08-31 11:04:47,2026-08-31 11:04:47,1,0,47.85,3828
3891,1336,2,,,370,0,47.95,17741.5,,0,0,,0,0,17741.5,,2026-08-31 10:59:52,2026-08-31 11:04:47,2026-08-31 11:04:47,1,0,47.85,17704.5
3892,1336,1,,,500,0,47.95,23975,,0,0,,0,0,23975,,2026-08-31 10:59:52,2026-08-31 11:04:47,2026-08-31 11:04:47,1,0,47.85,23925
3893,1337,3,,,10,0,47.95,479.5,,0,0,,0,0,479.5,,2026-08-31 10:59:53,2026-09-15 18:24:09,,1,0,47.85,478.5
3894,1337,4,,,20,0,47.95,959,,0,0,,0,0,959,,2026-08-31 10:59:53,2026-09-15 18:24:09,,1,0,47.85,957
3895,1337,2,,,70,0,47.95,3356.5,,0,0,,0,0,3356.5,,2026-08-31 10:59:53,2026-09-15 18:24:09,,1,0,47.85,3349.5
3896,1337,1,,,100,0,47.95,4795,,0,0,,0,0,4795,,2026-08-31 10:59:53,2026-09-15 18:24:09,,1,0,47.85,4785
3897,1338,1,,,100,0,47.95,4795,,0,0,,0,0,4795,,2026-08-31 10:59:54,2026-09-15 18:24:09,,1,0,47.85,4785
3898,1338,2,,,70,0,47.95,3356.5,,0,0,,0,0,3356.5,,2026-08-31 10:59:54,2026-09-15 18:24:09,,1,0,47.85,3349.5
3899,1338,3,,,10,0,47.95,479.5,,0,0,,0,0,479.5,,2026-08-31 10:59:54,2026-09-15 18:24:09,,1,0,47.85,478.5
3900,1338,4,,,20,0,47.95,959,,0,0,,0,0,959,,2026-08-31 10:59:54,2026-09-15 18:24:09,,1,0,47.85,957
3901,1339,2,,,50,0,47.95,2397.5,,0,0,,0,0,2397.5,,2026-08-31 10:59:54,2026-09-15 18:24:09,,1,0,47.85,2392.5
3902,1340,3,,,40,0,47.95,1918,,0,0,,0,0,1918,,2026-08-31 10:59:55,2026-09-15 18:24:09,,1,0,47.85,1914
3903,1340,4,,,80,0,47.95,3836,,0,0,,0,0,3836,,2026-08-31 10:59:55,2026-09-15 18:24:09,,1,0,47.85,3828
3904,1340,2,,,200,0,47.95,9590,,0,0,,0,0,9590,,2026-08-31 10:59:55,2026-09-15 18:24:09,,1,0,47.85,9570
3905,1340,1,,,380,0,47.95,18221,,0,0,,0,0,18221,,2026-08-31 10:59:55,2026-09-15 18:24:09,,1,0,47.85,18183
3906,1341,1,,,450,0,47.95,21577.5,,0,0,,0,0,21577.5,,2026-08-31 10:59:56,2026-09-15 18:24:09,,1,0,47.85,21532.5
3907,1341,2,,,300,0,47.95,14385,,0,0,,0,0,14385,,2026-08-31 10:59:56,2026-09-15 18:24:09,,1,0,47.85,14355
3908,1341,4,,,50,0,47.95,2397.5,,0,0,,0,0,2397.5,,2026-08-31 10:59:56,2026-09-15 18:24:09,,1,0,47.85,2392.5
3909,1342,2,,,80,0,47.95,3836,,0,0,,0,0,3836,,2026-08-31 10:59:57,2026-09-15 18:24:09,,1,0,47.85,3828
3910,1342,4,,,10,0,47.95,479.5,,0,0,,0,0,479.5,,2026-08-31 10:59:57,2026-09-15 18:24:09,,1,0,47.85,478.5
3911,1342,3,,,10,0,47.95,479.5,,0,0,,0,0,479.5,,2026-08-31 10:59:57,2026-09-15 18:24:09,,1,0,47.85,478.5
3912,1343,1,,,50,0,47.95,2397.5,,0,0,,0,0,2397.5,,2026-08-31 10:59:57,2026-09-15 18:24:09,,1,0,47.85,2392.5
3913,1343,3,,,10,0,47.95,479.5,,0,0,,0,0,479.5,,2026-08-31 10:59:57,2026-09-15 18:24:09,,1,0,47.85,478.5
3914,1343,4,,,10,0,47.95,479.5,,0,0,,0,0,479.5,,2026-08-31 10:59:57,2026-09-15 18:24:09,,1,0,47.85,478.5
3915,1343,2,,,40,0,47.95,1918,,0,0,,0,0,1918,,2026-08-31 10:59:57,2026-09-15 18:24:09,,1,0,47.85,1914
3916,1344,3,,,30,0,47.95,1438.5,,0,0,,0,0,1438.5,,2026-08-31 10:59:58,2026-09-15 18:24:09,,1,0,47.85,1435.5
3917,1344,4,,,50,0,47.95,2397.5,,0,0,,0,0,2397.5,,2026-08-31 10:59:58,2026-09-15 18:24:09,,1,0,47.85,2392.5
3918,1344,2,,,200,0,47.95,9590,,0,0,,0,0,9590,,2026-08-31 10:59:58,2026-09-15 18:24:09,,1,0,47.85,9570
3919,1344,1,,,200,0,47.95,9590,,0,0,,0,0,9590,,2026-08-31 10:59:58,2026-09-15 18:24:09,,1,0,47.85,9570
3920,1345,4,,,100,0,47.95,4795,,0,0,,0,0,4795,,2026-08-31 10:59:59,2026-09-15 18:24:09,,1,0,47.85,4785
3921,1345,3,,,100,0,47.95,4795,,0,0,,0,0,4795,,2026-08-31 10:59:59,2026-09-15 18:24:09,,1,0,47.85,4785
3922,1345,2,,,1500,0,47.95,71925,,0,0,,0,0,71925,,2026-08-31 10:59:59,2026-09-15 18:24:09,,1,0,47.85,71775
3923,1345,1,,,800,0,47.95,38360,,0,0,,0,0,38360,,2026-08-31 10:59:59,2026-09-15 18:24:09,,1,0,47.85,38280
3924,1346,1,,,30,0,47.95,1438.5,,0,0,,0,0,1438.5,,2026-08-31 11:00:00,2026-09-15 18:24:09,,1,0,47.85,1435.5
3925,1346,2,,,10,0,47.95,479.5,,0,0,,0,0,479.5,,2026-08-31 11:00:00,2026-09-15 18:24:09,,1,0,47.85,478.5
3926,1346,4,,,10,0,47.95,479.5,,0,0,,0,0,479.5,,2026-08-31 11:00:00,2026-09-15 18:24:09,,1,0,47.85,478.5
3927,1347,3,,,20,0,47.95,959,,0,0,,0,0,959,,2026-08-31 11:00:01,2026-09-15 18:24:09,,1,0,47.85,957
3928,1347,4,,,30,0,47.95,1438.5,,0,0,,0,0,1438.5,,2026-08-31 11:00:01,2026-09-15 18:24:09,,1,0,47.85,1435.5
3929,1347,2,,,100,0,47.95,4795,,0,0,,0,0,4795,,2026-08-31 11:00:01,2026-09-15 18:24:09,,1,0,47.85,4785
3930,1347,1,,,100,0,47.95,4795,,0,0,,0,0,4795,,2026-08-31 11:00:01,2026-09-15 18:24:09,,1,0,47.85,4785
3931,1348,3,,,20,0,47.95,959,,0,0,,0,0,959,,2026-08-31 11:00:02,2026-09-15 18:24:09,,1,0,47.85,957
3932,1348,4,,,40,0,47.95,1918,,0,0,,0,0,1918,,2026-08-31 11:00:02,2026-09-15 18:24:09,,1,0,47.85,1914
3933,1348,2,,,100,0,47.95,4795,,0,0,,0,0,4795,,2026-08-31 11:00:02,2026-09-15 18:24:09,,1,0,47.85,4785
3934,1348,1,,,150,0,47.95,7192.5,,0,0,,0,0,7192.5,,2026-08-31 11:00:02,2026-09-15 18:24:09,,1,0,47.85,7177.5
3935,1349,4,,,120,0,47.95,5754,,0,0,,0,0,5754,,2026-08-31 11:00:02,2026-09-15 18:24:09,,1,0,47.85,5742
3936,1349,2,,,880,0,47.95,42196,,0,0,,0,0,42196,,2026-08-31 11:00:02,2026-09-15 18:24:09,,1,0,47.85,42108
3937,1349,1,,,1000,0,47.95,47950,,0,0,,0,0,47950,,2026-08-31 11:00:02,2026-09-15 18:24:09,,1,0,47.85,47850
3938,1350,4,,,20,0,47.95,959,,0,0,,0,0,959,,2026-08-31 11:00:03,2026-09-15 18:24:09,,1,0,47.85,957
3939,1350,3,,,30,0,47.95,1438.5,,0,0,,0,0,1438.5,,2026-08-31 11:00:03,2026-09-15 18:24:09,,1,0,47.85,1435.5
3940,1350,1,,,220,0,47.95,10549,,0,0,,0,0,10549,,2026-08-31 11:00:03,2026-09-15 18:24:09,,1,0,47.85,10527
3941,1330,3,,,70,0,47.95,3356.5,,0,0,,0,0,3356.5,,2026-08-31 11:01:15,2026-09-15 18:24:09,,1,0,47.85,3349.5
3942,1330,4,,,80,0,47.95,3836,,0,0,,0,0,3836,,2026-08-31 11:01:15,2026-09-15 18:24:10,,1,0,47.85,3828
3943,1330,2,,,850,0,47.95,40757.5,,0,0,,0,0,40757.5,,2026-08-31 11:01:15,2026-09-15 18:24:10,,1,0,47.85,40672.5
3944,1330,1,,,210,0,47.95,10069.5,,0,0,,0,0,10069.5,,2026-08-31 11:01:15,2026-09-15 18:24:10,,1,0,47.85,10048.5
3945,1336,3,,,50,0,47.95,2397.5,,0,0,,0,0,2397.5,,2026-08-31 11:04:47,2026-09-15 18:24:10,,1,0,47.85,2392.5
3946,1336,4,,,80,0,47.95,3836,,0,0,,0,0,3836,,2026-08-31 11:04:47,2026-09-15 18:24:10,,1,0,47.85,3828
3947,1336,2,,,370,0,47.95,17741.5,,0,0,,0,0,17741.5,,2026-08-31 11:04:47,2026-09-15 18:24:10,,1,0,47.85,17704.5
3948,1336,1,,,790,0,47.95,37880.5,,0,0,,0,0,37880.5,,2026-08-31 11:04:47,2026-09-15 18:24:10,,1,0,47.85,37801.5
3949,1351,1,,,120,0,47.95,5754,,0,0,,0,0,5754,,2026-08-31 11:09:03,2026-09-15 18:24:10,,1,0,47.85,5742
3950,1351,2,,,60,0,47.95,2877,,0,0,,0,0,2877,,2026-08-31 11:09:03,2026-09-15 18:24:10,,1,0,47.85,2871
3951,1351,3,,,10,0,47.95,479.5,,0,0,,0,0,479.5,,2026-08-31 11:09:03,2026-09-15 18:24:10,,1,0,47.85,478.5
3952,1351,4,,,20,0,47.95,959,,0,0,,0,0,959,,2026-08-31 11:09:03,2026-09-15 18:24:10,,1,0,47.85,957
3953,1352,1,,,70,0,47.95,3356.5,,0,0,,0,0,3356.5,,2026-08-31 11:16:13,2026-09-15 18:24:10,,1,0,47.85,3349.5
3954,1352,3,,,10,0,47.95,479.5,,0,0,,0,0,479.5,,2026-08-31 11:16:13,2026-09-15 18:24:10,,1,0,47.85,478.5
3955,1352,4,,,20,0,47.95,959,,0,0,,0,0,959,,2026-08-31 11:16:13,2026-09-15 18:24:10,,1,0,47.85,957
3956,1352,2,,,60,0,47.95,2877,,0,0,,0,0,2877,,2026-08-31 11:16:13,2026-09-15 18:24:10,,1,0,47.85,2871
3957,1353,1,,,80,0,47.95,3836,,0,0,,0,0,3836,,2026-08-31 11:20:03,2026-09-15 18:24:10,,1,0,47.85,3828
3958,1353,3,,,10,0,47.95,479.5,,0,0,,0,0,479.5,,2026-08-31 11:20:03,2026-09-15 18:24:10,,1,0,47.85,478.5
3959,1353,4,,,10,0,47.95,479.5,,0,0,,0,0,479.5,,2026-08-31 11:20:03,2026-09-15 18:24:10,,1,0,47.85,478.5
3960,1353,2,,,50,0,47.95,2397.5,,0,0,,0,0,2397.5,,2026-08-31 11:20:03,2026-09-15 18:24:10,,1,0,47.85,2392.5
3961,1354,1,,,3600,0,47.95,172620,,0,0,,0,0,172620,,2026-08-31 11:28:14,2026-09-15 18:24:10,,1,0,47.85,172260
3962,1354,2,,,1500,0,47.95,71925,,0,0,,0,0,71925,,2026-08-31 11:28:14,2026-09-15 18:24:10,,1,0,47.85,71775
3963,1354,3,,,250,0,47.95,11987.5,,0,0,,0,0,11987.5,,2026-08-31 11:28:14,2026-09-15 18:24:10,,1,0,47.85,11962.5
3964,1354,4,,,150,0,47.95,7192.5,,0,0,,0,0,7192.5,,2026-08-31 11:28:14,2026-09-15 18:24:10,,1,0,47.85,7177.5
3965,1355,1,,,80,0,47.95,3836,,0,0,,0,0,3836,,2026-08-31 11:31:36,2026-09-15 18:24:10,,1,0,47.85,3828
3966,1355,3,,,10,0,47.95,479.5,,0,0,,0,0,479.5,,2026-08-31 11:31:36,2026-09-15 18:24:10,,1,0,47.85,478.5
3967,1355,4,,,10,0,47.95,479.5,,0,0,,0,0,479.5,,2026-08-31 11:31:36,2026-09-15 18:24:10,,1,0,47.85,478.5
3968,1355,2,,,70,0,47.95,3356.5,,0,0,,0,0,3356.5,,2026-08-31 11:31:36,2026-09-15 18:24:10,,1,0,47.85,3349.5
3969,1356,1,1,1,5000,0,47.85,239250,,0,0,,0,0,239250,,2026-08-31 11:35:24,2026-09-15 18:24:10,,1,0,47.85,239250
3970,1356,2,1,1,5000,0,47.85,239250,,0,0,,0,0,239250,,2026-08-31 11:35:24,2026-09-15 18:24:10,,1,0,47.85,239250
3971,1357,1,,,40,0,47.95,1918,,0,0,,0,0,1918,,2026-08-31 11:37:53,2026-09-15 18:24:10,,1,0,47.85,1914
3972,1357,2,,,10,0,47.95,479.5,,0,0,,0,0,479.5,,2026-08-31 11:37:53,2026-09-15 18:24:10,,1,0,47.85,478.5
3973,1358,1,1,1,1650,0,47.95,79117.5,,0,0,,0,0,79117.5,,2026-08-31 11:40:12,2026-09-15 18:24:10,,1,0,47.85,78952.5
3974,1358,2,1,1,1450,0,47.95,69527.5,,0,0,,0,0,69527.5,,2026-08-31 11:40:12,2026-09-15 18:24:10,,1,0,47.85,69382.5
3975,1358,3,1,1,470,0,47.95,22536.5,,0,0,,0,0,22536.5,,2026-08-31 11:40:12,2026-09-15 18:24:10,,1,0,47.85,22489.5
3976,1358,4,1,1,330,0,47.95,15823.5,,0,0,,0,0,15823.5,,2026-08-31 11:40:12,2026-09-15 18:24:10,,1,0,47.85,15790.5
3977,1359,1,1,1,1000,0,47.95,47950,,0,0,,0,0,47950,,2026-08-31 11:52:54,2026-09-15 18:24:10,,1,0,47.85,47850
3978,1359,2,1,1,240,0,47.95,11508,,0,0,,0,0,11508,,2026-08-31 11:52:54,2026-09-15 18:24:10,,1,0,47.85,11484
3979,1359,3,1,1,300,0,47.95,14385,,0,0,,0,0,14385,,2026-08-31 11:52:54,2026-09-15 18:24:10,,1,0,47.85,14355
3980,1359,4,1,1,500,0,47.95,23975,,0,0,,0,0,23975,,2026-08-31 11:52:54,2026-09-15 18:24:10,,1,0,47.85,23925
3981,1360,1,1,1,3380,0,47.95,162071,,0,0,,0,0,162071,,2026-08-31 11:57:30,2026-09-15 18:24:10,,1,0,47.85,161733
3982,1360,2,1,1,2050,0,47.95,98297.5,,0,0,,0,0,98297.5,,2026-08-31 11:57:30,2026-09-15 18:24:10,,1,0,47.85,98092.5
3983,1360,3,1,1,210,0,47.95,10069.5,,0,0,,0,0,10069.5,,2026-08-31 11:57:30,2026-09-15 18:24:10,,1,0,47.85,10048.5
3984,1360,4,1,1,0,0,47.95,0,,0,0,,0,0,0,,2026-08-31 11:57:30,2026-09-15 18:24:10,,1,0,47.85,0
3985,1361,3,,,50,0,47.95,2397.5,,0,0,,0,0,2397.5,,2026-09-01 06:55:42,2026-09-15 18:24:10,,1,0,47.85,2392.5
3986,1361,4,,,60,0,47.95,2877,,0,0,,0,0,2877,,2026-09-01 06:55:42,2026-09-15 18:24:10,,1,0,47.85,2871
3987,1361,2,,,440,0,47.95,21098,,0,0,,0,0,21098,,2026-09-01 06:55:42,2026-09-15 18:24:10,,1,0,47.85,21054
3988,1361,1,,,450,0,47.95,21577.5,,0,0,,0,0,21577.5,,2026-09-01 06:55:42,2026-09-15 18:24:10,,1,0,47.85,21532.5
3989,1362,3,,,30,0,47.95,1438.5,,0,0,,0,0,1438.5,,2026-09-01 06:58:37,2026-09-15 18:24:10,,1,0,47.85,1435.5
3990,1362,4,,,50,0,47.95,2397.5,,0,0,,0,0,2397.5,,2026-09-01 06:58:37,2026-09-15 18:24:10,,1,0,47.85,2392.5
3991,1362,2,,,180,0,47.95,8631,,0,0,,0,0,8631,,2026-09-01 06:58:37,2026-09-15 18:24:10,,1,0,47.85,8613
3992,1362,1,,,240,0,47.95,11508,,0,0,,0,0,11508,,2026-09-01 06:58:37,2026-09-15 18:24:10,,1,0,47.85,11484
3993,1363,3,,,10,0,47.95,479.5,,0,0,,0,0,479.5,,2026-09-01 07:06:54,2026-09-15 18:24:10,,1,0,47.85,478.5
3994,1363,4,,,20,0,47.95,959,,0,0,,0,0,959,,2026-09-01 07:06:54,2026-09-15 18:24:10,,1,0,47.85,957
3995,1363,2,,,50,0,47.95,2397.5,,0,0,,0,0,2397.5,,2026-09-01 07:06:54,2026-09-15 18:24:10,,1,0,47.85,2392.5
3996,1363,1,,,70,0,47.95,3356.5,,0,0,,0,0,3356.5,,2026-09-01 07:06:54,2026-09-15 18:24:10,,1,0,47.85,3349.5
3997,1364,1,,,1000,0,47.95,47950,,0,0,,0,0,47950,,2026-09-01 07:08:39,2026-09-15 18:24:10,,1,0,47.85,47850
3998,1364,2,,,500,0,47.95,23975,,0,0,,0,0,23975,,2026-09-01 07:08:39,2026-09-15 18:24:10,,1,0,47.85,23925
3999,1365,3,,,10,0,47.95,479.5,,0,0,,0,0,479.5,,2026-09-01 07:18:46,2026-09-15 18:24:10,,1,0,47.85,478.5
4000,1365,4,,,20,0,47.95,959,,0,0,,0,0,959,,2026-09-01 07:18:46,2026-09-15 18:24:10,,1,0,47.85,957
4001,1365,2,,,50,0,47.95,2397.5,,0,0,,0,0,2397.5,,2026-09-01 07:18:46,2026-09-15 18:24:10,,1,0,47.85,2392.5
4002,1365,1,,,70,0,47.95,3356.5,,0,0,,0,0,3356.5,,2026-09-01 07:18:46,2026-09-15 18:24:10,,1,0,47.85,3349.5
4003,1366,3,,,10,0,47.95,479.5,,0,0,,0,0,479.5,,2026-09-01 07:20:30,2026-09-15 18:24:10,,1,0,47.85,478.5
4004,1366,4,,,20,0,47.95,959,,0,0,,0,0,959,,2026-09-01 07:20:30,2026-09-15 18:24:10,,1,0,47.85,957
4005,1366,1,,,100,0,47.95,4795,,0,0,,0,0,4795,,2026-09-01 07:20:30,2026-09-15 18:24:10,,1,0,47.85,4785
4006,1366,2,,,80,0,47.95,3836,,0,0,,0,0,3836,,2026-09-01 07:20:30,2026-09-15 18:24:10,,1,0,47.85,3828
4007,1367,1,,,100,0,47.95,4795,,0,0,,0,0,4795,,2026-09-01 07:20:57,2026-09-01 07:49:27,2026-09-01 07:49:27,1,0,47.85,4785
4008,1367,2,,,70,0,47.95,3356.5,,0,0,,0,0,3356.5,,2026-09-01 07:20:57,2026-09-01 07:49:27,2026-09-01 07:49:27,1,0,47.85,3349.5
4009,1367,3,,,10,0,47.95,479.5,,0,0,,0,0,479.5,,2026-09-01 07:20:57,2026-09-01 07:49:27,2026-09-01 07:49:27,1,0,47.85,478.5
4010,1367,4,,,20,0,47.95,959,,0,0,,0,0,959,,2026-09-01 07:20:57,2026-09-01 07:49:27,2026-09-01 07:49:27,1,0,47.85,957
4011,1368,4,,,30,0,47.95,1438.5,,0,0,,0,0,1438.5,,2026-09-01 07:22:07,2026-09-15 18:24:11,,1,0,47.85,1435.5
4012,1368,1,,,190,0,47.95,9110.5,,0,0,,0,0,9110.5,,2026-09-01 07:22:07,2026-09-15 18:24:11,,1,0,47.85,9091.5
4013,1368,2,,,250,0,47.95,11987.5,,0,0,,0,0,11987.5,,2026-09-01 07:22:07,2026-09-15 18:24:11,,1,0,47.85,11962.5
4014,1368,3,,,30,0,47.95,1438.5,,0,0,,0,0,1438.5,,2026-09-01 07:22:07,2026-09-15 18:24:11,,1,0,47.85,1435.5
4015,1369,1,,,120,0,47.95,5754,,0,0,,0,0,5754,,2026-09-01 07:27:28,2026-09-02 18:34:50,2026-09-02 18:34:50,1,0,47.85,5742
4016,1369,2,,,60,0,47.95,2877,,0,0,,0,0,2877,,2026-09-01 07:27:28,2026-09-02 18:34:50,2026-09-02 18:34:50,1,0,47.85,2871
4017,1369,3,,,10,0,47.95,479.5,,0,0,,0,0,479.5,,2026-09-01 07:27:28,2026-09-02 18:34:50,2026-09-02 18:34:50,1,0,47.85,478.5
4018,1369,4,,,20,0,47.95,959,,0,0,,0,0,959,,2026-09-01 07:27:28,2026-09-02 18:34:50,2026-09-02 18:34:50,1,0,47.85,957
4019,1370,1,,,230,0,47.95,11028.5,,0,0,,0,0,11028.5,,2026-09-01 07:29:07,2026-09-15 18:24:11,,1,0,47.85,11005.5
4020,1370,2,,,650,0,47.95,31167.5,,0,0,,0,0,31167.5,,2026-09-01 07:29:07,2026-09-15 18:24:11,,1,0,47.85,31102.5
4021,1370,3,,,50,0,47.95,2397.5,,0,0,,0,0,2397.5,,2026-09-01 07:29:07,2026-09-15 18:24:11,,1,0,47.85,2392.5
4022,1370,4,,,70,0,47.95,3356.5,,0,0,,0,0,3356.5,,2026-09-01 07:29:07,2026-09-15 18:24:11,,1,0,47.85,3349.5
4023,1371,1,,,150,0,47.95,7192.5,,0,0,,0,0,7192.5,,2026-09-01 07:33:13,2026-09-15 18:24:11,,1,0,47.85,7177.5
4024,1371,2,,,130,0,47.95,6233.5,,0,0,,0,0,6233.5,,2026-09-01 07:33:13,2026-09-15 18:24:11,,1,0,47.85,6220.5
4025,1371,3,,,10,0,47.95,479.5,,0,0,,0,0,479.5,,2026-09-01 07:33:13,2026-09-15 18:24:11,,1,0,47.85,478.5
4026,1371,4,,,20,0,47.95,959,,0,0,,0,0,959,,2026-09-01 07:33:13,2026-09-15 18:24:11,,1,0,47.85,957
4027,1372,1,,,300,0,47.95,14385,,0,0,,0,0,14385,,2026-09-01 07:34:21,2026-09-15 18:24:11,,1,0,47.85,14355
4028,1372,2,,,150,0,47.95,7192.5,,0,0,,0,0,7192.5,,2026-09-01 07:34:21,2026-09-15 18:24:11,,1,0,47.85,7177.5
4029,1372,3,,,20,0,47.95,959,,0,0,,0,0,959,,2026-09-01 07:34:21,2026-09-15 18:24:11,,1,0,47.85,957
4030,1372,4,,,30,0,47.95,1438.5,,0,0,,0,0,1438.5,,2026-09-01 07:34:21,2026-09-15 18:24:11,,1,0,47.85,1435.5
4031,1373,1,,,500,0,47.95,23975,,0,0,,0,0,23975,,2026-09-01 07:38:13,2026-09-15 18:24:11,,1,0,47.85,23925
4032,1373,2,,,400,0,47.95,19180,,0,0,,0,0,19180,,2026-09-01 07:38:13,2026-09-15 18:24:11,,1,0,47.85,19140
4033,1373,3,,,50,0,47.95,2397.5,,0,0,,0,0,2397.5,,2026-09-01 07:38:13,2026-09-15 18:24:11,,1,0,47.85,2392.5
4034,1373,4,,,50,0,47.95,2397.5,,0,0,,0,0,2397.5,,2026-09-01 07:38:13,2026-09-15 18:24:11,,1,0,47.85,2392.5
4035,1374,1,,,340,0,47.95,16303,,0,0,,0,0,16303,,2026-09-01 07:42:34,2026-09-15 18:24:11,,1,0,47.85,16269
4036,1374,3,,,30,0,47.95,1438.5,,0,0,,0,0,1438.5,,2026-09-01 07:42:34,2026-09-15 18:24:11,,1,0,47.85,1435.5
4037,1374,4,,,50,0,47.95,2397.5,,0,0,,0,0,2397.5,,2026-09-01 07:42:34,2026-09-15 18:24:11,,1,0,47.85,2392.5
4038,1374,2,,,300,0,47.95,14385,,0,0,,0,0,14385,,2026-09-01 07:42:34,2026-09-15 18:24:11,,1,0,47.85,14355
4039,1375,1,,,300,0,47.95,14385,,0,0,,0,0,14385,,2026-09-01 07:46:08,2026-09-15 18:24:11,,1,0,47.85,14355
4040,1375,2,,,150,0,47.95,7192.5,,0,0,,0,0,7192.5,,2026-09-01 07:46:08,2026-09-15 18:24:11,,1,0,47.85,7177.5
4041,1375,3,,,20,0,47.95,959,,0,0,,0,0,959,,2026-09-01 07:46:08,2026-09-15 18:24:11,,1,0,47.85,957
4042,1375,4,,,30,0,47.95,1438.5,,0,0,,0,0,1438.5,,2026-09-01 07:46:08,2026-09-15 18:24:11,,1,0,47.85,1435.5
4043,1367,1,,,220,0,47.95,10549,,0,0,,0,0,10549,,2026-09-01 07:49:27,2026-09-15 18:24:11,,1,0,47.85,10527
4044,1367,2,,,140,0,47.95,6713,,0,0,,0,0,6713,,2026-09-01 07:49:27,2026-09-15 18:24:11,,1,0,47.85,6699
4045,1367,3,,,20,0,47.95,959,,0,0,,0,0,959,,2026-09-01 07:49:27,2026-09-15 18:24:11,,1,0,47.85,957
4046,1367,4,,,40,0,47.95,1918,,0,0,,0,0,1918,,2026-09-01 07:49:27,2026-09-15 18:24:11,,1,0,47.85,1914
4047,1376,1,,,600,0,47.95,28770,,0,0,,0,0,28770,,2026-09-01 07:49:27,2026-09-15 18:24:11,,1,0,47.85,28710
4048,1376,3,,,50,0,47.95,2397.5,,0,0,,0,0,2397.5,,2026-09-01 07:49:27,2026-09-15 18:24:11,,1,0,47.85,2392.5
4049,1376,4,,,60,0,47.95,2877,,0,0,,0,0,2877,,2026-09-01 07:49:27,2026-09-15 18:24:11,,1,0,47.85,2871
4050,1376,2,,,290,0,47.95,13905.5,,0,0,,0,0,13905.5,,2026-09-01 07:49:27,2026-09-15 18:24:11,,1,0,47.85,13876.5
4051,1377,3,,,10,0,47.95,479.5,,0,0,,0,0,479.5,,2026-09-01 07:49:28,2026-09-15 18:24:11,,1,0,47.85,478.5
4052,1377,4,,,20,0,47.95,959,,0,0,,0,0,959,,2026-09-01 07:49:28,2026-09-15 18:24:11,,1,0,47.85,957
4053,1377,1,,,160,0,47.95,7672,,0,0,,0,0,7672,,2026-09-01 07:49:28,2026-09-15 18:24:11,,1,0,47.85,7656
4054,1377,2,,,60,0,47.95,2877,,0,0,,0,0,2877,,2026-09-01 07:49:28,2026-09-15 18:24:11,,1,0,47.85,2871
4055,1378,3,,,10,0,47.95,479.5,,0,0,,0,0,479.5,,2026-09-01 07:49:29,2026-09-15 18:24:11,,1,0,47.85,478.5
4056,1378,4,,,20,0,47.95,959,,0,0,,0,0,959,,2026-09-01 07:49:29,2026-09-15 18:24:11,,1,0,47.85,957
4057,1378,1,,,80,0,47.95,3836,,0,0,,0,0,3836,,2026-09-01 07:49:29,2026-09-15 18:24:11,,1,0,47.85,3828
4058,1378,2,,,40,0,47.95,1918,,0,0,,0,0,1918,,2026-09-01 07:49:29,2026-09-15 18:24:11,,1,0,47.85,1914
4059,1379,1,,,30,0,47.95,1438.5,,0,0,,0,0,1438.5,,2026-09-01 07:49:30,2026-09-15 18:24:11,,1,0,47.85,1435.5
4060,1379,2,,,10,0,47.95,479.5,,0,0,,0,0,479.5,,2026-09-01 07:49:30,2026-09-15 18:24:11,,1,0,47.85,478.5
4061,1380,1,,,180,0,47.95,8631,,0,0,,0,0,8631,,2026-09-01 07:49:31,2026-09-15 18:24:11,,1,0,47.85,8613
4062,1380,3,,,10,0,47.95,479.5,,0,0,,0,0,479.5,,2026-09-01 07:49:31,2026-09-15 18:24:11,,1,0,47.85,478.5
4063,1380,4,,,20,0,47.95,959,,0,0,,0,0,959,,2026-09-01 07:49:31,2026-09-15 18:24:11,,1,0,47.85,957
4064,1380,2,,,100,0,47.95,4795,,0,0,,0,0,4795,,2026-09-01 07:49:31,2026-09-15 18:24:11,,1,0,47.85,4785
4065,1381,1,,,80,0,47.95,3836,,0,0,,0,0,3836,,2026-09-01 07:49:31,2026-09-15 18:24:11,,1,0,47.85,3828
4066,1381,3,,,10,0,47.95,479.5,,0,0,,0,0,479.5,,2026-09-01 07:49:31,2026-09-15 18:24:11,,1,0,47.85,478.5
4067,1381,4,,,10,0,47.95,479.5,,0,0,,0,0,479.5,,2026-09-01 07:49:31,2026-09-15 18:24:11,,1,0,47.85,478.5
4068,1381,2,,,50,0,47.95,2397.5,,0,0,,0,0,2397.5,,2026-09-01 07:49:31,2026-09-15 18:24:11,,1,0,47.85,2392.5
4069,1382,3,,,10,0,47.95,479.5,,0,0,,0,0,479.5,,2026-09-01 07:49:32,2026-09-15 18:24:11,,1,0,47.85,478.5
4070,1382,4,,,20,0,47.95,959,,0,0,,0,0,959,,2026-09-01 07:49:32,2026-09-15 18:24:11,,1,0,47.85,957
4071,1382,1,,,100,0,47.95,4795,,0,0,,0,0,4795,,2026-09-01 07:49:32,2026-09-15 18:24:11,,1,0,47.85,4785
4072,1382,2,,,70,0,47.95,3356.5,,0,0,,0,0,3356.5,,2026-09-01 07:49:32,2026-09-15 18:24:11,,1,0,47.85,3349.5
4073,1383,3,,,10,0,47.95,479.5,,0,0,,0,0,479.5,,2026-09-01 07:49:33,2026-09-15 18:24:11,,1,0,47.85,478.5
4074,1383,4,,,20,0,47.95,959,,0,0,,0,0,959,,2026-09-01 07:49:33,2026-09-15 18:24:11,,1,0,47.85,957
4075,1383,1,,,130,0,47.95,6233.5,,0,0,,0,0,6233.5,,2026-09-01 07:49:33,2026-09-15 18:24:11,,1,0,47.85,6220.5
4076,1383,2,,,90,0,47.95,4315.5,,0,0,,0,0,4315.5,,2026-09-01 07:49:33,2026-09-15 18:24:11,,1,0,47.85,4306.5
4077,1384,1,,,500,0,47.95,23975,,0,0,,0,0,23975,,2026-09-01 07:49:34,2026-09-15 18:24:11,,1,0,47.85,23925
4078,1384,2,,,500,0,47.95,23975,,0,0,,0,0,23975,,2026-09-01 07:49:34,2026-09-15 18:24:11,,1,0,47.85,23925
4079,1384,3,,,50,0,47.95,2397.5,,0,0,,0,0,2397.5,,2026-09-01 07:49:34,2026-09-15 18:24:11,,1,0,47.85,2392.5
4080,1384,4,,,50,0,47.95,2397.5,,0,0,,0,0,2397.5,,2026-09-01 07:49:34,2026-09-15 18:24:11,,1,0,47.85,2392.5
4081,1385,1,,,600,0,47.95,28770,,0,0,,0,0,28770,,2026-09-01 07:51:56,2026-09-15 18:24:11,,1,0,47.85,28710
4082,1385,2,,,300,0,47.95,14385,,0,0,,0,0,14385,,2026-09-01 07:51:56,2026-09-15 18:24:11,,1,0,47.85,14355
4083,1385,3,,,50,0,47.95,2397.5,,0,0,,0,0,2397.5,,2026-09-01 07:51:56,2026-09-15 18:24:11,,1,0,47.85,2392.5
4084,1385,4,,,50,0,47.95,2397.5,,0,0,,0,0,2397.5,,2026-09-01 07:51:56,2026-09-15 18:24:12,,1,0,47.85,2392.5
4085,1386,3,,,30,0,47.95,1438.5,,0,0,,0,0,1438.5,,2026-09-01 07:52:46,2026-09-15 18:24:12,,1,0,47.85,1435.5
4086,1386,4,,,40,0,47.95,1918,,0,0,,0,0,1918,,2026-09-01 07:52:46,2026-09-15 18:24:12,,1,0,47.85,1914
4087,1386,1,,,560,0,47.95,26852,,0,0,,0,0,26852,,2026-09-01 07:52:46,2026-09-15 18:24:12,,1,0,47.85,26796
4088,1387,1,,,140,0,47.95,6713,,0,0,,0,0,6713,,2026-09-01 07:59:35,2026-09-01 12:15:53,2026-09-01 12:15:53,1,0,47.85,6699
4089,1387,3,,,10,0,47.95,479.5,,0,0,,0,0,479.5,,2026-09-01 07:59:35,2026-09-01 12:15:53,2026-09-01 12:15:53,1,0,47.85,478.5
4090,1387,4,,,20,0,47.95,959,,0,0,,0,0,959,,2026-09-01 07:59:35,2026-09-01 12:15:53,2026-09-01 12:15:53,1,0,47.85,957
4091,1387,2,,,80,0,47.95,3836,,0,0,,0,0,3836,,2026-09-01 07:59:35,2026-09-01 12:15:53,2026-09-01 12:15:53,1,0,47.85,3828
4092,1388,1,,,400,0,47.95,19180,,0,0,,0,0,19180,,2026-09-01 08:14:54,2026-09-01 08:16:12,2026-09-01 08:16:12,1,0,47.85,19140
4093,1388,2,,,250,0,47.95,11987.5,,0,0,,0,0,11987.5,,2026-09-01 08:14:54,2026-09-01 08:16:12,2026-09-01 08:16:12,1,0,47.85,11962.5
4094,1388,3,,,50,0,47.95,2397.5,,0,0,,0,0,2397.5,,2026-09-01 08:14:54,2026-09-01 08:16:12,2026-09-01 08:16:12,1,0,47.85,2392.5
4095,1388,4,,,50,0,47.95,2397.5,,0,0,,0,0,2397.5,,2026-09-01 08:14:54,2026-09-01 08:16:12,2026-09-01 08:16:12,1,0,47.85,2392.5
4096,1388,2,,,150,0,47.95,7192.5,,0,0,,0,0,7192.5,,2026-09-01 08:16:12,2026-09-15 18:24:12,,1,0,47.85,7177.5
4097,1388,3,,,30,0,47.95,1438.5,,0,0,,0,0,1438.5,,2026-09-01 08:16:12,2026-09-15 18:24:12,,1,0,47.85,1435.5
4098,1388,4,,,70,0,47.95,3356.5,,0,0,,0,0,3356.5,,2026-09-01 08:16:12,2026-09-15 18:24:12,,1,0,47.85,3349.5
4099,1388,1,,,500,0,47.95,23975,,0,0,,0,0,23975,,2026-09-01 08:16:12,2026-09-15 18:24:12,,1,0,47.85,23925
4100,1389,1,,,150,0,47.95,7192.5,,0,0,,0,0,7192.5,,2026-09-01 08:25:40,2026-09-15 18:24:12,,1,0,47.85,7177.5
4101,1390,1,,,140,0,47.95,6713,,0,0,,0,0,6713,,2026-09-01 08:46:55,2026-09-15 18:24:12,,1,0,47.85,6699
4102,1390,2,,,80,0,47.95,3836,,0,0,,0,0,3836,,2026-09-01 08:46:55,2026-09-15 18:24:12,,1,0,47.85,3828
4103,1390,3,,,10,0,47.95,479.5,,0,0,,0,0,479.5,,2026-09-01 08:46:55,2026-09-15 18:24:12,,1,0,47.85,478.5
4104,1390,4,,,20,0,47.95,959,,0,0,,0,0,959,,2026-09-01 08:46:55,2026-09-15 18:24:12,,1,0,47.85,957
4105,1391,1,,,370,0,47.95,17741.5,,0,0,,0,0,17741.5,,2026-09-01 09:01:53,2026-09-15 18:24:12,,1,0,47.85,17704.5
4106,1391,3,,,20,0,47.95,959,,0,0,,0,0,959,,2026-09-01 09:01:53,2026-09-15 18:24:12,,1,0,47.85,957
4107,1391,4,,,30,0,47.95,1438.5,,0,0,,0,0,1438.5,,2026-09-01 09:01:54,2026-09-15 18:24:12,,1,0,47.85,1435.5
4108,1392,1,,,300,0,47.95,14385,,0,0,,0,0,14385,,2026-09-01 09:04:21,2026-09-15 18:24:12,,1,0,47.85,14355
4109,1392,2,,,150,0,47.95,7192.5,,0,0,,0,0,7192.5,,2026-09-01 09:04:21,2026-09-15 18:24:12,,1,0,47.85,7177.5
4110,1392,3,,,20,0,47.95,959,,0,0,,0,0,959,,2026-09-01 09:04:21,2026-09-15 18:24:12,,1,0,47.85,957
4111,1392,4,,,30,0,47.95,1438.5,,0,0,,0,0,1438.5,,2026-09-01 09:04:21,2026-09-15 18:24:12,,1,0,47.85,1435.5
4112,1393,1,,,400,0,47.95,19180,,0,0,,0,0,19180,,2026-09-01 09:08:23,2026-09-15 18:24:12,,1,0,47.85,19140
4113,1393,3,,,40,0,47.95,1918,,0,0,,0,0,1918,,2026-09-01 09:08:23,2026-09-15 18:24:12,,1,0,47.85,1914
4114,1393,4,,,60,0,47.95,2877,,0,0,,0,0,2877,,2026-09-01 09:08:23,2026-09-15 18:24:12,,1,0,47.85,2871
4115,1393,2,,,300,0,47.95,14385,,0,0,,0,0,14385,,2026-09-01 09:08:23,2026-09-15 18:24:12,,1,0,47.85,14355
4116,1394,1,,,500,0,47.95,23975,,0,0,,0,0,23975,,2026-09-01 09:13:09,2026-09-15 18:24:12,,1,0,47.85,23925
4117,1394,2,,,450,0,47.95,21577.5,,0,0,,0,0,21577.5,,2026-09-01 09:13:09,2026-09-15 18:24:12,,1,0,47.85,21532.5
4118,1394,3,,,20,0,47.95,959,,0,0,,0,0,959,,2026-09-01 09:13:09,2026-09-15 18:24:12,,1,0,47.85,957
4119,1394,4,,,30,0,47.95,1438.5,,0,0,,0,0,1438.5,,2026-09-01 09:13:09,2026-09-15 18:24:12,,1,0,47.85,1435.5
4120,1395,1,,,500,0,47.95,23975,,0,0,,0,0,23975,,2026-09-01 09:13:54,2026-09-15 18:24:12,,1,0,47.85,23925
4121,1395,2,,,450,0,47.95,21577.5,,0,0,,0,0,21577.5,,2026-09-01 09:13:54,2026-09-15 18:24:12,,1,0,47.85,21532.5
4122,1395,3,,,20,0,47.95,959,,0,0,,0,0,959,,2026-09-01 09:13:54,2026-09-15 18:24:12,,1,0,47.85,957
4123,1395,4,,,30,0,47.95,1438.5,,0,0,,0,0,1438.5,,2026-09-01 09:13:54,2026-09-15 18:24:12,,1,0,47.85,1435.5
4124,1396,1,,,110,0,47.95,5274.5,,0,0,,0,0,5274.5,,2026-09-01 09:20:12,2026-09-15 18:24:12,,1,0,47.85,5263.5
4125,1396,2,,,200,0,47.95,9590,,0,0,,0,0,9590,,2026-09-01 09:20:12,2026-09-15 18:24:12,,1,0,47.85,9570
4126,1396,3,,,20,0,47.95,959,,0,0,,0,0,959,,2026-09-01 09:20:12,2026-09-15 18:24:12,,1,0,47.85,957
4127,1396,4,,,20,0,47.95,959,,0,0,,0,0,959,,2026-09-01 09:20:12,2026-09-15 18:24:12,,1,0,47.85,957
4128,1397,1,,,600,0,47.95,28770,,0,0,,0,0,28770,,2026-09-01 09:33:48,2026-09-15 18:24:12,,1,0,47.85,28710
4129,1397,2,,,300,0,47.95,14385,,0,0,,0,0,14385,,2026-09-01 09:33:48,2026-09-15 18:24:12,,1,0,47.85,14355
4130,1397,3,,,40,0,47.95,1918,,0,0,,0,0,1918,,2026-09-01 09:33:48,2026-09-15 18:24:12,,1,0,47.85,1914
4131,1397,4,,,60,0,47.95,2877,,0,0,,0,0,2877,,2026-09-01 09:33:48,2026-09-15 18:24:12,,1,0,47.85,2871
4132,1398,1,,,200,0,47.95,9590,,0,0,,0,0,9590,,2026-09-01 09:35:10,2026-09-15 18:24:12,,1,0,47.85,9570
4133,1398,2,,,80,0,47.95,3836,,0,0,,0,0,3836,,2026-09-01 09:35:10,2026-09-15 18:24:12,,1,0,47.85,3828
4134,1398,3,,,10,0,47.95,479.5,,0,0,,0,0,479.5,,2026-09-01 09:35:10,2026-09-15 18:24:12,,1,0,47.85,478.5
4135,1398,4,,,20,0,47.95,959,,0,0,,0,0,959,,2026-09-01 09:35:10,2026-09-15 18:24:12,,1,0,47.85,957
4136,1399,1,,,600,0,47.95,28770,,0,0,,0,0,28770,,2026-09-01 09:54:20,2026-09-02 19:46:02,2026-09-02 19:46:02,1,0,47.85,28710
4137,1399,2,,,310,0,47.95,14864.5,,0,0,,0,0,14864.5,,2026-09-01 09:54:20,2026-09-02 19:46:02,2026-09-02 19:46:02,1,0,47.85,14833.5
4138,1399,3,,,40,0,47.95,1918,,0,0,,0,0,1918,,2026-09-01 09:54:20,2026-09-02 19:46:02,2026-09-02 19:46:02,1,0,47.85,1914
4139,1399,4,,,50,0,47.95,2397.5,,0,0,,0,0,2397.5,,2026-09-01 09:54:20,2026-09-02 19:46:02,2026-09-02 19:46:02,1,0,47.85,2392.5
4140,1400,1,,,300,0,47.95,14385,,0,0,,0,0,14385,,2026-09-01 09:54:22,2026-09-15 18:24:12,,1,0,47.85,14355
4141,1400,2,,,150,0,47.95,7192.5,,0,0,,0,0,7192.5,,2026-09-01 09:54:22,2026-09-15 18:24:12,,1,0,47.85,7177.5
4142,1400,3,,,20,0,47.95,959,,0,0,,0,0,959,,2026-09-01 09:54:22,2026-09-15 18:24:12,,1,0,47.85,957
4143,1400,4,,,30,0,47.95,1438.5,,0,0,,0,0,1438.5,,2026-09-01 09:54:22,2026-09-15 18:24:12,,1,0,47.85,1435.5
4144,1401,1,,,250,0,47.95,11987.5,,0,0,,0,0,11987.5,,2026-09-01 09:54:23,2026-09-15 18:24:12,,1,0,47.85,11962.5
4145,1401,2,,,200,0,47.95,9590,,0,0,,0,0,9590,,2026-09-01 09:54:23,2026-09-15 18:24:12,,1,0,47.85,9570
4146,1401,3,,,30,0,47.95,1438.5,,0,0,,0,0,1438.5,,2026-09-01 09:54:23,2026-09-15 18:24:12,,1,0,47.85,1435.5
4147,1401,4,,,20,0,47.95,959,,0,0,,0,0,959,,2026-09-01 09:54:23,2026-09-15 18:24:12,,1,0,47.85,957
4148,1402,1,,,330,0,47.95,15823.5,,0,0,,0,0,15823.5,,2026-09-01 10:27:13,2026-09-15 18:24:12,,1,0,47.85,15790.5
4149,1402,2,,,250,0,47.95,11987.5,,0,0,,0,0,11987.5,,2026-09-01 10:27:13,2026-09-15 18:24:12,,1,0,47.85,11962.5
4150,1402,3,,,40,0,47.95,1918,,0,0,,0,0,1918,,2026-09-01 10:27:13,2026-09-15 18:24:12,,1,0,47.85,1914
4151,1402,4,,,50,0,47.95,2397.5,,0,0,,0,0,2397.5,,2026-09-01 10:27:13,2026-09-15 18:24:12,,1,0,47.85,2392.5
4152,1403,1,,,250,0,47.95,11987.5,,0,0,,0,0,11987.5,,2026-09-01 10:28:23,2026-09-15 18:24:12,,1,0,47.85,11962.5
4153,1403,2,,,200,0,47.95,9590,,0,0,,0,0,9590,,2026-09-01 10:28:23,2026-09-15 18:24:12,,1,0,47.85,9570
4154,1403,3,,,20,0,47.95,959,,0,0,,0,0,959,,2026-09-01 10:28:23,2026-09-15 18:24:12,,1,0,47.85,957
4155,1403,4,,,30,0,47.95,1438.5,,0,0,,0,0,1438.5,,2026-09-01 10:28:23,2026-09-15 18:24:12,,1,0,47.85,1435.5
4156,1404,1,,,300,0,47.95,14385,,0,0,,0,0,14385,,2026-09-01 10:33:15,2026-09-15 18:24:12,,1,0,47.85,14355
4157,1404,2,,,150,0,47.95,7192.5,,0,0,,0,0,7192.5,,2026-09-01 10:33:15,2026-09-15 18:24:12,,1,0,47.85,7177.5
4158,1404,3,,,20,0,47.95,959,,0,0,,0,0,959,,2026-09-01 10:33:15,2026-09-15 18:24:12,,1,0,47.85,957
4159,1404,4,,,30,0,47.95,1438.5,,0,0,,0,0,1438.5,,2026-09-01 10:33:15,2026-09-15 18:24:12,,1,0,47.85,1435.5
4160,1405,1,,,750,0,47.95,35962.5,,0,0,,0,0,35962.5,,2026-09-01 10:35:54,2026-09-15 18:24:13,,1,0,47.85,35887.5
4161,1405,3,,,80,0,47.95,3836,,0,0,,0,0,3836,,2026-09-01 10:35:54,2026-09-15 18:24:13,,1,0,47.85,3828
4162,1405,4,,,100,0,47.95,4795,,0,0,,0,0,4795,,2026-09-01 10:35:54,2026-09-15 18:24:13,,1,0,47.85,4785
4163,1405,2,,,570,0,47.95,27331.5,,0,0,,0,0,27331.5,,2026-09-01 10:35:54,2026-09-15 18:24:13,,1,0,47.85,27274.5
4164,1406,1,,,100,0,47.95,4795,,0,0,,0,0,4795,,2026-09-01 10:51:48,2026-09-15 18:24:13,,1,0,47.85,4785
4165,1406,2,,,40,0,47.95,1918,,0,0,,0,0,1918,,2026-09-01 10:51:48,2026-09-15 18:24:13,,1,0,47.85,1914
4166,1406,3,,,10,0,47.95,479.5,,0,0,,0,0,479.5,,2026-09-01 10:51:48,2026-09-15 18:24:13,,1,0,47.85,478.5
4167,1406,4,,,20,0,47.95,959,,0,0,,0,0,959,,2026-09-01 10:51:48,2026-09-15 18:24:13,,1,0,47.85,957
4168,1407,1,,,80,0,47.95,3836,,0,0,,0,0,3836,,2026-09-01 10:52:58,2026-09-15 18:24:13,,1,0,47.85,3828
4169,1407,2,,,40,0,47.95,1918,,0,0,,0,0,1918,,2026-09-01 10:52:58,2026-09-15 18:24:13,,1,0,47.85,1914
4170,1407,3,,,10,0,47.95,479.5,,0,0,,0,0,479.5,,2026-09-01 10:52:58,2026-09-15 18:24:13,,1,0,47.85,478.5
4171,1407,4,,,20,0,47.95,959,,0,0,,0,0,959,,2026-09-01 10:52:58,2026-09-15 18:24:13,,1,0,47.85,957
4172,1408,1,,,50,0,47.95,2397.5,,0,0,,0,0,2397.5,,2026-09-01 10:53:48,2026-09-15 18:24:13,,1,0,47.85,2392.5
4173,1408,2,,,20,0,47.95,959,,0,0,,0,0,959,,2026-09-01 10:53:48,2026-09-15 18:24:13,,1,0,47.85,957
4174,1408,3,,,10,0,47.95,479.5,,0,0,,0,0,479.5,,2026-09-01 10:53:48,2026-09-15 18:24:13,,1,0,47.85,478.5
4175,1408,4,,,20,0,47.95,959,,0,0,,0,0,959,,2026-09-01 10:53:48,2026-09-15 18:24:13,,1,0,47.85,957
4176,1409,1,,,50,0,47.95,2397.5,,0,0,,0,0,2397.5,,2026-09-01 10:54:33,2026-09-15 18:24:13,,1,0,47.85,2392.5
4177,1409,2,,,20,0,47.95,959,,0,0,,0,0,959,,2026-09-01 10:54:33,2026-09-15 18:24:13,,1,0,47.85,957
4178,1409,3,,,10,0,47.95,479.5,,0,0,,0,0,479.5,,2026-09-01 10:54:33,2026-09-15 18:24:13,,1,0,47.85,478.5
4179,1409,4,,,20,0,47.95,959,,0,0,,0,0,959,,2026-09-01 10:54:33,2026-09-15 18:24:13,,1,0,47.85,957
4180,1410,1,,,50,0,47.95,2397.5,,0,0,,0,0,2397.5,,2026-09-01 10:55:06,2026-09-15 18:24:13,,1,0,47.85,2392.5
4181,1410,2,,,20,0,47.95,959,,0,0,,0,0,959,,2026-09-01 10:55:06,2026-09-15 18:24:13,,1,0,47.85,957
4182,1410,3,,,10,0,47.95,479.5,,0,0,,0,0,479.5,,2026-09-01 10:55:06,2026-09-15 18:24:13,,1,0,47.85,478.5
4183,1410,4,,,20,0,47.95,959,,0,0,,0,0,959,,2026-09-01 10:55:06,2026-09-15 18:24:13,,1,0,47.85,957
4184,1411,1,,,50,0,47.95,2397.5,,0,0,,0,0,2397.5,,2026-09-01 10:55:53,2026-09-15 18:24:13,,1,0,47.85,2392.5
4185,1411,2,,,20,0,47.95,959,,0,0,,0,0,959,,2026-09-01 10:55:53,2026-09-15 18:24:13,,1,0,47.85,957
4186,1411,3,,,10,0,47.95,479.5,,0,0,,0,0,479.5,,2026-09-01 10:55:53,2026-09-15 18:24:13,,1,0,47.85,478.5
4187,1411,4,,,20,0,47.95,959,,0,0,,0,0,959,,2026-09-01 10:55:53,2026-09-15 18:24:13,,1,0,47.85,957
4188,1412,1,,,40,0,47.95,1918,,0,0,,0,0,1918,,2026-09-01 10:56:44,2026-09-01 10:57:57,2026-09-01 10:57:57,1,0,47.85,1914
4189,1412,2,,,40,0,47.95,1918,,0,0,,0,0,1918,,2026-09-01 10:57:57,2026-09-15 18:24:13,,1,0,47.85,1914
4190,1413,1,,,120,0,47.95,5754,,0,0,,0,0,5754,,2026-09-01 10:58:53,2026-09-15 18:24:13,,1,0,47.85,5742
4191,1413,2,,,50,0,47.95,2397.5,,0,0,,0,0,2397.5,,2026-09-01 10:58:53,2026-09-15 18:24:13,,1,0,47.85,2392.5
4192,1413,3,,,10,0,47.95,479.5,,0,0,,0,0,479.5,,2026-09-01 10:58:53,2026-09-15 18:24:13,,1,0,47.85,478.5
4193,1413,4,,,20,0,47.95,959,,0,0,,0,0,959,,2026-09-01 10:58:53,2026-09-15 18:24:13,,1,0,47.85,957
4194,1414,1,,,80,0,47.95,3836,,0,0,,0,0,3836,,2026-09-01 10:59:56,2026-09-15 18:24:13,,1,0,47.85,3828
4195,1414,2,,,40,0,47.95,1918,,0,0,,0,0,1918,,2026-09-01 10:59:56,2026-09-15 18:24:13,,1,0,47.85,1914
4196,1414,3,,,10,0,47.95,479.5,,0,0,,0,0,479.5,,2026-09-01 10:59:56,2026-09-15 18:24:13,,1,0,47.85,478.5
4197,1414,4,,,20,0,47.95,959,,0,0,,0,0,959,,2026-09-01 10:59:56,2026-09-15 18:24:13,,1,0,47.85,957
4198,1415,1,,,50,0,47.95,2397.5,,0,0,,0,0,2397.5,,2026-09-01 11:00:39,2026-09-15 18:24:13,,1,0,47.85,2392.5
4199,1415,2,,,20,0,47.95,959,,0,0,,0,0,959,,2026-09-01 11:00:39,2026-09-15 18:24:13,,1,0,47.85,957
4200,1415,3,,,10,0,47.95,479.5,,0,0,,0,0,479.5,,2026-09-01 11:00:39,2026-09-15 18:24:13,,1,0,47.85,478.5
4201,1415,4,,,20,0,47.95,959,,0,0,,0,0,959,,2026-09-01 11:00:39,2026-09-15 18:24:13,,1,0,47.85,957
4202,1416,1,,,20,0,47.95,959,,0,0,,0,0,959,,2026-09-01 11:01:27,2026-09-15 18:24:13,,1,0,47.85,957
4203,1416,3,,,10,0,47.95,479.5,,0,0,,0,0,479.5,,2026-09-01 11:01:27,2026-09-15 18:24:13,,1,0,47.85,478.5
4204,1416,4,,,20,0,47.95,959,,0,0,,0,0,959,,2026-09-01 11:01:27,2026-09-15 18:24:13,,1,0,47.85,957
4205,1417,1,,,240,0,47.95,11508,,0,0,,0,0,11508,,2026-09-01 11:02:49,2026-09-15 18:24:13,,1,0,47.85,11484
4206,1417,2,,,200,0,47.95,9590,,0,0,,0,0,9590,,2026-09-01 11:02:49,2026-09-15 18:24:13,,1,0,47.85,9570
4207,1417,3,,,30,0,47.95,1438.5,,0,0,,0,0,1438.5,,2026-09-01 11:02:49,2026-09-15 18:24:13,,1,0,47.85,1435.5
4208,1417,4,,,30,0,47.95,1438.5,,0,0,,0,0,1438.5,,2026-09-01 11:02:49,2026-09-15 18:24:13,,1,0,47.85,1435.5
4209,1418,1,,,40,0,47.95,1918,,0,0,,0,0,1918,,2026-09-01 11:05:12,2026-09-15 18:24:13,,1,0,47.85,1914
4210,1418,2,,,30,0,47.95,1438.5,,0,0,,0,0,1438.5,,2026-09-01 11:05:12,2026-09-15 18:24:13,,1,0,47.85,1435.5
4211,1418,4,,,10,0,47.95,479.5,,0,0,,0,0,479.5,,2026-09-01 11:05:12,2026-09-15 18:24:13,,1,0,47.85,478.5
4212,1419,1,,,240,0,47.95,11508,,0,0,,0,0,11508,,2026-09-01 11:06:22,2026-09-15 18:24:13,,1,0,47.85,11484
4213,1419,2,,,200,0,47.95,9590,,0,0,,0,0,9590,,2026-09-01 11:06:22,2026-09-15 18:24:13,,1,0,47.85,9570
4214,1419,3,,,30,0,47.95,1438.5,,0,0,,0,0,1438.5,,2026-09-01 11:06:22,2026-09-15 18:24:13,,1,0,47.85,1435.5
4215,1419,4,,,30,0,47.95,1438.5,,0,0,,0,0,1438.5,,2026-09-01 11:06:22,2026-09-15 18:24:13,,1,0,47.85,1435.5
4216,1420,1,,,600,0,47.95,28770,,0,0,,0,0,28770,,2026-09-01 11:07:51,2026-09-15 18:24:13,,1,0,47.85,28710
4217,1420,2,,,300,0,47.95,14385,,0,0,,0,0,14385,,2026-09-01 11:07:51,2026-09-15 18:24:13,,1,0,47.85,14355
4218,1420,3,,,50,0,47.95,2397.5,,0,0,,0,0,2397.5,,2026-09-01 11:07:51,2026-09-15 18:24:13,,1,0,47.85,2392.5
4219,1420,4,,,50,0,47.95,2397.5,,0,0,,0,0,2397.5,,2026-09-01 11:07:51,2026-09-15 18:24:13,,1,0,47.85,2392.5
4220,1421,1,,,300,0,47.95,14385,,0,0,,0,0,14385,,2026-09-01 11:10:15,2026-09-15 18:24:14,,1,0,47.85,14355
4221,1421,2,,,150,0,47.95,7192.5,,0,0,,0,0,7192.5,,2026-09-01 11:10:15,2026-09-15 18:24:14,,1,0,47.85,7177.5
4222,1421,3,,,20,0,47.95,959,,0,0,,0,0,959,,2026-09-01 11:10:15,2026-09-15 18:24:14,,1,0,47.85,957
4223,1421,4,,,30,0,47.95,1438.5,,0,0,,0,0,1438.5,,2026-09-01 11:10:15,2026-09-15 18:24:14,,1,0,47.85,1435.5
4224,1422,1,,,50,0,47.95,2397.5,,0,0,,0,0,2397.5,,2026-09-01 11:12:16,2026-09-15 18:24:14,,1,0,47.85,2392.5
4225,1422,2,,,20,0,47.95,959,,0,0,,0,0,959,,2026-09-01 11:12:16,2026-09-15 18:24:14,,1,0,47.85,957
4226,1422,3,,,10,0,47.95,479.5,,0,0,,0,0,479.5,,2026-09-01 11:12:16,2026-09-15 18:24:14,,1,0,47.85,478.5
4227,1422,4,,,20,0,47.95,959,,0,0,,0,0,959,,2026-09-01 11:12:16,2026-09-15 18:24:14,,1,0,47.85,957
4228,1423,1,,,350,0,47.95,16782.5,,0,0,,0,0,16782.5,,2026-09-01 11:13:39,2026-09-15 18:24:14,,1,0,47.85,16747.5
4229,1423,2,,,130,0,47.95,6233.5,,0,0,,0,0,6233.5,,2026-09-01 11:13:39,2026-09-15 18:24:14,,1,0,47.85,6220.5
4230,1424,1,,,40,0,47.95,1918,,0,0,,0,0,1918,,2026-09-01 11:16:21,2026-09-15 18:24:14,,1,0,47.85,1914
4231,1424,2,,,10,0,47.95,479.5,,0,0,,0,0,479.5,,2026-09-01 11:16:21,2026-09-15 18:24:14,,1,0,47.85,478.5
4232,1425,1,,,60,0,47.95,2877,,0,0,,0,0,2877,,2026-09-01 11:17:23,2026-09-15 18:24:14,,1,0,47.85,2871
4233,1425,2,,,40,0,47.95,1918,,0,0,,0,0,1918,,2026-09-01 11:17:23,2026-09-15 18:24:14,,1,0,47.85,1914
4234,1426,1,,,60,0,47.95,2877,,0,0,,0,0,2877,,2026-09-01 11:18:24,2026-09-15 18:24:14,,1,0,47.85,2871
4235,1426,2,,,40,0,47.95,1918,,0,0,,0,0,1918,,2026-09-01 11:18:24,2026-09-15 18:24:14,,1,0,47.85,1914
4236,1427,1,,,30,0,47.95,1438.5,,0,0,,0,0,1438.5,,2026-09-01 11:19:39,2026-09-15 18:24:14,,1,0,47.85,1435.5
4237,1427,2,,,30,0,47.95,1438.5,,0,0,,0,0,1438.5,,2026-09-01 11:19:39,2026-09-15 18:24:14,,1,0,47.85,1435.5
4238,1428,1,,,20,0,47.95,959,,0,0,,0,0,959,,2026-09-01 11:19:40,2026-09-15 18:24:14,,1,0,47.85,957
4239,1428,2,,,20,0,47.95,959,,0,0,,0,0,959,,2026-09-01 11:19:40,2026-09-15 18:24:14,,1,0,47.85,957
4240,1429,1,,,30,0,47.95,1438.5,,0,0,,0,0,1438.5,,2026-09-01 11:19:40,2026-09-15 18:24:14,,1,0,47.85,1435.5
4241,1429,2,,,20,0,47.95,959,,0,0,,0,0,959,,2026-09-01 11:19:40,2026-09-15 18:24:14,,1,0,47.85,957
4242,1429,4,,,10,0,47.95,479.5,,0,0,,0,0,479.5,,2026-09-01 11:19:40,2026-09-15 18:24:14,,1,0,47.85,478.5
4243,1430,1,,,20,0,47.95,959,,0,0,,0,0,959,,2026-09-01 11:19:41,2026-09-15 18:24:14,,1,0,47.85,957
4244,1430,2,,,10,0,47.95,479.5,,0,0,,0,0,479.5,,2026-09-01 11:19:41,2026-09-15 18:24:14,,1,0,47.85,478.5
4245,1431,1,,,100,0,47.95,4795,,0,0,,0,0,4795,,2026-09-01 11:19:42,2026-09-15 18:24:14,,1,0,47.85,4785
4246,1431,2,,,80,0,47.95,3836,,0,0,,0,0,3836,,2026-09-01 11:19:42,2026-09-15 18:24:14,,1,0,47.85,3828
4247,1431,3,,,10,0,47.95,479.5,,0,0,,0,0,479.5,,2026-09-01 11:19:42,2026-09-15 18:24:14,,1,0,47.85,478.5
4248,1431,4,,,10,0,47.95,479.5,,0,0,,0,0,479.5,,2026-09-01 11:19:42,2026-09-15 18:24:14,,1,0,47.85,478.5
4249,1432,3,,,20,0,47.95,959,,0,0,,0,0,959,,2026-09-01 11:19:43,2026-09-15 18:24:14,,1,0,47.85,957
4250,1432,4,,,30,0,47.95,1438.5,,0,0,,0,0,1438.5,,2026-09-01 11:19:43,2026-09-15 18:24:14,,1,0,47.85,1435.5
4251,1432,1,,,250,0,47.95,11987.5,,0,0,,0,0,11987.5,,2026-09-01 11:19:43,2026-09-15 18:24:14,,1,0,47.85,11962.5
4252,1432,2,,,200,0,47.95,9590,,0,0,,0,0,9590,,2026-09-01 11:19:43,2026-09-15 18:24:14,,1,0,47.85,9570
4253,1433,1,,,50,0,47.95,2397.5,,0,0,,0,0,2397.5,,2026-09-01 11:19:43,2026-09-15 18:24:14,,1,0,47.85,2392.5
4254,1433,2,,,30,0,47.95,1438.5,,0,0,,0,0,1438.5,,2026-09-01 11:19:43,2026-09-15 18:24:14,,1,0,47.85,1435.5
4255,1433,4,,,10,0,47.95,479.5,,0,0,,0,0,479.5,,2026-09-01 11:19:43,2026-09-15 18:24:14,,1,0,47.85,478.5
4256,1433,3,,,10,0,47.95,479.5,,0,0,,0,0,479.5,,2026-09-01 11:19:43,2026-09-15 18:24:14,,1,0,47.85,478.5
4257,1434,3,,,30,0,47.95,1438.5,,0,0,,0,0,1438.5,,2026-09-01 11:19:44,2026-09-15 18:24:14,,1,0,47.85,1435.5
4258,1434,4,,,50,0,47.95,2397.5,,0,0,,0,0,2397.5,,2026-09-01 11:19:44,2026-09-15 18:24:14,,1,0,47.85,2392.5
4259,1434,2,,,250,0,47.95,11987.5,,0,0,,0,0,11987.5,,2026-09-01 11:19:44,2026-09-15 18:24:14,,1,0,47.85,11962.5
4260,1434,1,,,290,0,47.95,13905.5,,0,0,,0,0,13905.5,,2026-09-01 11:19:44,2026-09-15 18:24:14,,1,0,47.85,13876.5
4261,1435,1,,,250,0,47.95,11987.5,,0,0,,0,0,11987.5,,2026-09-01 11:19:45,2026-09-15 18:24:14,,1,0,47.85,11962.5
4262,1435,3,,,30,0,47.95,1438.5,,0,0,,0,0,1438.5,,2026-09-01 11:19:45,2026-09-15 18:24:14,,1,0,47.85,1435.5
4263,1435,4,,,50,0,47.95,2397.5,,0,0,,0,0,2397.5,,2026-09-01 11:19:45,2026-09-15 18:24:14,,1,0,47.85,2392.5
4264,1435,2,,,270,0,47.95,12946.5,,0,0,,0,0,12946.5,,2026-09-01 11:19:45,2026-09-15 18:24:14,,1,0,47.85,12919.5
4265,1436,1,,,10,0,47.95,479.5,,0,0,,0,0,479.5,,2026-09-01 11:19:46,2026-09-15 18:24:14,,1,0,47.85,478.5
4266,1436,2,,,10,0,47.95,479.5,,0,0,,0,0,479.5,,2026-09-01 11:19:46,2026-09-15 18:24:14,,1,0,47.85,478.5
4267,1437,3,,,10,0,47.95,479.5,,0,0,,0,0,479.5,,2026-09-01 11:19:47,2026-09-15 18:24:14,,1,0,47.85,478.5
4268,1437,4,,,10,0,47.95,479.5,,0,0,,0,0,479.5,,2026-09-01 11:19:47,2026-09-15 18:24:14,,1,0,47.85,478.5
4269,1437,1,,,70,0,47.95,3356.5,,0,0,,0,0,3356.5,,2026-09-01 11:19:47,2026-09-15 18:24:14,,1,0,47.85,3349.5
4270,1437,2,,,10,0,47.95,479.5,,0,0,,0,0,479.5,,2026-09-01 11:19:47,2026-09-15 18:24:14,,1,0,47.85,478.5
4271,1438,3,,,10,0,47.95,479.5,,0,0,,0,0,479.5,,2026-09-01 11:19:47,2026-09-15 18:24:14,,1,0,47.85,478.5
4272,1438,4,,,30,0,47.95,1438.5,,0,0,,0,0,1438.5,,2026-09-01 11:19:47,2026-09-15 18:24:14,,1,0,47.85,1435.5
4273,1438,1,,,280,0,47.95,13426,,0,0,,0,0,13426,,2026-09-01 11:19:47,2026-09-15 18:24:14,,1,0,47.85,13398
4274,1438,2,,,180,0,47.95,8631,,0,0,,0,0,8631,,2026-09-01 11:19:47,2026-09-15 18:24:14,,1,0,47.85,8613
4275,1439,2,,,400,0,47.95,19180,,0,0,,0,0,19180,,2026-09-01 11:19:48,2026-09-15 18:24:14,,1,0,47.85,19140
4276,1439,4,,,300,0,47.95,14385,,0,0,,0,0,14385,,2026-09-01 11:19:48,2026-09-15 18:24:14,,1,0,47.85,14355
4277,1439,1,,,300,0,47.95,14385,,0,0,,0,0,14385,,2026-09-01 11:19:48,2026-09-15 18:24:14,,1,0,47.85,14355
4278,1440,2,,,100,0,47.95,4795,,0,0,,0,0,4795,,2026-09-01 11:19:49,2026-09-15 18:24:14,,1,0,47.85,4785
4279,1440,1,,,100,0,47.95,4795,,0,0,,0,0,4795,,2026-09-01 11:19:49,2026-09-15 18:24:14,,1,0,47.85,4785
4280,1441,1,,,110,0,47.95,5274.5,,0,0,,0,0,5274.5,,2026-09-01 11:19:50,2026-09-15 18:24:14,,1,0,47.85,5263.5
4281,1441,2,,,80,0,47.95,3836,,0,0,,0,0,3836,,2026-09-01 11:19:50,2026-09-15 18:24:14,,1,0,47.85,3828
4282,1441,3,,,10,0,47.95,479.5,,0,0,,0,0,479.5,,2026-09-01 11:19:50,2026-09-15 18:24:14,,1,0,47.85,478.5
4283,1441,4,,,10,0,47.95,479.5,,0,0,,0,0,479.5,,2026-09-01 11:19:50,2026-09-15 18:24:14,,1,0,47.85,478.5
4284,1442,3,,,20,0,47.95,959,,0,0,,0,0,959,,2026-09-01 11:19:51,2026-09-15 18:24:15,,1,0,47.85,957
4285,1442,4,,,30,0,47.95,1438.5,,0,0,,0,0,1438.5,,2026-09-01 11:19:51,2026-09-15 18:24:15,,1,0,47.85,1435.5
4286,1442,1,,,130,0,47.95,6233.5,,0,0,,0,0,6233.5,,2026-09-01 11:19:51,2026-09-15 18:24:15,,1,0,47.85,6220.5
4287,1442,2,,,70,0,47.95,3356.5,,0,0,,0,0,3356.5,,2026-09-01 11:19:51,2026-09-15 18:24:15,,1,0,47.85,3349.5
4288,1443,1,,,70,0,47.95,3356.5,,0,0,,0,0,3356.5,,2026-09-01 11:19:51,2026-09-15 18:24:15,,1,0,47.85,3349.5
4289,1443,2,,,30,0,47.95,1438.5,,0,0,,0,0,1438.5,,2026-09-01 11:19:51,2026-09-15 18:24:15,,1,0,47.85,1435.5
4290,1444,1,,,80,0,47.95,3836,,0,0,,0,0,3836,,2026-09-01 11:19:52,2026-09-15 18:24:15,,1,0,47.85,3828
4291,1444,2,,,60,0,47.95,2877,,0,0,,0,0,2877,,2026-09-01 11:19:52,2026-09-15 18:24:15,,1,0,47.85,2871
4292,1444,4,,,10,0,47.95,479.5,,0,0,,0,0,479.5,,2026-09-01 11:19:52,2026-09-15 18:24:15,,1,0,47.85,478.5
4293,1445,3,,,10,0,47.95,479.5,,0,0,,0,0,479.5,,2026-09-01 11:19:53,2026-09-15 18:24:15,,1,0,47.85,478.5
4294,1445,4,,,20,0,47.95,959,,0,0,,0,0,959,,2026-09-01 11:19:53,2026-09-15 18:24:15,,1,0,47.85,957
4295,1445,1,,,150,0,47.95,7192.5,,0,0,,0,0,7192.5,,2026-09-01 11:19:53,2026-09-15 18:24:15,,1,0,47.85,7177.5
4296,1445,2,,,70,0,47.95,3356.5,,0,0,,0,0,3356.5,,2026-09-01 11:19:53,2026-09-15 18:24:15,,1,0,47.85,3349.5
4297,1446,1,,,100,0,47.95,4795,,0,0,,0,0,4795,,2026-09-01 11:20:23,2026-09-15 18:24:15,,1,0,47.85,4785
4298,1446,3,,,20,0,47.95,959,,0,0,,0,0,959,,2026-09-01 11:20:23,2026-09-15 18:24:15,,1,0,47.85,957
4299,1446,4,,,30,0,47.95,1438.5,,0,0,,0,0,1438.5,,2026-09-01 11:20:23,2026-09-15 18:24:15,,1,0,47.85,1435.5
4300,1446,2,,,40,0,47.95,1918,,0,0,,0,0,1918,,2026-09-01 11:20:23,2026-09-15 18:24:15,,1,0,47.85,1914
4301,1447,1,,,750,0,47.95,35962.5,,0,0,,0,0,35962.5,,2026-09-01 11:21:37,2026-09-15 18:24:15,,1,0,47.85,35887.5
4302,1447,2,,,200,0,47.95,9590,,0,0,,0,0,9590,,2026-09-01 11:21:37,2026-09-15 18:24:15,,1,0,47.85,9570
4303,1447,3,,,20,0,47.95,959,,0,0,,0,0,959,,2026-09-01 11:21:37,2026-09-15 18:24:15,,1,0,47.85,957
4304,1447,4,,,30,0,47.95,1438.5,,0,0,,0,0,1438.5,,2026-09-01 11:21:37,2026-09-15 18:24:15,,1,0,47.85,1435.5
4305,1448,1,,,250,0,47.95,11987.5,,0,0,,0,0,11987.5,,2026-09-01 11:22:33,2026-09-15 18:24:15,,1,0,47.85,11962.5
4306,1448,2,,,200,0,47.95,9590,,0,0,,0,0,9590,,2026-09-01 11:22:33,2026-09-15 18:24:15,,1,0,47.85,9570
4307,1448,3,,,20,0,47.95,959,,0,0,,0,0,959,,2026-09-01 11:22:33,2026-09-15 18:24:15,,1,0,47.85,957
4308,1448,4,,,30,0,47.95,1438.5,,0,0,,0,0,1438.5,,2026-09-01 11:22:33,2026-09-15 18:24:15,,1,0,47.85,1435.5
4309,1449,1,,,50,0,47.95,2397.5,,0,0,,0,0,2397.5,,2026-09-01 11:23:51,2026-09-15 18:24:15,,1,0,47.85,2392.5
4310,1449,2,,,20,0,47.95,959,,0,0,,0,0,959,,2026-09-01 11:23:51,2026-09-15 18:24:15,,1,0,47.85,957
4311,1449,3,,,10,0,47.95,479.5,,0,0,,0,0,479.5,,2026-09-01 11:23:51,2026-09-15 18:24:15,,1,0,47.85,478.5
4312,1449,4,,,20,0,47.95,959,,0,0,,0,0,959,,2026-09-01 11:23:51,2026-09-15 18:24:15,,1,0,47.85,957
4313,1450,1,,,70,0,47.95,3356.5,,0,0,,0,0,3356.5,,2026-09-01 11:26:12,2026-09-15 18:24:15,,1,0,47.85,3349.5
4314,1450,3,,,10,0,47.95,479.5,,0,0,,0,0,479.5,,2026-09-01 11:26:12,2026-09-15 18:24:15,,1,0,47.85,478.5
4315,1450,4,,,10,0,47.95,479.5,,0,0,,0,0,479.5,,2026-09-01 11:26:12,2026-09-15 18:24:15,,1,0,47.85,478.5
4316,1450,2,,,30,0,47.95,1438.5,,0,0,,0,0,1438.5,,2026-09-01 11:26:12,2026-09-15 18:24:15,,1,0,47.85,1435.5
4317,1451,1,,,60,0,47.95,2877,,0,0,,0,0,2877,,2026-09-01 11:26:12,2026-09-15 18:24:15,,1,0,47.85,2871
4318,1451,2,,,20,0,47.95,959,,0,0,,0,0,959,,2026-09-01 11:26:12,2026-09-15 18:24:15,,1,0,47.85,957
4319,1451,3,,,10,0,47.95,479.5,,0,0,,0,0,479.5,,2026-09-01 11:26:12,2026-09-15 18:24:15,,1,0,47.85,478.5
4320,1451,4,,,10,0,47.95,479.5,,0,0,,0,0,479.5,,2026-09-01 11:26:12,2026-09-15 18:24:15,,1,0,47.85,478.5
4321,1452,1,,,500,0,47.95,23975,,0,0,,0,0,23975,,2026-09-01 11:26:13,2026-09-15 18:24:15,,1,0,47.85,23925
4322,1452,2,,,500,0,47.95,23975,,0,0,,0,0,23975,,2026-09-01 11:26:13,2026-09-15 18:24:15,,1,0,47.85,23925
4323,1453,4,,,20,0,47.95,959,,0,0,,0,0,959,,2026-09-01 11:26:14,2026-09-15 18:24:15,,1,0,47.85,957
4324,1453,1,,,120,0,47.95,5754,,0,0,,0,0,5754,,2026-09-01 11:26:14,2026-09-15 18:24:15,,1,0,47.85,5742
4325,1453,2,,,50,0,47.95,2397.5,,0,0,,0,0,2397.5,,2026-09-01 11:26:14,2026-09-15 18:24:15,,1,0,47.85,2392.5
4326,1453,3,,,10,0,47.95,479.5,,0,0,,0,0,479.5,,2026-09-01 11:26:14,2026-09-15 18:24:15,,1,0,47.85,478.5
4327,1454,1,,,750,0,47.95,35962.5,,0,0,,0,0,35962.5,,2026-09-01 11:26:56,2026-09-15 18:24:15,,1,0,47.85,35887.5
4328,1454,2,,,150,0,47.95,7192.5,,0,0,,0,0,7192.5,,2026-09-01 11:26:56,2026-09-15 18:24:15,,1,0,47.85,7177.5
4329,1454,3,,,50,0,47.95,2397.5,,0,0,,0,0,2397.5,,2026-09-01 11:26:56,2026-09-15 18:24:15,,1,0,47.85,2392.5
4330,1454,4,,,50,0,47.95,2397.5,,0,0,,0,0,2397.5,,2026-09-01 11:26:56,2026-09-15 18:24:15,,1,0,47.85,2392.5
4331,1455,1,,,150,0,47.95,7192.5,,0,0,,0,0,7192.5,,2026-09-01 11:27:35,2026-09-15 18:24:15,,1,0,47.85,7177.5
4332,1455,2,,,40,0,47.95,1918,,0,0,,0,0,1918,,2026-09-01 11:27:35,2026-09-15 18:24:15,,1,0,47.85,1914
4333,1455,4,,,10,0,47.95,479.5,,0,0,,0,0,479.5,,2026-09-01 11:27:35,2026-09-15 18:24:15,,1,0,47.85,478.5
4334,1456,1,,,30,0,47.95,1438.5,,0,0,,0,0,1438.5,,2026-09-01 11:34:10,2026-09-15 18:24:15,,1,0,47.85,1435.5
4335,1456,2,,,40,0,47.95,1918,,0,0,,0,0,1918,,2026-09-01 11:34:10,2026-09-15 18:24:15,,1,0,47.85,1914
4336,1456,4,,,20,0,47.95,959,,0,0,,0,0,959,,2026-09-01 11:34:10,2026-09-15 18:24:15,,1,0,47.85,957
4337,1456,3,,,10,0,47.95,479.5,,0,0,,0,0,479.5,,2026-09-01 11:34:10,2026-09-15 18:24:15,,1,0,47.85,478.5
4338,1457,1,,,100,0,47.95,4795,,0,0,,0,0,4795,,2026-09-01 11:35:15,2026-09-15 18:24:15,,1,0,47.85,4785
4339,1457,2,,,70,0,47.95,3356.5,,0,0,,0,0,3356.5,,2026-09-01 11:35:15,2026-09-15 18:24:16,,1,0,47.85,3349.5
4340,1457,3,,,10,0,47.95,479.5,,0,0,,0,0,479.5,,2026-09-01 11:35:15,2026-09-15 18:24:16,,1,0,47.85,478.5
4341,1457,4,,,20,0,47.95,959,,0,0,,0,0,959,,2026-09-01 11:35:15,2026-09-15 18:24:16,,1,0,47.85,957
4342,1458,1,,,4000,0,47.95,191800,,0,0,,0,0,191800,,2026-09-01 11:50:32,2026-09-01 12:45:11,2026-09-01 12:45:11,1,0,47.85,191400
4343,1458,2,,,3000,0,47.95,143850,,0,0,,0,0,143850,,2026-09-01 11:50:32,2026-09-01 12:45:11,2026-09-01 12:45:11,1,0,47.85,143550
4344,1458,3,,,300,0,47.95,14385,,0,0,,0,0,14385,,2026-09-01 11:50:32,2026-09-01 12:45:11,2026-09-01 12:45:11,1,0,47.85,14355
4345,1458,4,,,200,0,47.95,9590,,0,0,,0,0,9590,,2026-09-01 11:50:32,2026-09-01 12:45:11,2026-09-01 12:45:11,1,0,47.85,9570
4346,1387,1,,,140,0,47.95,6713,,0,0,,0,0,6713,,2026-09-01 12:15:53,2026-09-15 18:24:16,,1,0,47.85,6699
4347,1387,3,,,20,0,47.95,959,,0,0,,0,0,959,,2026-09-01 12:15:53,2026-09-15 18:24:16,,1,0,47.85,957
4348,1387,4,,,10,0,47.95,479.5,,0,0,,0,0,479.5,,2026-09-01 12:15:53,2026-09-15 18:24:16,,1,0,47.85,478.5
4349,1387,2,,,80,0,47.95,3836,,0,0,,0,0,3836,,2026-09-01 12:15:53,2026-09-15 18:24:16,,1,0,47.85,3828
4350,1458,1,,,1500,0,47.95,71925,,0,0,,0,0,71925,,2026-09-01 12:45:11,2026-09-02 17:31:32,2026-09-02 17:31:32,1,0,47.85,71775
4351,1458,2,,,1000,0,47.95,47950,,0,0,,0,0,47950,,2026-09-01 12:45:11,2026-09-02 17:31:32,2026-09-02 17:31:32,1,0,47.85,47850
4352,1459,1,1,1,0,0,47.95,0,,0,0,,0,0,0,,2026-09-01 12:46:01,2026-09-15 18:24:16,,1,0,47.85,0
4353,1459,2,1,1,0,0,47.95,0,,0,0,,0,0,0,,2026-09-01 12:46:01,2026-09-15 18:24:16,,1,0,47.85,0
4354,1460,1,1,1,0,0,47.95,0,,0,0,,0,0,0,,2026-09-01 12:46:15,2026-09-15 18:24:16,,1,0,47.85,0
4355,1460,2,1,1,0,0,47.95,0,,0,0,,0,0,0,,2026-09-01 12:46:15,2026-09-15 18:24:16,,1,0,47.85,0
4356,1460,3,1,1,0,0,47.95,0,,0,0,,0,0,0,,2026-09-01 12:46:15,2026-09-15 18:24:16,,1,0,47.85,0
4357,1460,4,1,1,0,0,47.95,0,,0,0,,0,0,0,,2026-09-01 12:46:15,2026-09-15 18:24:16,,1,0,47.85,0
4358,1461,1,1,1,15010,0,47.95,719729.5,,0,0,,0,0,719729.5,,2026-09-02 05:03:57,2026-09-15 18:24:16,,1,0,47.85,718228.5
4359,1461,2,1,1,7000,0,47.95,335650,,0,0,,0,0,335650,,2026-09-02 05:03:57,2026-09-15 18:24:16,,1,0,47.85,334950
4360,1461,3,1,1,940,0,47.95,45073,,0,0,,0,0,45073,,2026-09-02 05:03:57,2026-09-15 18:24:16,,1,0,47.85,44979
4361,1461,4,1,1,1380,0,47.95,66171,,0,0,,0,0,66171,,2026-09-02 05:03:57,2026-09-15 18:24:16,,1,0,47.85,66033
4362,1462,1,,,50,0,47.95,2397.5,,0,0,,0,0,2397.5,,2026-09-02 08:14:35,2026-09-15 18:24:16,,1,0,47.85,2392.5
4363,1462,2,,,40,0,47.95,1918,,0,0,,0,0,1918,,2026-09-02 08:14:35,2026-09-15 18:24:16,,1,0,47.85,1914
4364,1462,4,,,10,0,47.95,479.5,,0,0,,0,0,479.5,,2026-09-02 08:14:35,2026-09-15 18:24:16,,1,0,47.85,478.5
4365,1463,1,,,170,0,47.95,8151.5,,0,0,,0,0,8151.5,,2026-09-02 08:16:26,2026-09-15 18:24:16,,1,0,47.85,8134.5
4366,1463,2,,,80,0,47.95,3836,,0,0,,0,0,3836,,2026-09-02 08:16:26,2026-09-15 18:24:16,,1,0,47.85,3828
4367,1463,3,,,10,0,47.95,479.5,,0,0,,0,0,479.5,,2026-09-02 08:16:26,2026-09-15 18:24:16,,1,0,47.85,478.5
4368,1463,4,,,30,0,47.95,1438.5,,0,0,,0,0,1438.5,,2026-09-02 08:16:26,2026-09-15 18:24:16,,1,0,47.85,1435.5
4369,1464,1,,,280,0,47.95,13426,,0,0,,0,0,13426,,2026-09-02 08:17:22,2026-09-15 18:24:16,,1,0,47.85,13398
4370,1464,3,,,20,0,47.95,959,,0,0,,0,0,959,,2026-09-02 08:17:22,2026-09-15 18:24:16,,1,0,47.85,957
4371,1464,2,,,100,0,47.95,4795,,0,0,,0,0,4795,,2026-09-02 08:17:22,2026-09-15 18:24:16,,1,0,47.85,4785
4372,1464,4,,,100,0,47.95,4795,,0,0,,0,0,4795,,2026-09-02 08:17:22,2026-09-15 18:24:16,,1,0,47.85,4785
4373,1465,1,,,120,0,47.95,5754,,0,0,,0,0,5754,,2026-09-02 08:17:58,2026-09-15 18:24:16,,1,0,47.85,5742
4374,1465,2,,,40,0,47.95,1918,,0,0,,0,0,1918,,2026-09-02 08:17:58,2026-09-15 18:24:16,,1,0,47.85,1914
4375,1465,3,,,10,0,47.95,479.5,,0,0,,0,0,479.5,,2026-09-02 08:17:58,2026-09-15 18:24:16,,1,0,47.85,478.5
4376,1465,4,,,30,0,47.95,1438.5,,0,0,,0,0,1438.5,,2026-09-02 08:17:59,2026-09-15 18:24:16,,1,0,47.85,1435.5
4377,1466,1,,,20,0,47.95,959,,0,0,,0,0,959,,2026-09-02 08:18:33,2026-09-15 18:24:16,,1,0,47.85,957
4378,1466,2,,,20,0,47.95,959,,0,0,,0,0,959,,2026-09-02 08:18:33,2026-09-15 18:24:16,,1,0,47.85,957
4379,1466,4,,,10,0,47.95,479.5,,0,0,,0,0,479.5,,2026-09-02 08:18:33,2026-09-15 18:24:16,,1,0,47.85,478.5
4380,1467,1,,,50,0,47.95,2397.5,,0,0,,0,0,2397.5,,2026-09-02 08:19:07,2026-09-15 18:24:16,,1,0,47.85,2392.5
4381,1467,2,,,20,0,47.95,959,,0,0,,0,0,959,,2026-09-02 08:19:07,2026-09-15 18:24:16,,1,0,47.85,957
4382,1467,3,,,10,0,47.95,479.5,,0,0,,0,0,479.5,,2026-09-02 08:19:07,2026-09-15 18:24:16,,1,0,47.85,478.5
4383,1467,4,,,20,0,47.95,959,,0,0,,0,0,959,,2026-09-02 08:19:07,2026-09-15 18:24:16,,1,0,47.85,957
4384,1468,1,,,250,0,47.95,11987.5,,0,0,,0,0,11987.5,,2026-09-02 08:19:55,2026-09-15 18:24:16,,1,0,47.85,11962.5
4385,1468,2,,,200,0,47.95,9590,,0,0,,0,0,9590,,2026-09-02 08:19:55,2026-09-15 18:24:16,,1,0,47.85,9570
4386,1468,4,,,50,0,47.95,2397.5,,0,0,,0,0,2397.5,,2026-09-02 08:19:55,2026-09-15 18:24:16,,1,0,47.85,2392.5
4387,1469,1,,,80,0,47.95,3836,,0,0,,0,0,3836,,2026-09-02 08:20:28,2026-09-15 18:24:16,,1,0,47.85,3828
4388,1469,3,,,20,0,47.95,959,,0,0,,0,0,959,,2026-09-02 08:20:28,2026-09-15 18:24:16,,1,0,47.85,957
4389,1469,4,,,50,0,47.95,2397.5,,0,0,,0,0,2397.5,,2026-09-02 08:20:28,2026-09-15 18:24:16,,1,0,47.85,2392.5
4390,1470,1,,,40,0,47.95,1918,,0,0,,0,0,1918,,2026-09-02 08:20:57,2026-09-15 18:24:16,,1,0,47.85,1914
4391,1470,3,,,20,0,47.95,959,,0,0,,0,0,959,,2026-09-02 08:20:57,2026-09-15 18:24:16,,1,0,47.85,957
4392,1470,4,,,40,0,47.95,1918,,0,0,,0,0,1918,,2026-09-02 08:20:57,2026-09-15 18:24:16,,1,0,47.85,1914
4393,1471,1,,,90,0,47.95,4315.5,,0,0,,0,0,4315.5,,2026-09-02 08:21:36,2026-09-15 18:24:16,,1,0,47.85,4306.5
4394,1471,2,,,50,0,47.95,2397.5,,0,0,,0,0,2397.5,,2026-09-02 08:21:36,2026-09-15 18:24:16,,1,0,47.85,2392.5
4395,1471,3,,,20,0,47.95,959,,0,0,,0,0,959,,2026-09-02 08:21:36,2026-09-15 18:24:16,,1,0,47.85,957
4396,1471,4,,,40,0,47.95,1918,,0,0,,0,0,1918,,2026-09-02 08:21:36,2026-09-15 18:24:16,,1,0,47.85,1914
4397,1472,1,,,100,0,47.95,4795,,0,0,,0,0,4795,,2026-09-02 08:22:11,2026-09-15 18:24:16,,1,0,47.85,4785
4398,1472,2,,,60,0,47.95,2877,,0,0,,0,0,2877,,2026-09-02 08:22:11,2026-09-15 18:24:16,,1,0,47.85,2871
4399,1472,3,,,10,0,47.95,479.5,,0,0,,0,0,479.5,,2026-09-02 08:22:11,2026-09-15 18:24:16,,1,0,47.85,478.5
4400,1472,4,,,30,0,47.95,1438.5,,0,0,,0,0,1438.5,,2026-09-02 08:22:11,2026-09-15 18:24:16,,1,0,47.85,1435.5
4401,1473,1,,,100,0,47.95,4795,,0,0,,0,0,4795,,2026-09-02 08:22:46,2026-09-15 18:24:16,,1,0,47.85,4785
4402,1473,2,,,150,0,47.95,7192.5,,0,0,,0,0,7192.5,,2026-09-02 08:22:46,2026-09-15 18:24:16,,1,0,47.85,7177.5
4403,1473,4,,,50,0,47.95,2397.5,,0,0,,0,0,2397.5,,2026-09-02 08:22:46,2026-09-15 18:24:16,,1,0,47.85,2392.5
4404,1474,1,,,270,0,47.95,12946.5,,0,0,,0,0,12946.5,,2026-09-02 08:23:16,2026-09-15 18:24:16,,1,0,47.85,12919.5
4405,1474,2,,,150,0,47.95,7192.5,,0,0,,0,0,7192.5,,2026-09-02 08:23:16,2026-09-15 18:24:16,,1,0,47.85,7177.5
4406,1474,3,,,30,0,47.95,1438.5,,0,0,,0,0,1438.5,,2026-09-02 08:23:16,2026-09-15 18:24:16,,1,0,47.85,1435.5
4407,1474,4,,,50,0,47.95,2397.5,,0,0,,0,0,2397.5,,2026-09-02 08:23:16,2026-09-15 18:24:16,,1,0,47.85,2392.5
4408,1475,1,,,50,0,47.95,2397.5,,0,0,,0,0,2397.5,,2026-09-02 08:24:22,2026-09-15 18:24:16,,1,0,47.85,2392.5
4409,1475,2,,,40,0,47.95,1918,,0,0,,0,0,1918,,2026-09-02 08:24:23,2026-09-15 18:24:16,,1,0,47.85,1914
4410,1475,3,,,10,0,47.95,479.5,,0,0,,0,0,479.5,,2026-09-02 08:24:23,2026-09-15 18:24:16,,1,0,47.85,478.5
4411,1475,4,,,20,0,47.95,959,,0,0,,0,0,959,,2026-09-02 08:24:23,2026-09-15 18:24:16,,1,0,47.85,957
4412,1476,1,,,50,0,47.95,2397.5,,0,0,,0,0,2397.5,,2026-09-02 08:24:57,2026-09-15 18:24:16,,1,0,47.85,2392.5
4413,1476,2,,,20,0,47.95,959,,0,0,,0,0,959,,2026-09-02 08:24:57,2026-09-15 18:24:16,,1,0,47.85,957
4414,1476,3,,,10,0,47.95,479.5,,0,0,,0,0,479.5,,2026-09-02 08:24:57,2026-09-15 18:24:16,,1,0,47.85,478.5
4415,1476,4,,,20,0,47.95,959,,0,0,,0,0,959,,2026-09-02 08:24:57,2026-09-15 18:24:16,,1,0,47.85,957
4416,1477,1,,,140,0,47.95,6713,,0,0,,0,0,6713,,2026-09-02 08:29:15,2026-09-15 18:24:16,,1,0,47.85,6699
4417,1477,2,,,50,0,47.95,2397.5,,0,0,,0,0,2397.5,,2026-09-02 08:29:15,2026-09-15 18:24:16,,1,0,47.85,2392.5
4418,1477,3,,,20,0,47.95,959,,0,0,,0,0,959,,2026-09-02 08:29:15,2026-09-15 18:24:16,,1,0,47.85,957
4419,1477,4,,,40,0,47.95,1918,,0,0,,0,0,1918,,2026-09-02 08:29:15,2026-09-15 18:24:16,,1,0,47.85,1914
4420,1478,1,,,300,0,47.95,14385,,0,0,,0,0,14385,,2026-09-02 08:39:10,2026-09-15 18:24:16,,1,0,47.85,14355
4421,1478,2,,,100,0,47.95,4795,,0,0,,0,0,4795,,2026-09-02 08:39:10,2026-09-15 18:24:16,,1,0,47.85,4785
4422,1478,3,,,30,0,47.95,1438.5,,0,0,,0,0,1438.5,,2026-09-02 08:39:10,2026-09-15 18:24:16,,1,0,47.85,1435.5
4423,1478,4,,,70,0,47.95,3356.5,,0,0,,0,0,3356.5,,2026-09-02 08:39:10,2026-09-15 18:24:16,,1,0,47.85,3349.5
4424,1479,1,,,130,0,47.95,6233.5,,0,0,,0,0,6233.5,,2026-09-02 08:40:34,2026-09-15 18:24:16,,1,0,47.85,6220.5
4425,1479,2,,,60,0,47.95,2877,,0,0,,0,0,2877,,2026-09-02 08:40:34,2026-09-15 18:24:16,,1,0,47.85,2871
4426,1479,3,,,20,0,47.95,959,,0,0,,0,0,959,,2026-09-02 08:40:34,2026-09-15 18:24:16,,1,0,47.85,957
4427,1479,4,,,40,0,47.95,1918,,0,0,,0,0,1918,,2026-09-02 08:40:34,2026-09-15 18:24:16,,1,0,47.85,1914
4428,1480,1,,,220,0,47.95,10549,,0,0,,0,0,10549,,2026-09-02 08:45:50,2026-09-15 18:24:16,,1,0,47.85,10527
4429,1480,2,,,100,0,47.95,4795,,0,0,,0,0,4795,,2026-09-02 08:45:50,2026-09-15 18:24:16,,1,0,47.85,4785
4430,1480,3,,,30,0,47.95,1438.5,,0,0,,0,0,1438.5,,2026-09-02 08:45:50,2026-09-15 18:24:16,,1,0,47.85,1435.5
4431,1480,4,,,50,0,47.95,2397.5,,0,0,,0,0,2397.5,,2026-09-02 08:45:50,2026-09-15 18:24:17,,1,0,47.85,2392.5
4432,1481,1,,,1500,0,47.95,71925,,0,0,,0,0,71925,,2026-09-02 08:58:10,2026-09-15 18:24:17,,1,0,47.85,71775
4433,1481,2,,,600,0,47.95,28770,,0,0,,0,0,28770,,2026-09-02 08:58:10,2026-09-15 18:24:17,,1,0,47.85,28710
4434,1481,3,,,150,0,47.95,7192.5,,0,0,,0,0,7192.5,,2026-09-02 08:58:10,2026-09-15 18:24:17,,1,0,47.85,7177.5
4435,1481,4,,,250,0,47.95,11987.5,,0,0,,0,0,11987.5,,2026-09-02 08:58:10,2026-09-15 18:24:17,,1,0,47.85,11962.5
4436,1482,1,,,1000,0,47.95,47950,,0,0,,0,0,47950,,2026-09-02 09:16:16,2026-09-15 18:24:17,,1,0,47.85,47850
4437,1482,2,,,750,0,47.95,35962.5,,0,0,,0,0,35962.5,,2026-09-02 09:16:16,2026-09-15 18:24:17,,1,0,47.85,35887.5
4438,1482,3,,,120,0,47.95,5754,,0,0,,0,0,5754,,2026-09-02 09:16:16,2026-09-15 18:24:17,,1,0,47.85,5742
4439,1482,4,,,130,0,47.95,6233.5,,0,0,,0,0,6233.5,,2026-09-02 09:16:16,2026-09-15 18:24:17,,1,0,47.85,6220.5
4440,1483,1,,,50,0,47.95,2397.5,,0,0,,0,0,2397.5,,2026-09-02 09:18:57,2026-09-15 18:24:17,,1,0,47.85,2392.5
4441,1483,2,,,50,0,47.95,2397.5,,0,0,,0,0,2397.5,,2026-09-02 09:18:57,2026-09-15 18:24:17,,1,0,47.85,2392.5
4442,1484,1,,,250,0,47.95,11987.5,,0,0,,0,0,11987.5,,2026-09-02 09:18:58,2026-09-15 18:24:17,,1,0,47.85,11962.5
4443,1484,3,,,20,0,47.95,959,,0,0,,0,0,959,,2026-09-02 09:18:58,2026-09-15 18:24:17,,1,0,47.85,957
4444,1484,4,,,30,0,47.95,1438.5,,0,0,,0,0,1438.5,,2026-09-02 09:18:58,2026-09-15 18:24:17,,1,0,47.85,1435.5
4445,1484,2,,,200,0,47.95,9590,,0,0,,0,0,9590,,2026-09-02 09:18:58,2026-09-15 18:24:17,,1,0,47.85,9570
4446,1485,2,,,1500,0,47.95,71925,,0,0,,0,0,71925,,2026-09-02 09:18:59,2026-09-15 18:24:17,,1,0,47.85,71775
4447,1485,1,,,1000,0,47.95,47950,,0,0,,0,0,47950,,2026-09-02 09:18:59,2026-09-15 18:24:17,,1,0,47.85,47850
4448,1485,3,,,150,0,47.95,7192.5,,0,0,,0,0,7192.5,,2026-09-02 09:18:59,2026-09-15 18:24:17,,1,0,47.85,7177.5
4449,1485,4,,,100,0,47.95,4795,,0,0,,0,0,4795,,2026-09-02 09:18:59,2026-09-15 18:24:17,,1,0,47.85,4785
4450,1486,1,,,230,0,47.95,11028.5,,0,0,,0,0,11028.5,,2026-09-02 09:19:00,2026-09-15 18:24:17,,1,0,47.85,11005.5
4451,1486,3,,,20,0,47.95,959,,0,0,,0,0,959,,2026-09-02 09:19:00,2026-09-15 18:24:17,,1,0,47.85,957
4452,1486,4,,,30,0,47.95,1438.5,,0,0,,0,0,1438.5,,2026-09-02 09:19:00,2026-09-15 18:24:17,,1,0,47.85,1435.5
4453,1486,2,,,220,0,47.95,10549,,0,0,,0,0,10549,,2026-09-02 09:19:00,2026-09-15 18:24:17,,1,0,47.85,10527
4454,1487,3,,,20,0,47.95,959,,0,0,,0,0,959,,2026-09-02 09:19:00,2026-09-15 18:24:17,,1,0,47.85,957
4455,1487,4,,,20,0,47.95,959,,0,0,,0,0,959,,2026-09-02 09:19:00,2026-09-15 18:24:17,,1,0,47.85,957
4456,1487,1,,,100,0,47.95,4795,,0,0,,0,0,4795,,2026-09-02 09:19:00,2026-09-15 18:24:17,,1,0,47.85,4785
4457,1487,2,,,60,0,47.95,2877,,0,0,,0,0,2877,,2026-09-02 09:19:00,2026-09-15 18:24:17,,1,0,47.85,2871
4458,1488,1,,,200,0,47.95,9590,,0,0,,0,0,9590,,2026-09-02 09:19:01,2026-09-15 18:24:17,,1,0,47.85,9570
4459,1488,2,,,250,0,47.95,11987.5,,0,0,,0,0,11987.5,,2026-09-02 09:19:01,2026-09-15 18:24:17,,1,0,47.85,11962.5
4460,1488,3,,,20,0,47.95,959,,0,0,,0,0,959,,2026-09-02 09:19:01,2026-09-15 18:24:17,,1,0,47.85,957
4461,1488,4,,,30,0,47.95,1438.5,,0,0,,0,0,1438.5,,2026-09-02 09:19:01,2026-09-15 18:24:17,,1,0,47.85,1435.5
4462,1489,1,,,240,0,47.95,11508,,0,0,,0,0,11508,,2026-09-02 09:19:02,2026-09-15 18:24:17,,1,0,47.85,11484
4463,1489,3,,,20,0,47.95,959,,0,0,,0,0,959,,2026-09-02 09:19:02,2026-09-15 18:24:17,,1,0,47.85,957
4464,1489,4,,,30,0,47.95,1438.5,,0,0,,0,0,1438.5,,2026-09-02 09:19:02,2026-09-15 18:24:17,,1,0,47.85,1435.5
4465,1489,2,,,150,0,47.95,7192.5,,0,0,,0,0,7192.5,,2026-09-02 09:19:02,2026-09-15 18:24:17,,1,0,47.85,7177.5
4466,1490,1,,,150,0,47.95,7192.5,,0,0,,0,0,7192.5,,2026-09-02 09:19:03,2026-09-15 18:24:17,,1,0,47.85,7177.5
4467,1490,2,,,120,0,47.95,5754,,0,0,,0,0,5754,,2026-09-02 09:19:03,2026-09-15 18:24:17,,1,0,47.85,5742
4468,1490,3,,,10,0,47.95,479.5,,0,0,,0,0,479.5,,2026-09-02 09:19:03,2026-09-15 18:24:17,,1,0,47.85,478.5
4469,1490,4,,,20,0,47.95,959,,0,0,,0,0,959,,2026-09-02 09:19:03,2026-09-15 18:24:17,,1,0,47.85,957
4470,1491,1,,,50,0,47.95,2397.5,,0,0,,0,0,2397.5,,2026-09-02 09:19:05,2026-09-15 18:24:17,,1,0,47.85,2392.5
4471,1491,2,,,30,0,47.95,1438.5,,0,0,,0,0,1438.5,,2026-09-02 09:19:05,2026-09-15 18:24:17,,1,0,47.85,1435.5
4472,1491,3,,,10,0,47.95,479.5,,0,0,,0,0,479.5,,2026-09-02 09:19:05,2026-09-15 18:24:17,,1,0,47.85,478.5
4473,1491,4,,,10,0,47.95,479.5,,0,0,,0,0,479.5,,2026-09-02 09:19:05,2026-09-15 18:24:17,,1,0,47.85,478.5
4474,1492,3,,,200,0,47.95,9590,,0,0,,0,0,9590,,2026-09-02 09:19:06,2026-09-15 18:24:17,,1,0,47.85,9570
4475,1492,4,,,150,0,47.95,7192.5,,0,0,,0,0,7192.5,,2026-09-02 09:19:06,2026-09-15 18:24:17,,1,0,47.85,7177.5
4476,1492,1,,,750,0,47.95,35962.5,,0,0,,0,0,35962.5,,2026-09-02 09:19:06,2026-09-15 18:24:17,,1,0,47.85,35887.5
4477,1492,2,,,900,0,47.95,43155,,0,0,,0,0,43155,,2026-09-02 09:19:06,2026-09-15 18:24:17,,1,0,47.85,43065
4478,1493,1,,,350,0,47.95,16782.5,,0,0,,0,0,16782.5,,2026-09-02 09:19:06,2026-09-15 18:24:17,,1,0,47.85,16747.5
4479,1494,1,,,150,0,47.95,7192.5,,0,0,,0,0,7192.5,,2026-09-02 09:19:07,2026-09-15 18:24:17,,1,0,47.85,7177.5
4480,1495,1,,,40,0,47.95,1918,,0,0,,0,0,1918,,2026-09-02 09:19:08,2026-09-15 18:24:17,,1,0,47.85,1914
4481,1495,2,,,80,0,47.95,3836,,0,0,,0,0,3836,,2026-09-02 09:19:08,2026-09-15 18:24:17,,1,0,47.85,3828
4482,1495,3,,,10,0,47.95,479.5,,0,0,,0,0,479.5,,2026-09-02 09:19:08,2026-09-15 18:24:17,,1,0,47.85,478.5
4483,1495,4,,,20,0,47.95,959,,0,0,,0,0,959,,2026-09-02 09:19:08,2026-09-15 18:24:17,,1,0,47.85,957
4484,1496,3,,,20,0,47.95,959,,0,0,,0,0,959,,2026-09-02 09:19:09,2026-09-15 18:24:17,,1,0,47.85,957
4485,1496,4,,,30,0,47.95,1438.5,,0,0,,0,0,1438.5,,2026-09-02 09:19:09,2026-09-15 18:24:17,,1,0,47.85,1435.5
4486,1496,1,,,350,0,47.95,16782.5,,0,0,,0,0,16782.5,,2026-09-02 09:19:09,2026-09-15 18:24:17,,1,0,47.85,16747.5
4487,1496,2,,,100,0,47.95,4795,,0,0,,0,0,4795,,2026-09-02 09:19:09,2026-09-15 18:24:17,,1,0,47.85,4785
4488,1497,3,,,20,0,47.95,959,,0,0,,0,0,959,,2026-09-02 09:19:10,2026-09-15 18:24:17,,1,0,47.85,957
4489,1497,4,,,30,0,47.95,1438.5,,0,0,,0,0,1438.5,,2026-09-02 09:19:10,2026-09-15 18:24:17,,1,0,47.85,1435.5
4490,1497,1,,,250,0,47.95,11987.5,,0,0,,0,0,11987.5,,2026-09-02 09:19:10,2026-09-15 18:24:17,,1,0,47.85,11962.5
4491,1497,2,,,200,0,47.95,9590,,0,0,,0,0,9590,,2026-09-02 09:19:10,2026-09-15 18:24:17,,1,0,47.85,9570
4492,1498,1,,,150,0,47.95,7192.5,,0,0,,0,0,7192.5,,2026-09-02 09:19:11,2026-09-15 18:24:17,,1,0,47.85,7177.5
4493,1498,3,,,20,0,47.95,959,,0,0,,0,0,959,,2026-09-02 09:19:11,2026-09-15 18:24:17,,1,0,47.85,957
4494,1498,4,,,20,0,47.95,959,,0,0,,0,0,959,,2026-09-02 09:19:11,2026-09-15 18:24:17,,1,0,47.85,957
4495,1498,2,,,110,0,47.95,5274.5,,0,0,,0,0,5274.5,,2026-09-02 09:19:11,2026-09-15 18:24:17,,1,0,47.85,5263.5
4496,1499,1,,,250,0,47.95,11987.5,,0,0,,0,0,11987.5,,2026-09-02 09:20:29,2026-09-15 18:24:17,,1,0,47.85,11962.5
4497,1499,3,,,20,0,47.95,959,,0,0,,0,0,959,,2026-09-02 09:20:29,2026-09-15 18:24:17,,1,0,47.85,957
4498,1499,4,,,30,0,47.95,1438.5,,0,0,,0,0,1438.5,,2026-09-02 09:20:29,2026-09-15 18:24:17,,1,0,47.85,1435.5
4499,1499,2,,,200,0,47.95,9590,,0,0,,0,0,9590,,2026-09-02 09:20:29,2026-09-15 18:24:17,,1,0,47.85,9570
4500,1500,1,,,30,0,47.95,1438.5,,0,0,,0,0,1438.5,,2026-09-02 09:20:31,2026-09-15 18:24:17,,1,0,47.85,1435.5
4501,1500,2,,,20,0,47.95,959,,0,0,,0,0,959,,2026-09-02 09:20:31,2026-09-15 18:24:17,,1,0,47.85,957
4502,1501,1,,,80,0,47.95,3836,,0,0,,0,0,3836,,2026-09-02 09:20:32,2026-09-15 18:24:17,,1,0,47.85,3828
4503,1501,3,,,10,0,47.95,479.5,,0,0,,0,0,479.5,,2026-09-02 09:20:32,2026-09-15 18:24:17,,1,0,47.85,478.5
4504,1501,4,,,10,0,47.95,479.5,,0,0,,0,0,479.5,,2026-09-02 09:20:32,2026-09-15 18:24:17,,1,0,47.85,478.5
4505,1501,2,,,50,0,47.95,2397.5,,0,0,,0,0,2397.5,,2026-09-02 09:20:32,2026-09-15 18:24:17,,1,0,47.85,2392.5
4506,1502,3,,,10,0,47.95,479.5,,0,0,,0,0,479.5,,2026-09-02 09:20:33,2026-09-15 18:24:17,,1,0,47.85,478.5
4507,1502,4,,,20,0,47.95,959,,0,0,,0,0,959,,2026-09-02 09:20:33,2026-09-15 18:24:17,,1,0,47.85,957
4508,1502,1,,,100,0,47.95,4795,,0,0,,0,0,4795,,2026-09-02 09:20:33,2026-09-15 18:24:17,,1,0,47.85,4785
4509,1502,2,,,70,0,47.95,3356.5,,0,0,,0,0,3356.5,,2026-09-02 09:20:33,2026-09-15 18:24:17,,1,0,47.85,3349.5
4510,1503,1,,,100,0,47.95,4795,,0,0,,0,0,4795,,2026-09-02 09:20:34,2026-09-15 18:24:17,,1,0,47.85,4785
4511,1503,2,,,70,0,47.95,3356.5,,0,0,,0,0,3356.5,,2026-09-02 09:20:34,2026-09-15 18:24:17,,1,0,47.85,3349.5
4512,1503,3,,,10,0,47.95,479.5,,0,0,,0,0,479.5,,2026-09-02 09:20:34,2026-09-15 18:24:17,,1,0,47.85,478.5
4513,1503,4,,,20,0,47.95,959,,0,0,,0,0,959,,2026-09-02 09:20:34,2026-09-15 18:24:17,,1,0,47.85,957
4514,1504,1,,,50,0,47.95,2397.5,,0,0,,0,0,2397.5,,2026-09-02 09:20:34,2026-09-15 18:24:17,,1,0,47.85,2392.5
4515,1504,2,,,40,0,47.95,1918,,0,0,,0,0,1918,,2026-09-02 09:20:34,2026-09-15 18:24:17,,1,0,47.85,1914
4516,1504,4,,,10,0,47.95,479.5,,0,0,,0,0,479.5,,2026-09-02 09:20:34,2026-09-15 18:24:17,,1,0,47.85,478.5
4517,1505,1,,,80,0,47.95,3836,,0,0,,0,0,3836,,2026-09-02 09:20:35,2026-09-15 18:24:17,,1,0,47.85,3828
4518,1505,2,,,50,0,47.95,2397.5,,0,0,,0,0,2397.5,,2026-09-02 09:20:35,2026-09-15 18:24:17,,1,0,47.85,2392.5
4519,1505,3,,,10,0,47.95,479.5,,0,0,,0,0,479.5,,2026-09-02 09:20:35,2026-09-15 18:24:17,,1,0,47.85,478.5
4520,1505,4,,,10,0,47.95,479.5,,0,0,,0,0,479.5,,2026-09-02 09:20:35,2026-09-15 18:24:17,,1,0,47.85,478.5
4521,1506,1,,,20,0,47.95,959,,0,0,,0,0,959,,2026-09-02 09:20:36,2026-09-15 18:24:17,,1,0,47.85,957
4522,1506,2,,,20,0,47.95,959,,0,0,,0,0,959,,2026-09-02 09:20:36,2026-09-15 18:24:17,,1,0,47.85,957
4523,1507,1,,,200,0,47.95,9590,,0,0,,0,0,9590,,2026-09-02 09:20:37,2026-09-15 18:24:17,,1,0,47.85,9570
4524,1507,2,,,260,0,47.95,12467,,0,0,,0,0,12467,,2026-09-02 09:20:37,2026-09-15 18:24:17,,1,0,47.85,12441
4525,1507,4,,,40,0,47.95,1918,,0,0,,0,0,1918,,2026-09-02 09:20:37,2026-09-15 18:24:17,,1,0,47.85,1914
4526,1508,1,,,300,0,47.95,14385,,0,0,,0,0,14385,,2026-09-02 09:20:38,2026-09-15 18:24:17,,1,0,47.85,14355
4527,1508,3,,,20,0,47.95,959,,0,0,,0,0,959,,2026-09-02 09:20:38,2026-09-15 18:24:17,,1,0,47.85,957
4528,1508,4,,,30,0,47.95,1438.5,,0,0,,0,0,1438.5,,2026-09-02 09:20:38,2026-09-15 18:24:17,,1,0,47.85,1435.5
4529,1508,2,,,150,0,47.95,7192.5,,0,0,,0,0,7192.5,,2026-09-02 09:20:38,2026-09-15 18:24:17,,1,0,47.85,7177.5
4530,1509,1,,,40,0,47.95,1918,,0,0,,0,0,1918,,2026-09-02 09:20:39,2026-09-15 18:24:17,,1,0,47.85,1914
4531,1509,3,,,10,0,47.95,479.5,,0,0,,0,0,479.5,,2026-09-02 09:20:39,2026-09-15 18:24:17,,1,0,47.85,478.5
4532,1509,4,,,10,0,47.95,479.5,,0,0,,0,0,479.5,,2026-09-02 09:20:39,2026-09-15 18:24:17,,1,0,47.85,478.5
4533,1509,2,,,40,0,47.95,1918,,0,0,,0,0,1918,,2026-09-02 09:20:39,2026-09-15 18:24:17,,1,0,47.85,1914
4534,1510,1,,,400,0,47.95,19180,,0,0,,0,0,19180,,2026-09-02 09:20:40,2026-09-15 18:24:17,,1,0,47.85,19140
4535,1510,3,,,30,0,47.95,1438.5,,0,0,,0,0,1438.5,,2026-09-02 09:20:40,2026-09-15 18:24:17,,1,0,47.85,1435.5
4536,1510,4,,,50,0,47.95,2397.5,,0,0,,0,0,2397.5,,2026-09-02 09:20:40,2026-09-15 18:24:17,,1,0,47.85,2392.5
4537,1510,2,,,320,0,47.95,15344,,0,0,,0,0,15344,,2026-09-02 09:20:40,2026-09-15 18:24:17,,1,0,47.85,15312
4538,1511,3,,,20,0,47.95,959,,0,0,,0,0,959,,2026-09-02 09:20:40,2026-09-15 18:24:17,,1,0,47.85,957
4539,1511,4,,,30,0,47.95,1438.5,,0,0,,0,0,1438.5,,2026-09-02 09:20:40,2026-09-15 18:24:17,,1,0,47.85,1435.5
4540,1511,1,,,250,0,47.95,11987.5,,0,0,,0,0,11987.5,,2026-09-02 09:20:40,2026-09-15 18:24:17,,1,0,47.85,11962.5
4541,1511,2,,,200,0,47.95,9590,,0,0,,0,0,9590,,2026-09-02 09:20:40,2026-09-15 18:24:17,,1,0,47.85,9570
4542,1512,1,,,500,0,47.95,23975,,0,0,,0,0,23975,,2026-09-02 09:20:41,2026-09-15 18:24:17,,1,0,47.85,23925
4543,1512,3,,,50,0,47.95,2397.5,,0,0,,0,0,2397.5,,2026-09-02 09:20:41,2026-09-15 18:24:17,,1,0,47.85,2392.5
4544,1512,4,,,50,0,47.95,2397.5,,0,0,,0,0,2397.5,,2026-09-02 09:20:41,2026-09-15 18:24:17,,1,0,47.85,2392.5
4545,1512,2,,,400,0,47.95,19180,,0,0,,0,0,19180,,2026-09-02 09:20:41,2026-09-15 18:24:17,,1,0,47.85,19140
4546,1513,1,,,100,0,47.95,4795,,0,0,,0,0,4795,,2026-09-02 09:20:42,2026-09-15 18:24:17,,1,0,47.85,4785
4547,1514,1,,,500,0,47.95,23975,,0,0,,0,0,23975,,2026-09-02 09:20:43,2026-09-15 18:24:18,,1,0,47.85,23925
4548,1514,2,,,300,0,47.95,14385,,0,0,,0,0,14385,,2026-09-02 09:20:43,2026-09-15 18:24:18,,1,0,47.85,14355
4549,1514,3,,,130,0,47.95,6233.5,,0,0,,0,0,6233.5,,2026-09-02 09:20:43,2026-09-15 18:24:18,,1,0,47.85,6220.5
4550,1514,4,,,70,0,47.95,3356.5,,0,0,,0,0,3356.5,,2026-09-02 09:20:43,2026-09-15 18:24:18,,1,0,47.85,3349.5
4551,1515,1,,,40,0,47.95,1918,,0,0,,0,0,1918,,2026-09-02 09:20:44,2026-09-15 18:24:18,,1,0,47.85,1914
4552,1515,2,,,20,0,47.95,959,,0,0,,0,0,959,,2026-09-02 09:20:44,2026-09-15 18:24:18,,1,0,47.85,957
4553,1515,3,,,10,0,47.95,479.5,,0,0,,0,0,479.5,,2026-09-02 09:20:44,2026-09-15 18:24:18,,1,0,47.85,478.5
4554,1515,4,,,10,0,47.95,479.5,,0,0,,0,0,479.5,,2026-09-02 09:20:44,2026-09-15 18:24:18,,1,0,47.85,478.5
4555,1516,3,,,20,0,47.95,959,,0,0,,0,0,959,,2026-09-02 09:20:45,2026-09-15 18:24:18,,1,0,47.85,957
4556,1516,4,,,20,0,47.95,959,,0,0,,0,0,959,,2026-09-02 09:20:45,2026-09-15 18:24:18,,1,0,47.85,957
4557,1516,1,,,200,0,47.95,9590,,0,0,,0,0,9590,,2026-09-02 09:20:45,2026-09-15 18:24:18,,1,0,47.85,9570
4558,1516,2,,,60,0,47.95,2877,,0,0,,0,0,2877,,2026-09-02 09:20:45,2026-09-15 18:24:18,,1,0,47.85,2871
4559,1517,1,,,80,0,47.95,3836,,0,0,,0,0,3836,,2026-09-02 09:21:30,2026-09-15 18:24:18,,1,0,47.85,3828
4560,1517,2,,,50,0,47.95,2397.5,,0,0,,0,0,2397.5,,2026-09-02 09:21:30,2026-09-15 18:24:18,,1,0,47.85,2392.5
4561,1517,3,,,10,0,47.95,479.5,,0,0,,0,0,479.5,,2026-09-02 09:21:30,2026-09-15 18:24:18,,1,0,47.85,478.5
4562,1517,4,,,10,0,47.95,479.5,,0,0,,0,0,479.5,,2026-09-02 09:21:30,2026-09-15 18:24:18,,1,0,47.85,478.5
4563,1518,1,,,1500,0,47.95,71925,,0,0,,0,0,71925,,2026-09-02 09:21:31,2026-09-15 18:24:18,,1,0,47.85,71775
4564,1518,2,,,1250,0,47.95,59937.5,,0,0,,0,0,59937.5,,2026-09-02 09:21:31,2026-09-15 18:24:18,,1,0,47.85,59812.5
4565,1518,4,,,100,0,47.95,4795,,0,0,,0,0,4795,,2026-09-02 09:21:31,2026-09-15 18:24:18,,1,0,47.85,4785
4566,1519,1,,,50,0,47.95,2397.5,,0,0,,0,0,2397.5,,2026-09-02 09:23:14,2026-09-15 18:24:18,,1,0,47.85,2392.5
4567,1519,2,,,20,0,47.95,959,,0,0,,0,0,959,,2026-09-02 09:23:14,2026-09-15 18:24:18,,1,0,47.85,957
4568,1519,3,,,10,0,47.95,479.5,,0,0,,0,0,479.5,,2026-09-02 09:23:14,2026-09-15 18:24:18,,1,0,47.85,478.5
4569,1519,4,,,20,0,47.95,959,,0,0,,0,0,959,,2026-09-02 09:23:14,2026-09-15 18:24:18,,1,0,47.85,957
4570,1520,1,,,50,0,47.95,2397.5,,0,0,,0,0,2397.5,,2026-09-02 09:25:24,2026-09-15 18:24:18,,1,0,47.85,2392.5
4571,1520,2,,,20,0,47.95,959,,0,0,,0,0,959,,2026-09-02 09:25:24,2026-09-15 18:24:18,,1,0,47.85,957
4572,1520,3,,,10,0,47.95,479.5,,0,0,,0,0,479.5,,2026-09-02 09:25:24,2026-09-15 18:24:18,,1,0,47.85,478.5
4573,1520,4,,,20,0,47.95,959,,0,0,,0,0,959,,2026-09-02 09:25:24,2026-09-15 18:24:18,,1,0,47.85,957
4574,1521,1,,,50,0,47.95,2397.5,,0,0,,0,0,2397.5,,2026-09-02 09:26:42,2026-09-15 18:24:18,,1,0,47.85,2392.5
4575,1521,2,,,20,0,47.95,959,,0,0,,0,0,959,,2026-09-02 09:26:42,2026-09-15 18:24:18,,1,0,47.85,957
4576,1521,3,,,10,0,47.95,479.5,,0,0,,0,0,479.5,,2026-09-02 09:26:42,2026-09-15 18:24:18,,1,0,47.85,478.5
4577,1521,4,,,20,0,47.95,959,,0,0,,0,0,959,,2026-09-02 09:26:42,2026-09-15 18:24:18,,1,0,47.85,957
4578,1522,1,,,20,0,47.95,959,,0,0,,0,0,959,,2026-09-02 09:27:20,2026-09-15 18:24:18,,1,0,47.85,957
4579,1522,2,,,40,0,47.95,1918,,0,0,,0,0,1918,,2026-09-02 09:27:20,2026-09-15 18:24:18,,1,0,47.85,1914
4580,1522,4,,,10,0,47.95,479.5,,0,0,,0,0,479.5,,2026-09-02 09:27:20,2026-09-15 18:24:18,,1,0,47.85,478.5
4581,1522,3,,,10,0,47.95,479.5,,0,0,,0,0,479.5,,2026-09-02 09:27:20,2026-09-15 18:24:18,,1,0,47.85,478.5
4582,1523,2,,,50,0,47.95,2397.5,,0,0,,0,0,2397.5,,2026-09-02 09:27:34,2026-09-15 18:24:18,,1,0,47.85,2392.5
4583,1523,1,,,20,0,47.95,959,,0,0,,0,0,959,,2026-09-02 09:27:34,2026-09-15 18:24:18,,1,0,47.85,957
4584,1524,1,,,100,0,47.95,4795,,0,0,,0,0,4795,,2026-09-02 09:29:21,2026-09-15 18:24:18,,1,0,47.85,4785
4585,1524,2,,,90,0,47.95,4315.5,,0,0,,0,0,4315.5,,2026-09-02 09:29:21,2026-09-15 18:24:18,,1,0,47.85,4306.5
4586,1524,4,,,10,0,47.95,479.5,,0,0,,0,0,479.5,,2026-09-02 09:29:21,2026-09-15 18:24:18,,1,0,47.85,478.5
4587,1525,1,,,1200,0,47.95,57540,,0,0,,0,0,57540,,2026-09-02 09:33:29,2026-09-15 18:24:18,,1,0,47.85,57420
4588,1525,3,,,120,0,47.95,5754,,0,0,,0,0,5754,,2026-09-02 09:33:29,2026-09-15 18:24:18,,1,0,47.85,5742
4589,1525,4,,,30,0,47.95,1438.5,,0,0,,0,0,1438.5,,2026-09-02 09:33:29,2026-09-15 18:24:18,,1,0,47.85,1435.5
4590,1525,2,,,1150,0,47.95,55142.5,,0,0,,0,0,55142.5,,2026-09-02 09:33:29,2026-09-15 18:24:18,,1,0,47.85,55027.5
4591,1526,1,,,140,0,47.95,6713,,0,0,,0,0,6713,,2026-09-02 09:35:27,2026-09-15 18:24:18,,1,0,47.85,6699
4592,1526,2,,,300,0,47.95,14385,,0,0,,0,0,14385,,2026-09-02 09:35:27,2026-09-15 18:24:18,,1,0,47.85,14355
4593,1526,3,,,40,0,47.95,1918,,0,0,,0,0,1918,,2026-09-02 09:35:27,2026-09-15 18:24:18,,1,0,47.85,1914
4594,1526,4,,,20,0,47.95,959,,0,0,,0,0,959,,2026-09-02 09:35:27,2026-09-15 18:24:18,,1,0,47.85,957
4595,1527,3,,,120,0,47.95,5754,,0,0,,0,0,5754,,2026-09-02 09:38:27,2026-09-15 18:24:18,,1,0,47.85,5742
4596,1527,4,,,60,0,47.95,2877,,0,0,,0,0,2877,,2026-09-02 09:38:27,2026-09-15 18:24:18,,1,0,47.85,2871
4597,1527,2,,,900,0,47.95,43155,,0,0,,0,0,43155,,2026-09-02 09:38:27,2026-09-15 18:24:18,,1,0,47.85,43065
4598,1527,1,,,920,0,47.95,44114,,0,0,,0,0,44114,,2026-09-02 09:38:27,2026-09-15 18:24:18,,1,0,47.85,44022
4599,1528,3,,,30,0,47.95,1438.5,,0,0,,0,0,1438.5,,2026-09-02 09:40:22,2026-09-15 18:24:18,,1,0,47.85,1435.5
4600,1528,4,,,30,0,47.95,1438.5,,0,0,,0,0,1438.5,,2026-09-02 09:40:22,2026-09-15 18:24:18,,1,0,47.85,1435.5
4601,1528,2,,,100,0,47.95,4795,,0,0,,0,0,4795,,2026-09-02 09:40:22,2026-09-15 18:24:18,,1,0,47.85,4785
4602,1528,1,,,360,0,47.95,17262,,0,0,,0,0,17262,,2026-09-02 09:40:22,2026-09-15 18:24:18,,1,0,47.85,17226
4603,1529,3,,,20,0,47.95,959,,0,0,,0,0,959,,2026-09-02 09:41:28,2026-09-15 18:24:18,,1,0,47.85,957
4604,1529,4,,,20,0,47.95,959,,0,0,,0,0,959,,2026-09-02 09:41:28,2026-09-15 18:24:18,,1,0,47.85,957
4605,1529,1,,,150,0,47.95,7192.5,,0,0,,0,0,7192.5,,2026-09-02 09:41:28,2026-09-15 18:24:18,,1,0,47.85,7177.5
4606,1529,2,,,160,0,47.95,7672,,0,0,,0,0,7672,,2026-09-02 09:41:28,2026-09-15 18:24:18,,1,0,47.85,7656
4607,1530,3,,,10,0,47.95,479.5,,0,0,,0,0,479.5,,2026-09-02 09:49:20,2026-09-15 18:24:18,,1,0,47.85,478.5
4608,1530,4,,,10,0,47.95,479.5,,0,0,,0,0,479.5,,2026-09-02 09:49:20,2026-09-15 18:24:18,,1,0,47.85,478.5
4609,1530,2,,,100,0,47.95,4795,,0,0,,0,0,4795,,2026-09-02 09:49:20,2026-09-15 18:24:18,,1,0,47.85,4785
4610,1530,1,,,80,0,47.95,3836,,0,0,,0,0,3836,,2026-09-02 09:49:20,2026-09-15 18:24:18,,1,0,47.85,3828
4611,1531,3,,,10,0,47.95,479.5,,0,0,,0,0,479.5,,2026-09-02 09:50:40,2026-09-15 18:24:18,,1,0,47.85,478.5
4612,1531,4,,,10,0,47.95,479.5,,0,0,,0,0,479.5,,2026-09-02 09:50:40,2026-09-15 18:24:18,,1,0,47.85,478.5
4613,1531,2,,,60,0,47.95,2877,,0,0,,0,0,2877,,2026-09-02 09:50:40,2026-09-15 18:24:18,,1,0,47.85,2871
4614,1531,1,,,70,0,47.95,3356.5,,0,0,,0,0,3356.5,,2026-09-02 09:50:40,2026-09-15 18:24:18,,1,0,47.85,3349.5
4615,1532,1,,,60,0,47.95,2877,,0,0,,0,0,2877,,2026-09-02 09:52:08,2026-09-15 18:24:18,,1,0,47.85,2871
4616,1532,2,,,30,0,47.95,1438.5,,0,0,,0,0,1438.5,,2026-09-02 09:52:08,2026-09-15 18:24:18,,1,0,47.85,1435.5
4617,1532,4,,,10,0,47.95,479.5,,0,0,,0,0,479.5,,2026-09-02 09:52:08,2026-09-15 18:24:18,,1,0,47.85,478.5
4618,1533,1,,,50,0,47.95,2397.5,,0,0,,0,0,2397.5,,2026-09-02 09:56:06,2026-09-15 18:24:18,,1,0,47.85,2392.5
4619,1533,2,,,40,0,47.95,1918,,0,0,,0,0,1918,,2026-09-02 09:56:06,2026-09-15 18:24:18,,1,0,47.85,1914
4620,1533,4,,,10,0,47.95,479.5,,0,0,,0,0,479.5,,2026-09-02 09:56:06,2026-09-15 18:24:18,,1,0,47.85,478.5
4621,1534,1,,,4500,0,47.95,215775,,0,0,,0,0,215775,,2026-09-02 11:08:37,2026-09-15 18:24:18,,1,0,47.85,215325
4622,1534,2,,,500,0,47.95,23975,,0,0,,0,0,23975,,2026-09-02 11:08:37,2026-09-15 18:24:18,,1,0,47.85,23925
4623,1535,1,,,100,0,47.95,4795,,0,0,,0,0,4795,,2026-09-02 11:50:45,2026-09-15 18:24:18,,1,0,47.85,4785
4624,1535,3,,,30,0,47.95,1438.5,,0,0,,0,0,1438.5,,2026-09-02 11:50:45,2026-09-15 18:24:18,,1,0,47.85,1435.5
4625,1535,4,,,50,0,47.95,2397.5,,0,0,,0,0,2397.5,,2026-09-02 11:50:45,2026-09-15 18:24:18,,1,0,47.85,2392.5
4626,1535,2,,,70,0,47.95,3356.5,,0,0,,0,0,3356.5,,2026-09-02 11:50:45,2026-09-15 18:24:18,,1,0,47.85,3349.5
4627,1536,1,,,40,0,47.95,1918,,0,0,,0,0,1918,,2026-09-02 11:50:46,2026-09-15 18:24:18,,1,0,47.85,1914
4628,1536,2,,,20,0,47.95,959,,0,0,,0,0,959,,2026-09-02 11:50:46,2026-09-15 18:24:18,,1,0,47.85,957
4629,1536,4,,,10,0,47.95,479.5,,0,0,,0,0,479.5,,2026-09-02 11:50:46,2026-09-15 18:24:18,,1,0,47.85,478.5
4630,1537,1,,,70,0,47.95,3356.5,,0,0,,0,0,3356.5,,2026-09-02 11:50:47,2026-09-15 18:24:18,,1,0,47.85,3349.5
4631,1537,2,,,50,0,47.95,2397.5,,0,0,,0,0,2397.5,,2026-09-02 11:50:47,2026-09-15 18:24:18,,1,0,47.85,2392.5
4632,1537,4,,,20,0,47.95,959,,0,0,,0,0,959,,2026-09-02 11:50:47,2026-09-15 18:24:18,,1,0,47.85,957
4633,1538,1,,,60,0,47.95,2877,,0,0,,0,0,2877,,2026-09-02 11:50:48,2026-09-15 18:24:18,,1,0,47.85,2871
4634,1538,2,,,60,0,47.95,2877,,0,0,,0,0,2877,,2026-09-02 11:50:48,2026-09-15 18:24:18,,1,0,47.85,2871
4635,1538,3,,,10,0,47.95,479.5,,0,0,,0,0,479.5,,2026-09-02 11:50:48,2026-09-15 18:24:18,,1,0,47.85,478.5
4636,1538,4,,,20,0,47.95,959,,0,0,,0,0,959,,2026-09-02 11:50:48,2026-09-15 18:24:18,,1,0,47.85,957
4637,1539,1,,,50,0,47.95,2397.5,,0,0,,0,0,2397.5,,2026-09-02 11:50:49,2026-09-15 18:24:18,,1,0,47.85,2392.5
4638,1539,2,,,20,0,47.95,959,,0,0,,0,0,959,,2026-09-02 11:50:49,2026-09-15 18:24:18,,1,0,47.85,957
4639,1539,3,,,10,0,47.95,479.5,,0,0,,0,0,479.5,,2026-09-02 11:50:49,2026-09-15 18:24:18,,1,0,47.85,478.5
4640,1539,4,,,20,0,47.95,959,,0,0,,0,0,959,,2026-09-02 11:50:49,2026-09-15 18:24:18,,1,0,47.85,957
4641,1540,1,,,300,0,47.95,14385,,0,0,,0,0,14385,,2026-09-02 11:50:50,2026-09-15 18:24:18,,1,0,47.85,14355
4642,1540,2,,,230,0,47.95,11028.5,,0,0,,0,0,11028.5,,2026-09-02 11:50:50,2026-09-15 18:24:18,,1,0,47.85,11005.5
4643,1540,3,,,30,0,47.95,1438.5,,0,0,,0,0,1438.5,,2026-09-02 11:50:50,2026-09-15 18:24:18,,1,0,47.85,1435.5
4644,1540,4,,,70,0,47.95,3356.5,,0,0,,0,0,3356.5,,2026-09-02 11:50:50,2026-09-15 18:24:18,,1,0,47.85,3349.5
4645,1541,1,,,500,0,47.95,23975,,0,0,,0,0,23975,,2026-09-02 11:50:51,2026-09-15 18:24:19,,1,0,47.85,23925
4646,1541,2,,,380,0,47.95,18221,,0,0,,0,0,18221,,2026-09-02 11:50:51,2026-09-15 18:24:19,,1,0,47.85,18183
4647,1541,3,,,50,0,47.95,2397.5,,0,0,,0,0,2397.5,,2026-09-02 11:50:51,2026-09-15 18:24:19,,1,0,47.85,2392.5
4648,1541,4,,,70,0,47.95,3356.5,,0,0,,0,0,3356.5,,2026-09-02 11:50:51,2026-09-15 18:24:19,,1,0,47.85,3349.5
4649,1542,1,,,220,0,47.95,10549,,0,0,,0,0,10549,,2026-09-02 11:50:52,2026-09-15 18:24:19,,1,0,47.85,10527
4650,1542,2,,,200,0,47.95,9590,,0,0,,0,0,9590,,2026-09-02 11:50:52,2026-09-15 18:24:19,,1,0,47.85,9570
4651,1542,3,,,30,0,47.95,1438.5,,0,0,,0,0,1438.5,,2026-09-02 11:50:52,2026-09-15 18:24:19,,1,0,47.85,1435.5
4652,1542,4,,,70,0,47.95,3356.5,,0,0,,0,0,3356.5,,2026-09-02 11:50:52,2026-09-15 18:24:19,,1,0,47.85,3349.5
4653,1543,1,,,50,0,47.95,2397.5,,0,0,,0,0,2397.5,,2026-09-02 11:50:53,2026-09-15 18:24:19,,1,0,47.85,2392.5
4654,1543,2,,,40,0,47.95,1918,,0,0,,0,0,1918,,2026-09-02 11:50:53,2026-09-15 18:24:19,,1,0,47.85,1914
4655,1543,4,,,10,0,47.95,479.5,,0,0,,0,0,479.5,,2026-09-02 11:50:53,2026-09-15 18:24:19,,1,0,47.85,478.5
4656,1544,1,,,50,0,47.95,2397.5,,0,0,,0,0,2397.5,,2026-09-02 11:50:54,2026-09-15 18:24:19,,1,0,47.85,2392.5
4657,1544,2,,,50,0,47.95,2397.5,,0,0,,0,0,2397.5,,2026-09-02 11:50:54,2026-09-15 18:24:19,,1,0,47.85,2392.5
4658,1545,1,,,1000,0,47.95,47950,,0,0,,0,0,47950,,2026-09-02 11:50:55,2026-09-15 18:24:19,,1,0,47.85,47850
4659,1546,1,,,10,0,47.95,479.5,,0,0,,0,0,479.5,,2026-09-02 11:50:56,2026-09-15 18:24:19,,1,0,47.85,478.5
4660,1546,2,,,10,0,47.95,479.5,,0,0,,0,0,479.5,,2026-09-02 11:50:56,2026-09-15 18:24:19,,1,0,47.85,478.5
4661,1547,2,,,50,0,47.95,2397.5,,0,0,,0,0,2397.5,,2026-09-02 11:50:57,2026-09-15 18:24:19,,1,0,47.85,2392.5
4662,1547,4,,,10,0,47.95,479.5,,0,0,,0,0,479.5,,2026-09-02 11:50:57,2026-09-15 18:24:19,,1,0,47.85,478.5
4663,1547,1,,,40,0,47.95,1918,,0,0,,0,0,1918,,2026-09-02 11:50:57,2026-09-15 18:24:19,,1,0,47.85,1914
4664,1548,1,,,750,0,47.95,35962.5,,0,0,,0,0,35962.5,,2026-09-02 11:50:58,2026-09-15 18:24:19,,1,0,47.85,35887.5
4665,1548,2,,,250,0,47.95,11987.5,,0,0,,0,0,11987.5,,2026-09-02 11:50:58,2026-09-15 18:24:19,,1,0,47.85,11962.5
4666,1548,3,,,50,0,47.95,2397.5,,0,0,,0,0,2397.5,,2026-09-02 11:50:58,2026-09-15 18:24:19,,1,0,47.85,2392.5
4667,1548,4,,,80,0,47.95,3836,,0,0,,0,0,3836,,2026-09-02 11:50:58,2026-09-15 18:24:19,,1,0,47.85,3828
4668,1549,1,,,250,0,47.95,11987.5,,0,0,,0,0,11987.5,,2026-09-02 11:59:58,2026-09-15 18:24:19,,1,0,47.85,11962.5
4669,1549,2,,,150,0,47.95,7192.5,,0,0,,0,0,7192.5,,2026-09-02 11:59:58,2026-09-15 18:24:19,,1,0,47.85,7177.5
4670,1549,3,,,30,0,47.95,1438.5,,0,0,,0,0,1438.5,,2026-09-02 11:59:58,2026-09-15 18:24:19,,1,0,47.85,1435.5
4671,1549,4,,,70,0,47.95,3356.5,,0,0,,0,0,3356.5,,2026-09-02 11:59:58,2026-09-15 18:24:19,,1,0,47.85,3349.5
4672,1550,1,,,320,0,47.95,15344,,0,0,,0,0,15344,,2026-09-02 11:59:59,2026-09-15 18:24:19,,1,0,47.85,15312
4673,1550,3,,,30,0,47.95,1438.5,,0,0,,0,0,1438.5,,2026-09-02 11:59:59,2026-09-15 18:24:19,,1,0,47.85,1435.5
4674,1550,4,,,60,0,47.95,2877,,0,0,,0,0,2877,,2026-09-02 11:59:59,2026-09-15 18:24:19,,1,0,47.85,2871
4675,1550,2,,,190,0,47.95,9110.5,,0,0,,0,0,9110.5,,2026-09-02 11:59:59,2026-09-15 18:24:19,,1,0,47.85,9091.5
4676,1551,1,,,3500,0,47.95,167825,,0,0,,0,0,167825,,2026-09-02 12:06:18,2026-09-15 18:24:19,,1,0,47.85,167475
4677,1551,2,,,1500,0,47.95,71925,,0,0,,0,0,71925,,2026-09-02 12:06:18,2026-09-15 18:24:19,,1,0,47.85,71775
4678,1551,3,,,250,0,47.95,11987.5,,0,0,,0,0,11987.5,,2026-09-02 12:06:18,2026-09-15 18:24:19,,1,0,47.85,11962.5
4679,1551,4,,,250,0,47.95,11987.5,,0,0,,0,0,11987.5,,2026-09-02 12:06:18,2026-09-15 18:24:19,,1,0,47.85,11962.5
4680,1552,1,,,3500,0,47.95,167825,,0,0,,0,0,167825,,2026-09-02 12:06:48,2026-09-15 18:24:19,,1,0,47.85,167475
4681,1552,2,,,1500,0,47.95,71925,,0,0,,0,0,71925,,2026-09-02 12:06:48,2026-09-15 18:24:19,,1,0,47.85,71775
4682,1552,3,,,250,0,47.95,11987.5,,0,0,,0,0,11987.5,,2026-09-02 12:06:48,2026-09-15 18:24:19,,1,0,47.85,11962.5
4683,1552,4,,,250,0,47.95,11987.5,,0,0,,0,0,11987.5,,2026-09-02 12:06:48,2026-09-15 18:24:19,,1,0,47.85,11962.5
4684,1553,1,,,300,0,47.95,14385,,0,0,,0,0,14385,,2026-09-02 12:07:20,2026-09-15 18:24:19,,1,0,47.85,14355
4685,1553,2,,,150,0,47.95,7192.5,,0,0,,0,0,7192.5,,2026-09-02 12:07:20,2026-09-15 18:24:19,,1,0,47.85,7177.5
4686,1553,3,,,30,0,47.95,1438.5,,0,0,,0,0,1438.5,,2026-09-02 12:07:20,2026-09-15 18:24:19,,1,0,47.85,1435.5
4687,1553,4,,,20,0,47.95,959,,0,0,,0,0,959,,2026-09-02 12:07:20,2026-09-15 18:24:19,,1,0,47.85,957
4688,1554,1,1,1,0,0,47.95,0,,0,0,,0,0,0,,2026-09-02 12:08:49,2026-09-15 18:24:19,,1,0,47.85,0
4689,1554,2,1,1,0,0,47.95,0,,0,0,,0,0,0,,2026-09-02 12:08:49,2026-09-15 18:24:19,,1,0,47.85,0
4690,1554,3,1,1,0,0,47.95,0,,0,0,,0,0,0,,2026-09-02 12:08:49,2026-09-15 18:24:19,,1,0,47.85,0
4691,1554,4,1,1,0,0,47.95,0,,0,0,,0,0,0,,2026-09-02 12:08:49,2026-09-15 18:24:19,,1,0,47.85,0
4692,1555,1,1,1,4200,0,47.95,201390,,0,0,,0,0,201390,,2026-09-02 12:10:46,2026-09-15 18:24:19,,1,0,47.85,200970
4693,1555,2,1,1,2940,0,47.95,140973,,0,0,,0,0,140973,,2026-09-02 12:10:46,2026-09-15 18:24:19,,1,0,47.85,140679
4694,1555,3,1,1,740,0,47.95,35483,,0,0,,0,0,35483,,2026-09-02 12:10:46,2026-09-15 18:24:19,,1,0,47.85,35409
4695,1555,4,1,1,740,0,47.95,35483,,0,0,,0,0,35483,,2026-09-02 12:10:46,2026-09-15 18:24:19,,1,0,47.85,35409
4696,1556,1,1,1,4000,0,47.85,191400,,0,0,,0,0,191400,,2026-09-02 12:14:31,2026-09-15 18:24:19,,1,0,47.85,191400
4697,1556,2,1,1,4000,0,47.85,191400,,0,0,,0,0,191400,,2026-09-02 12:14:31,2026-09-15 18:24:19,,1,0,47.85,191400
4698,1556,3,1,1,1000,0,47.85,47850,,0,0,,0,0,47850,,2026-09-02 12:14:31,2026-09-15 18:24:19,,1,0,47.85,47850
4699,1557,1,1,1,36030,0,47.95,1727638.5,,0,0,,0,0,1727638.5,,2026-09-02 12:15:34,2026-09-15 18:24:19,,1,0,47.85,1724035.5
4700,1557,2,1,1,20540,0,47.95,984893,,0,0,,0,0,984893,,2026-09-02 12:15:34,2026-09-15 18:24:19,,1,0,47.85,982839
4701,1557,3,1,1,3160,0,47.95,151522,,0,0,,0,0,151522,,2026-09-02 12:15:34,2026-09-15 18:24:19,,1,0,47.85,151206
4702,1557,4,1,1,4250,0,47.95,203787.5,,0,0,,0,0,203787.5,,2026-09-02 12:15:34,2026-09-15 18:24:19,,1,0,47.85,203362.5
4703,1558,1,1,1,1030,0,47.95,49388.5,,0,0,,0,0,49388.5,,2026-09-02 15:16:17,2026-09-15 18:24:19,,1,0,47.85,49285.5
4704,1558,2,1,1,540,0,47.95,25893,,0,0,,0,0,25893,,2026-09-02 15:16:17,2026-09-15 18:24:19,,1,0,47.85,25839
4705,1558,3,1,1,160,0,47.95,7672,,0,0,,0,0,7672,,2026-09-02 15:16:17,2026-09-15 18:24:19,,1,0,47.85,7656
4706,1558,4,1,1,250,0,47.95,11987.5,,0,0,,0,0,11987.5,,2026-09-02 15:16:17,2026-09-15 18:24:19,,1,0,47.85,11962.5
4707,1559,1,1,1,4770,0,47.95,228781.5,,0,0,,0,0,228781.5,,2026-09-02 15:56:19,2026-09-15 18:24:19,,1,0,47.85,228244.5
4708,1559,2,1,1,1690,0,47.95,81035.5,,0,0,,0,0,81035.5,,2026-09-02 15:56:19,2026-09-15 18:24:19,,1,0,47.85,80866.5
4709,1559,3,1,1,0,0,47.95,0,,0,0,,0,0,0,,2026-09-02 15:56:19,2026-09-15 18:24:19,,1,0,47.85,0
4710,1559,4,1,1,470,0,47.95,22536.5,,0,0,,0,0,22536.5,,2026-09-02 15:56:19,2026-09-15 18:24:19,,1,0,47.85,22489.5
4711,1458,1,,,4000,0,47.95,191800,,0,0,,0,0,191800,,2026-09-02 17:31:32,2026-09-15 18:24:19,,1,0,47.85,191400
4712,1458,2,,,3000,0,47.95,143850,,0,0,,0,0,143850,,2026-09-02 17:31:32,2026-09-15 18:24:19,,1,0,47.85,143550
4713,1458,3,,,300,0,47.95,14385,,0,0,,0,0,14385,,2026-09-02 17:31:32,2026-09-15 18:24:19,,1,0,47.85,14355
4714,1458,4,,,200,0,47.95,9590,,0,0,,0,0,9590,,2026-09-02 17:31:32,2026-09-15 18:24:19,,1,0,47.85,9570
4715,1560,1,,,1500,0,47.95,71925,,0,0,,0,0,71925,,2026-09-02 18:07:41,2026-09-15 18:24:19,,1,0,47.85,71775
4716,1560,2,,,1000,0,47.95,47950,,0,0,,0,0,47950,,2026-09-02 18:07:41,2026-09-15 18:24:19,,1,0,47.85,47850
4717,1369,1,,,3980,0,47.95,190841,,0,0,,0,0,190841,,2026-09-02 18:34:50,2026-09-15 18:24:19,,1,0,47.85,190443
4718,1369,2,,,2310,0,47.95,110764.5,,0,0,,0,0,110764.5,,2026-09-02 18:34:50,2026-09-15 18:24:20,,1,0,47.85,110533.5
4719,1369,3,,,390,0,47.95,18700.5,,0,0,,0,0,18700.5,,2026-09-02 18:34:50,2026-09-15 18:24:20,,1,0,47.85,18661.5
4720,1369,4,,,440,0,47.95,21098,,0,0,,0,0,21098,,2026-09-02 18:34:50,2026-09-15 18:24:20,,1,0,47.85,21054
4721,1399,1,,,30,0,47.95,1438.5,,0,0,,0,0,1438.5,,2026-09-02 19:46:02,2026-09-02 19:56:28,2026-09-02 19:56:28,1,0,47.85,1435.5
4722,1399,2,,,10,0,47.95,479.5,,0,0,,0,0,479.5,,2026-09-02 19:46:02,2026-09-02 19:56:28,2026-09-02 19:56:28,1,0,47.85,478.5
4723,1399,4,,,10,0,47.95,479.5,,0,0,,0,0,479.5,,2026-09-02 19:46:02,2026-09-02 19:56:28,2026-09-02 19:56:28,1,0,47.85,478.5
4724,1399,1,,,600,0,47.95,28770,,0,0,,0,0,28770,,2026-09-02 19:56:28,2026-09-02 19:56:57,2026-09-02 19:56:57,1,0,47.85,28710
4725,1399,2,,,10,0,47.95,479.5,,0,0,,0,0,479.5,,2026-09-02 19:56:28,2026-09-02 19:56:57,2026-09-02 19:56:57,1,0,47.85,478.5
4726,1399,4,,,10,0,47.95,479.5,,0,0,,0,0,479.5,,2026-09-02 19:56:28,2026-09-02 19:56:57,2026-09-02 19:56:57,1,0,47.85,478.5
4727,1399,1,,,600,0,47.95,28770,,0,0,,0,0,28770,,2026-09-02 19:56:57,2026-09-15 18:24:20,,1,0,47.85,28710
4728,1399,2,,,310,0,47.95,14864.5,,0,0,,0,0,14864.5,,2026-09-02 19:56:57,2026-09-15 18:24:20,,1,0,47.85,14833.5
4729,1399,4,,,50,0,47.95,2397.5,,0,0,,0,0,2397.5,,2026-09-02 19:56:57,2026-09-15 18:24:20,,1,0,47.85,2392.5
4730,1399,3,,,40,0,47.95,1918,,0,0,,0,0,1918,,2026-09-02 19:56:57,2026-09-15 18:24:20,,1,0,47.85,1914
4731,1561,1,,,1000,0,47.95,47950,,0,0,,0,0,47950,,2026-09-03 09:09:59,2026-09-15 18:24:20,,1,0,47.85,47850
4732,1561,2,,,1000,0,47.95,47950,,0,0,,0,0,47950,,2026-09-03 09:09:59,2026-09-15 18:24:20,,1,0,47.85,47850
4733,1561,3,,,100,0,47.95,4795,,0,0,,0,0,4795,,2026-09-03 09:09:59,2026-09-15 18:24:20,,1,0,47.85,4785
4734,1561,4,,,100,0,47.95,4795,,0,0,,0,0,4795,,2026-09-03 09:09:59,2026-09-15 18:24:20,,1,0,47.85,4785
4735,1562,1,,,300,0,47.95,14385,,0,0,,0,0,14385,,2026-09-03 09:10:27,2026-09-15 18:24:20,,1,0,47.85,14355
4736,1562,2,,,160,0,47.95,7672,,0,0,,0,0,7672,,2026-09-03 09:10:27,2026-09-15 18:24:20,,1,0,47.85,7656
4737,1562,3,,,20,0,47.95,959,,0,0,,0,0,959,,2026-09-03 09:10:27,2026-09-15 18:24:20,,1,0,47.85,957
4738,1562,4,,,20,0,47.95,959,,0,0,,0,0,959,,2026-09-03 09:10:27,2026-09-15 18:24:20,,1,0,47.85,957
4739,1563,1,,,2500,0,47.95,119875,,0,0,,0,0,119875,,2026-09-03 09:10:58,2026-09-15 18:24:20,,1,0,47.85,119625
4740,1563,2,,,2500,0,47.95,119875,,0,0,,0,0,119875,,2026-09-03 09:10:58,2026-09-15 18:24:20,,1,0,47.85,119625
4741,1564,1,,,8500,0,47.95,407575,,0,0,,0,0,407575,,2026-09-03 09:11:33,2026-09-15 18:24:20,,1,0,47.85,406725
4742,1564,2,,,6000,0,47.95,287700,,0,0,,0,0,287700,,2026-09-03 09:11:33,2026-09-15 18:24:20,,1,0,47.85,287100
4743,1564,4,,,500,0,47.95,23975,,0,0,,0,0,23975,,2026-09-03 09:11:33,2026-09-15 18:24:20,,1,0,47.85,23925
4744,1565,1,,,50,0,47.95,2397.5,,0,0,,0,0,2397.5,,2026-09-03 09:12:04,2026-09-15 18:24:20,,1,0,47.85,2392.5
4745,1565,2,,,30,0,47.95,1438.5,,0,0,,0,0,1438.5,,2026-09-03 09:12:04,2026-09-15 18:24:20,,1,0,47.85,1435.5
4746,1565,4,,,10,0,47.95,479.5,,0,0,,0,0,479.5,,2026-09-03 09:12:04,2026-09-15 18:24:20,,1,0,47.85,478.5
4747,1566,3,,,10,0,47.95,479.5,,0,0,,0,0,479.5,,2026-09-03 09:38:10,2026-09-15 18:24:20,,1,0,47.85,478.5
4748,1566,4,,,20,0,47.95,959,,0,0,,0,0,959,,2026-09-03 09:38:10,2026-09-15 18:24:20,,1,0,47.85,957
4749,1566,2,,,70,0,47.95,3356.5,,0,0,,0,0,3356.5,,2026-09-03 09:38:10,2026-09-15 18:24:20,,1,0,47.85,3349.5
4750,1566,1,,,100,0,47.95,4795,,0,0,,0,0,4795,,2026-09-03 09:38:10,2026-09-15 18:24:20,,1,0,47.85,4785
4751,1567,1,,,20,0,47.95,959,,0,0,,0,0,959,,2026-09-03 09:38:11,2026-09-15 18:24:20,,1,0,47.85,957
4752,1567,2,,,20,0,47.95,959,,0,0,,0,0,959,,2026-09-03 09:38:11,2026-09-15 18:24:20,,1,0,47.85,957
4753,1568,3,,,10,0,47.95,479.5,,0,0,,0,0,479.5,,2026-09-03 09:38:12,2026-09-15 18:24:20,,1,0,47.85,478.5
4754,1568,4,,,20,0,47.95,959,,0,0,,0,0,959,,2026-09-03 09:38:12,2026-09-15 18:24:20,,1,0,47.85,957
4755,1568,2,,,80,0,47.95,3836,,0,0,,0,0,3836,,2026-09-03 09:38:12,2026-09-15 18:24:20,,1,0,47.85,3828
4756,1568,1,,,90,0,47.95,4315.5,,0,0,,0,0,4315.5,,2026-09-03 09:38:12,2026-09-15 18:24:20,,1,0,47.85,4306.5
4757,1569,1,,,50,0,47.95,2397.5,,0,0,,0,0,2397.5,,2026-09-03 09:38:13,2026-09-15 18:24:20,,1,0,47.85,2392.5
4758,1569,3,,,10,0,47.95,479.5,,0,0,,0,0,479.5,,2026-09-03 09:38:13,2026-09-15 18:24:20,,1,0,47.85,478.5
4759,1569,4,,,20,0,47.95,959,,0,0,,0,0,959,,2026-09-03 09:38:13,2026-09-15 18:24:20,,1,0,47.85,957
4760,1569,2,,,40,0,47.95,1918,,0,0,,0,0,1918,,2026-09-03 09:38:13,2026-09-15 18:24:20,,1,0,47.85,1914
4761,1570,4,,,80,0,47.95,3836,,0,0,,0,0,3836,,2026-09-03 09:38:14,2026-09-15 18:24:20,,1,0,47.85,3828
4762,1570,1,,,500,0,47.95,23975,,0,0,,0,0,23975,,2026-09-03 09:38:14,2026-09-15 18:24:20,,1,0,47.85,23925
4763,1570,2,,,500,0,47.95,23975,,0,0,,0,0,23975,,2026-09-03 09:38:14,2026-09-15 18:24:20,,1,0,47.85,23925
4764,1570,3,,,70,0,47.95,3356.5,,0,0,,0,0,3356.5,,2026-09-03 09:38:14,2026-09-15 18:24:20,,1,0,47.85,3349.5
4765,1571,3,,,40,0,47.95,1918,,0,0,,0,0,1918,,2026-09-03 09:38:15,2026-09-15 18:24:20,,1,0,47.85,1914
4766,1571,4,,,40,0,47.95,1918,,0,0,,0,0,1918,,2026-09-03 09:38:15,2026-09-15 18:24:20,,1,0,47.85,1914
4767,1571,2,,,100,0,47.95,4795,,0,0,,0,0,4795,,2026-09-03 09:38:15,2026-09-15 18:24:20,,1,0,47.85,4785
4768,1571,1,,,320,0,47.95,15344,,0,0,,0,0,15344,,2026-09-03 09:38:15,2026-09-15 18:24:20,,1,0,47.85,15312
4769,1572,3,,,10,0,47.95,479.5,,0,0,,0,0,479.5,,2026-09-03 09:38:17,2026-09-15 18:24:20,,1,0,47.85,478.5
4770,1572,4,,,10,0,47.95,479.5,,0,0,,0,0,479.5,,2026-09-03 09:38:17,2026-09-15 18:24:20,,1,0,47.85,478.5
4771,1572,2,,,30,0,47.95,1438.5,,0,0,,0,0,1438.5,,2026-09-03 09:38:17,2026-09-15 18:24:20,,1,0,47.85,1435.5
4772,1572,1,,,80,0,47.95,3836,,0,0,,0,0,3836,,2026-09-03 09:38:17,2026-09-15 18:24:20,,1,0,47.85,3828
4773,1573,1,,,80,0,47.95,3836,,0,0,,0,0,3836,,2026-09-03 09:38:18,2026-09-15 18:24:20,,1,0,47.85,3828
4774,1573,2,,,60,0,47.95,2877,,0,0,,0,0,2877,,2026-09-03 09:38:18,2026-09-15 18:24:20,,1,0,47.85,2871
4775,1573,4,,,10,0,47.95,479.5,,0,0,,0,0,479.5,,2026-09-03 09:38:18,2026-09-15 18:24:20,,1,0,47.85,478.5
4776,1574,3,,,10,0,47.95,479.5,,0,0,,0,0,479.5,,2026-09-03 09:38:19,2026-09-15 18:24:20,,1,0,47.85,478.5
4777,1574,4,,,10,0,47.95,479.5,,0,0,,0,0,479.5,,2026-09-03 09:38:19,2026-09-15 18:24:20,,1,0,47.85,478.5
4778,1574,1,,,20,0,47.95,959,,0,0,,0,0,959,,2026-09-03 09:38:19,2026-09-15 18:24:20,,1,0,47.85,957
4779,1574,2,,,60,0,47.95,2877,,0,0,,0,0,2877,,2026-09-03 09:38:19,2026-09-15 18:24:20,,1,0,47.85,2871
4780,1575,1,,,50,0,47.95,2397.5,,0,0,,0,0,2397.5,,2026-09-03 09:38:20,2026-09-15 18:24:21,,1,0,47.85,2392.5
4781,1575,2,,,40,0,47.95,1918,,0,0,,0,0,1918,,2026-09-03 09:38:20,2026-09-15 18:24:21,,1,0,47.85,1914
4782,1575,4,,,10,0,47.95,479.5,,0,0,,0,0,479.5,,2026-09-03 09:38:20,2026-09-15 18:24:21,,1,0,47.85,478.5
4783,1576,1,,,1500,0,47.95,71925,,0,0,,0,0,71925,,2026-09-03 09:38:21,2026-09-15 18:24:21,,1,0,47.85,71775
4784,1576,2,,,3500,0,47.95,167825,,0,0,,0,0,167825,,2026-09-03 09:38:21,2026-09-15 18:24:21,,1,0,47.85,167475
4785,1576,3,,,150,0,47.95,7192.5,,0,0,,0,0,7192.5,,2026-09-03 09:38:21,2026-09-15 18:24:21,,1,0,47.85,7177.5
4786,1576,4,,,150,0,47.95,7192.5,,0,0,,0,0,7192.5,,2026-09-03 09:38:21,2026-09-15 18:24:21,,1,0,47.85,7177.5
4787,1577,3,,,20,0,47.95,959,,0,0,,0,0,959,,2026-09-03 09:38:23,2026-09-15 18:24:21,,1,0,47.85,957
4788,1577,4,,,20,0,47.95,959,,0,0,,0,0,959,,2026-09-03 09:38:23,2026-09-15 18:24:21,,1,0,47.85,957
4789,1577,2,,,50,0,47.95,2397.5,,0,0,,0,0,2397.5,,2026-09-03 09:38:23,2026-09-15 18:24:21,,1,0,47.85,2392.5
4790,1577,1,,,80,0,47.95,3836,,0,0,,0,0,3836,,2026-09-03 09:38:23,2026-09-15 18:24:21,,1,0,47.85,3828
4791,1578,3,,,30,0,47.95,1438.5,,0,0,,0,0,1438.5,,2026-09-03 09:38:24,2026-09-15 18:24:21,,1,0,47.85,1435.5
4792,1578,4,,,50,0,47.95,2397.5,,0,0,,0,0,2397.5,,2026-09-03 09:38:24,2026-09-15 18:24:21,,1,0,47.85,2392.5
4793,1578,1,,,200,0,47.95,9590,,0,0,,0,0,9590,,2026-09-03 09:38:24,2026-09-15 18:24:21,,1,0,47.85,9570
4794,1578,2,,,220,0,47.95,10549,,0,0,,0,0,10549,,2026-09-03 09:38:24,2026-09-15 18:24:21,,1,0,47.85,10527
4795,1579,3,,,10,0,47.95,479.5,,0,0,,0,0,479.5,,2026-09-03 09:38:25,2026-09-15 18:24:21,,1,0,47.85,478.5
4796,1579,4,,,10,0,47.95,479.5,,0,0,,0,0,479.5,,2026-09-03 09:38:25,2026-09-15 18:24:21,,1,0,47.85,478.5
4797,1579,2,,,30,0,47.95,1438.5,,0,0,,0,0,1438.5,,2026-09-03 09:38:25,2026-09-15 18:24:21,,1,0,47.85,1435.5
4798,1579,1,,,30,0,47.95,1438.5,,0,0,,0,0,1438.5,,2026-09-03 09:38:25,2026-09-15 18:24:21,,1,0,47.85,1435.5
4799,1580,4,,,10,0,47.95,479.5,,0,0,,0,0,479.5,,2026-09-03 09:38:26,2026-09-15 18:24:21,,1,0,47.85,478.5
4800,1580,2,,,80,0,47.95,3836,,0,0,,0,0,3836,,2026-09-03 09:38:26,2026-09-15 18:24:21,,1,0,47.85,3828
4801,1580,1,,,120,0,47.95,5754,,0,0,,0,0,5754,,2026-09-03 09:38:26,2026-09-15 18:24:21,,1,0,47.85,5742
4802,1581,1,,,30,0,47.95,1438.5,,0,0,,0,0,1438.5,,2026-09-03 09:38:27,2026-09-15 18:24:21,,1,0,47.85,1435.5
4803,1581,2,,,20,0,47.95,959,,0,0,,0,0,959,,2026-09-03 09:38:27,2026-09-15 18:24:21,,1,0,47.85,957
4804,1582,3,,,20,0,47.95,959,,0,0,,0,0,959,,2026-09-03 09:38:27,2026-09-15 18:24:21,,1,0,47.85,957
4805,1582,4,,,20,0,47.95,959,,0,0,,0,0,959,,2026-09-03 09:38:27,2026-09-15 18:24:21,,1,0,47.85,957
4806,1582,2,,,60,0,47.95,2877,,0,0,,0,0,2877,,2026-09-03 09:38:27,2026-09-15 18:24:21,,1,0,47.85,2871
4807,1582,1,,,200,0,47.95,9590,,0,0,,0,0,9590,,2026-09-03 09:38:27,2026-09-15 18:24:21,,1,0,47.85,9570
4808,1583,3,,,100,0,47.95,4795,,0,0,,0,0,4795,,2026-09-03 09:38:29,2026-09-15 18:24:21,,1,0,47.85,4785
4809,1583,4,,,150,0,47.95,7192.5,,0,0,,0,0,7192.5,,2026-09-03 09:38:29,2026-09-15 18:24:21,,1,0,47.85,7177.5
4810,1583,2,,,800,0,47.95,38360,,0,0,,0,0,38360,,2026-09-03 09:38:29,2026-09-15 18:24:21,,1,0,47.85,38280
4811,1583,1,,,450,0,47.95,21577.5,,0,0,,0,0,21577.5,,2026-09-03 09:38:29,2026-09-15 18:24:21,,1,0,47.85,21532.5
4812,1584,4,,,20,0,47.95,959,,0,0,,0,0,959,,2026-09-03 09:38:30,2026-09-15 18:24:21,,1,0,47.85,957
4813,1584,2,,,90,0,47.95,4315.5,,0,0,,0,0,4315.5,,2026-09-03 09:38:30,2026-09-15 18:24:21,,1,0,47.85,4306.5
4814,1584,1,,,100,0,47.95,4795,,0,0,,0,0,4795,,2026-09-03 09:38:30,2026-09-15 18:24:21,,1,0,47.85,4785
4815,1585,1,,,40,0,47.95,1918,,0,0,,0,0,1918,,2026-09-03 09:38:31,2026-09-15 18:24:21,,1,0,47.85,1914
4816,1585,2,,,10,0,47.95,479.5,,0,0,,0,0,479.5,,2026-09-03 09:38:31,2026-09-15 18:24:21,,1,0,47.85,478.5
4817,1585,4,,,10,0,47.95,479.5,,0,0,,0,0,479.5,,2026-09-03 09:38:31,2026-09-15 18:24:21,,1,0,47.85,478.5
4818,1586,1,,,800,0,47.95,38360,,0,0,,0,0,38360,,2026-09-03 09:38:32,2026-09-15 18:24:21,,1,0,47.85,38280
4819,1586,4,,,50,0,47.95,2397.5,,0,0,,0,0,2397.5,,2026-09-03 09:38:32,2026-09-15 18:24:21,,1,0,47.85,2392.5
4820,1587,3,,,10,0,47.95,479.5,,0,0,,0,0,479.5,,2026-09-03 09:38:32,2026-09-15 18:24:21,,1,0,47.85,478.5
4821,1587,4,,,10,0,47.95,479.5,,0,0,,0,0,479.5,,2026-09-03 09:38:32,2026-09-15 18:24:21,,1,0,47.85,478.5
4822,1587,2,,,80,0,47.95,3836,,0,0,,0,0,3836,,2026-09-03 09:38:32,2026-09-15 18:24:21,,1,0,47.85,3828
4823,1587,1,,,50,0,47.95,2397.5,,0,0,,0,0,2397.5,,2026-09-03 09:38:32,2026-09-15 18:24:21,,1,0,47.85,2392.5
4824,1588,1,,,150,0,47.95,7192.5,,0,0,,0,0,7192.5,,2026-09-03 09:38:33,2026-09-15 18:24:21,,1,0,47.85,7177.5
4825,1588,2,,,170,0,47.95,8151.5,,0,0,,0,0,8151.5,,2026-09-03 09:38:33,2026-09-15 18:24:21,,1,0,47.85,8134.5
4826,1588,4,,,20,0,47.95,959,,0,0,,0,0,959,,2026-09-03 09:38:33,2026-09-15 18:24:21,,1,0,47.85,957
4827,1588,3,,,10,0,47.95,479.5,,0,0,,0,0,479.5,,2026-09-03 09:38:33,2026-09-15 18:24:21,,1,0,47.85,478.5
4828,1589,1,,,100,0,47.95,4795,,0,0,,0,0,4795,,2026-09-03 09:38:34,2026-09-15 18:24:21,,1,0,47.85,4785
4829,1589,2,,,80,0,47.95,3836,,0,0,,0,0,3836,,2026-09-03 09:38:34,2026-09-15 18:24:21,,1,0,47.85,3828
4830,1589,4,,,20,0,47.95,959,,0,0,,0,0,959,,2026-09-03 09:38:34,2026-09-15 18:24:21,,1,0,47.85,957
4831,1590,1,,,500,0,47.95,23975,,0,0,,0,0,23975,,2026-09-03 09:38:35,2026-09-15 18:24:21,,1,0,47.85,23925
4832,1590,2,,,500,0,47.95,23975,,0,0,,0,0,23975,,2026-09-03 09:38:35,2026-09-15 18:24:21,,1,0,47.85,23925
4833,1590,3,,,100,0,47.95,4795,,0,0,,0,0,4795,,2026-09-03 09:38:35,2026-09-15 18:24:21,,1,0,47.85,4785
4834,1590,4,,,100,0,47.95,4795,,0,0,,0,0,4795,,2026-09-03 09:38:35,2026-09-15 18:24:21,,1,0,47.85,4785
4835,1591,3,,,40,0,47.95,1918,,0,0,,0,0,1918,,2026-09-03 09:38:35,2026-09-15 18:24:21,,1,0,47.85,1914
4836,1591,4,,,50,0,47.95,2397.5,,0,0,,0,0,2397.5,,2026-09-03 09:38:35,2026-09-15 18:24:21,,1,0,47.85,2392.5
4837,1591,2,,,150,0,47.95,7192.5,,0,0,,0,0,7192.5,,2026-09-03 09:38:35,2026-09-15 18:24:21,,1,0,47.85,7177.5
4838,1591,1,,,260,0,47.95,12467,,0,0,,0,0,12467,,2026-09-03 09:38:35,2026-09-15 18:24:21,,1,0,47.85,12441
4839,1592,1,,,200,0,47.95,9590,,0,0,,0,0,9590,,2026-09-03 09:38:36,2026-09-15 18:24:21,,1,0,47.85,9570
4840,1593,1,,,130,0,47.95,6233.5,,0,0,,0,0,6233.5,,2026-09-03 09:47:34,2026-09-15 18:24:21,,1,0,47.85,6220.5
4841,1593,2,,,70,0,47.95,3356.5,,0,0,,0,0,3356.5,,2026-09-03 09:47:34,2026-09-15 18:24:21,,1,0,47.85,3349.5
4842,1594,1,,,700,0,47.95,33565,,0,0,,0,0,33565,,2026-09-03 09:50:16,2026-09-15 18:24:21,,1,0,47.85,33495
4843,1594,2,,,400,0,47.95,19180,,0,0,,0,0,19180,,2026-09-03 09:50:16,2026-09-15 18:24:21,,1,0,47.85,19140
4844,1594,3,,,70,0,47.95,3356.5,,0,0,,0,0,3356.5,,2026-09-03 09:50:16,2026-09-15 18:24:22,,1,0,47.85,3349.5
4845,1594,4,,,70,0,47.95,3356.5,,0,0,,0,0,3356.5,,2026-09-03 09:50:16,2026-09-15 18:24:22,,1,0,47.85,3349.5
4846,1595,1,,,700,0,47.95,33565,,0,0,,0,0,33565,,2026-09-03 09:53:30,2026-09-15 18:24:22,,1,0,47.85,33495
4847,1595,2,,,400,0,47.95,19180,,0,0,,0,0,19180,,2026-09-03 09:53:30,2026-09-15 18:24:22,,1,0,47.85,19140
4848,1595,3,,,70,0,47.95,3356.5,,0,0,,0,0,3356.5,,2026-09-03 09:53:30,2026-09-15 18:24:22,,1,0,47.85,3349.5
4849,1595,4,,,70,0,47.95,3356.5,,0,0,,0,0,3356.5,,2026-09-03 09:53:30,2026-09-15 18:24:22,,1,0,47.85,3349.5
4850,1596,1,,,600,0,47.95,28770,,0,0,,0,0,28770,,2026-09-03 09:54:21,2026-09-15 18:24:22,,1,0,47.85,28710
4851,1596,2,,,300,0,47.95,14385,,0,0,,0,0,14385,,2026-09-03 09:54:21,2026-09-15 18:24:22,,1,0,47.85,14355
4852,1596,3,,,60,0,47.95,2877,,0,0,,0,0,2877,,2026-09-03 09:54:21,2026-09-15 18:24:22,,1,0,47.85,2871
4853,1596,4,,,60,0,47.95,2877,,0,0,,0,0,2877,,2026-09-03 09:54:21,2026-09-15 18:24:22,,1,0,47.85,2871
4854,1597,1,,,100,0,47.95,4795,,0,0,,0,0,4795,,2026-09-03 10:15:32,2026-09-15 18:24:22,,1,0,47.85,4785
4855,1598,1,1,1,10000,0,47.85,478500,,0,0,,0,0,478500,,2026-09-03 10:24:50,2026-09-15 18:24:22,,1,0,47.85,478500
4856,1598,2,1,1,5000,0,47.85,239250,,0,0,,0,0,239250,,2026-09-03 10:24:50,2026-09-15 18:24:22,,1,0,47.85,239250
4857,1598,3,1,1,1000,0,47.85,47850,,0,0,,0,0,47850,,2026-09-03 10:24:50,2026-09-15 18:24:22,,1,0,47.85,47850
4858,1599,1,1,1,46050,0,47.95,2208097.5,,0,0,,0,0,2208097.5,,2026-09-05 23:10:40,2026-09-15 18:24:22,,1,0,47.85,2203492.5
4859,1599,2,1,1,28850,0,47.95,1383357.5,,0,0,,0,0,1383357.5,,2026-09-05 23:10:40,2026-09-15 18:24:22,,1,0,47.85,1380472.5
4860,1599,3,1,1,4540,0,47.95,217693,,0,0,,0,0,217693,,2026-09-05 23:10:40,2026-09-15 18:24:22,,1,0,47.85,217239
4861,1599,4,1,1,7100,0,47.95,340445,,0,0,,0,0,340445,,2026-09-05 23:10:40,2026-09-15 18:24:22,,1,0,47.85,339735
4862,1600,1,,,400,0,47.95,19180,,0,0,,0,0,19180,,2026-09-06 07:19:28,2026-09-08 12:43:30,,1,0,47.85,19140
4863,1600,4,,,100,0,47.95,4795,,0,0,,0,0,4795,,2026-09-06 07:19:28,2026-09-08 12:43:30,,1,0,47.85,4785
4864,1601,1,,,80,0,47.95,3836,,0,0,,0,0,3836,,2026-09-06 07:21:43,2026-09-08 12:43:30,,1,0,47.85,3828
4865,1601,3,,,10,0,47.95,479.5,,0,0,,0,0,479.5,,2026-09-06 07:21:43,2026-09-08 12:43:30,,1,0,47.85,478.5
4866,1601,4,,,20,0,47.95,959,,0,0,,0,0,959,,2026-09-06 07:21:43,2026-09-08 12:43:30,,1,0,47.85,957
4867,1601,2,,,10,0,47.95,479.5,,0,0,,0,0,479.5,,2026-09-06 07:21:43,2026-09-08 12:43:30,,1,0,47.85,478.5
4868,1602,1,,,300,0,47.95,14385,,0,0,,0,0,14385,,2026-09-06 07:23:07,2026-09-08 12:43:31,,1,0,47.85,14355
4869,1602,3,,,30,0,47.95,1438.5,,0,0,,0,0,1438.5,,2026-09-06 07:23:07,2026-09-08 12:43:31,,1,0,47.85,1435.5
4870,1602,4,,,70,0,47.95,3356.5,,0,0,,0,0,3356.5,,2026-09-06 07:23:07,2026-09-08 12:43:31,,1,0,47.85,3349.5
4871,1602,2,,,100,0,47.95,4795,,0,0,,0,0,4795,,2026-09-06 07:23:07,2026-09-08 12:43:31,,1,0,47.85,4785
4872,1603,1,,,140,0,47.95,6713,,0,0,,0,0,6713,,2026-09-06 07:26:21,2026-09-08 12:43:31,,1,0,47.85,6699
4873,1603,3,,,20,0,47.95,959,,0,0,,0,0,959,,2026-09-06 07:26:21,2026-09-08 12:43:31,,1,0,47.85,957
4874,1603,4,,,50,0,47.95,2397.5,,0,0,,0,0,2397.5,,2026-09-06 07:26:21,2026-09-08 12:43:31,,1,0,47.85,2392.5
4875,1603,2,,,60,0,47.95,2877,,0,0,,0,0,2877,,2026-09-06 07:26:21,2026-09-08 12:43:31,,1,0,47.85,2871
4876,1604,1,,,650,0,47.95,31167.5,,0,0,,0,0,31167.5,,2026-09-06 07:30:57,2026-09-08 12:43:32,,1,0,47.85,31102.5
4877,1604,2,,,200,0,47.95,9590,,0,0,,0,0,9590,,2026-09-06 07:30:57,2026-09-08 12:43:32,,1,0,47.85,9570
4878,1604,3,,,50,0,47.95,2397.5,,0,0,,0,0,2397.5,,2026-09-06 07:30:57,2026-09-08 12:43:32,,1,0,47.85,2392.5
4879,1604,4,,,100,0,47.95,4795,,0,0,,0,0,4795,,2026-09-06 07:30:57,2026-09-08 12:43:32,,1,0,47.85,4785
4880,1605,1,,,250,0,47.95,11987.5,,0,0,,0,0,11987.5,,2026-09-06 07:31:42,2026-09-08 12:46:11,,1,0,47.85,11962.5
4881,1605,3,,,30,0,47.95,1438.5,,0,0,,0,0,1438.5,,2026-09-06 07:31:42,2026-09-08 12:46:11,,1,0,47.85,1435.5
4882,1605,4,,,70,0,47.95,3356.5,,0,0,,0,0,3356.5,,2026-09-06 07:31:42,2026-09-08 12:46:11,,1,0,47.85,3349.5
4883,1605,2,,,150,0,47.95,7192.5,,0,0,,0,0,7192.5,,2026-09-06 07:31:42,2026-09-08 12:46:11,,1,0,47.85,7177.5
4884,1606,1,,,120,0,47.95,5754,,0,0,,0,0,5754,,2026-09-06 07:33:07,2026-09-08 12:43:33,,1,0,47.85,5742
4885,1606,2,,,30,0,47.95,1438.5,,0,0,,0,0,1438.5,,2026-09-06 07:33:07,2026-09-08 12:43:33,,1,0,47.85,1435.5
4886,1606,4,,,20,0,47.95,959,,0,0,,0,0,959,,2026-09-06 07:33:07,2026-09-08 12:43:33,,1,0,47.85,957
4887,1607,1,,,20,0,47.95,959,,0,0,,0,0,959,,2026-09-06 07:38:47,2026-09-08 12:43:34,,1,0,47.85,957
4888,1607,2,,,10,0,47.95,479.5,,0,0,,0,0,479.5,,2026-09-06 07:38:47,2026-09-08 12:43:34,,1,0,47.85,478.5
4889,1608,1,,,120,0,47.95,5754,,0,0,,0,0,5754,,2026-09-06 07:39:53,2026-09-08 12:43:34,,1,0,47.85,5742
4890,1608,2,,,50,0,47.95,2397.5,,0,0,,0,0,2397.5,,2026-09-06 07:39:53,2026-09-08 12:43:34,,1,0,47.85,2392.5
4891,1608,3,,,10,0,47.95,479.5,,0,0,,0,0,479.5,,2026-09-06 07:39:53,2026-09-08 12:43:34,,1,0,47.85,478.5
4892,1608,4,,,20,0,47.95,959,,0,0,,0,0,959,,2026-09-06 07:39:53,2026-09-08 12:43:34,,1,0,47.85,957
4893,1609,1,,,350,0,47.95,16782.5,,0,0,,0,0,16782.5,,2026-09-06 07:44:41,2026-09-08 12:43:35,,1,0,47.85,16747.5
4894,1609,2,,,60,0,47.95,2877,,0,0,,0,0,2877,,2026-09-06 07:44:41,2026-09-08 12:43:35,,1,0,47.85,2871
4895,1609,3,,,40,0,47.95,1918,,0,0,,0,0,1918,,2026-09-06 07:44:41,2026-09-08 12:43:35,,1,0,47.85,1914
4896,1609,4,,,50,0,47.95,2397.5,,0,0,,0,0,2397.5,,2026-09-06 07:44:41,2026-09-08 12:43:35,,1,0,47.85,2392.5
4897,1610,2,,,70,0,47.95,3356.5,,0,0,,0,0,3356.5,,2026-09-06 08:06:30,2026-09-08 12:43:35,,1,0,47.85,3349.5
4898,1610,4,,,30,0,47.95,1438.5,,0,0,,0,0,1438.5,,2026-09-06 08:06:30,2026-09-08 12:43:35,,1,0,47.85,1435.5
4899,1610,3,,,10,0,47.95,479.5,,0,0,,0,0,479.5,,2026-09-06 08:06:30,2026-09-08 12:43:35,,1,0,47.85,478.5
4900,1610,1,,,40,0,47.95,1918,,0,0,,0,0,1918,,2026-09-06 08:06:30,2026-09-08 12:43:35,,1,0,47.85,1914
4901,1611,1,,,50,0,47.95,2397.5,,0,0,,0,0,2397.5,,2026-09-06 08:08:52,2026-09-08 12:43:36,,1,0,47.85,2392.5
4902,1611,2,,,20,0,47.95,959,,0,0,,0,0,959,,2026-09-06 08:08:52,2026-09-08 12:43:36,,1,0,47.85,957
4903,1611,3,,,10,0,47.95,479.5,,0,0,,0,0,479.5,,2026-09-06 08:08:52,2026-09-08 12:43:36,,1,0,47.85,478.5
4904,1611,4,,,20,0,47.95,959,,0,0,,0,0,959,,2026-09-06 08:08:52,2026-09-08 12:43:36,,1,0,47.85,957
4905,1612,1,,,300,0,47.95,14385,,0,0,,0,0,14385,,2026-09-06 08:11:55,2026-09-08 12:43:36,,1,0,47.85,14355
4906,1612,3,,,50,0,47.95,2397.5,,0,0,,0,0,2397.5,,2026-09-06 08:11:55,2026-09-08 12:43:36,,1,0,47.85,2392.5
4907,1612,4,,,70,0,47.95,3356.5,,0,0,,0,0,3356.5,,2026-09-06 08:11:55,2026-09-08 12:43:36,,1,0,47.85,3349.5
4908,1612,2,,,80,0,47.95,3836,,0,0,,0,0,3836,,2026-09-06 08:11:55,2026-09-08 12:43:36,,1,0,47.85,3828
4909,1613,1,,,300,0,47.95,14385,,0,0,,0,0,14385,,2026-09-06 08:12:44,2026-09-08 12:43:37,,1,0,47.85,14355
4910,1613,3,,,40,0,47.95,1918,,0,0,,0,0,1918,,2026-09-06 08:12:44,2026-09-08 12:43:37,,1,0,47.85,1914
4911,1613,4,,,80,0,47.95,3836,,0,0,,0,0,3836,,2026-09-06 08:12:44,2026-09-08 12:43:37,,1,0,47.85,3828
4912,1613,2,,,90,0,47.95,4315.5,,0,0,,0,0,4315.5,,2026-09-06 08:12:44,2026-09-08 12:43:37,,1,0,47.85,4306.5
4913,1614,1,,,80,0,47.95,3836,,0,0,,0,0,3836,,2026-09-06 08:13:46,2026-09-08 12:43:38,,1,0,47.85,3828
4914,1614,2,,,40,0,47.95,1918,,0,0,,0,0,1918,,2026-09-06 08:13:46,2026-09-08 12:43:38,,1,0,47.85,1914
4915,1614,3,,,10,0,47.95,479.5,,0,0,,0,0,479.5,,2026-09-06 08:13:46,2026-09-08 12:43:38,,1,0,47.85,478.5
4916,1614,4,,,20,0,47.95,959,,0,0,,0,0,959,,2026-09-06 08:13:46,2026-09-08 12:43:38,,1,0,47.85,957
4917,1615,1,,,230,0,47.95,11028.5,,0,0,,0,0,11028.5,,2026-09-06 08:27:59,2026-09-08 12:43:39,,1,0,47.85,11005.5
4918,1615,4,,,50,0,47.95,2397.5,,0,0,,0,0,2397.5,,2026-09-06 08:27:59,2026-09-08 12:43:39,,1,0,47.85,2392.5
4919,1615,2,,,100,0,47.95,4795,,0,0,,0,0,4795,,2026-09-06 08:27:59,2026-09-08 12:43:39,,1,0,47.85,4785
4920,1615,3,,,20,0,47.95,959,,0,0,,0,0,959,,2026-09-06 08:27:59,2026-09-08 12:43:39,,1,0,47.85,957
4921,1616,1,,,60,0,47.95,2877,,0,0,,0,0,2877,,2026-09-06 08:28:27,2026-09-08 12:43:39,,1,0,47.85,2871
4922,1616,2,,,30,0,47.95,1438.5,,0,0,,0,0,1438.5,,2026-09-06 08:28:27,2026-09-08 12:43:39,,1,0,47.85,1435.5
4923,1616,4,,,10,0,47.95,479.5,,0,0,,0,0,479.5,,2026-09-06 08:28:27,2026-09-08 12:43:39,,1,0,47.85,478.5
4924,1617,1,,,50,0,47.95,2397.5,,0,0,,0,0,2397.5,,2026-09-06 08:35:31,2026-09-08 12:43:40,,1,0,47.85,2392.5
4925,1617,2,,,20,0,47.95,959,,0,0,,0,0,959,,2026-09-06 08:35:31,2026-09-08 12:43:40,,1,0,47.85,957
4926,1617,3,,,10,0,47.95,479.5,,0,0,,0,0,479.5,,2026-09-06 08:35:31,2026-09-08 12:43:40,,1,0,47.85,478.5
4927,1617,4,,,20,0,47.95,959,,0,0,,0,0,959,,2026-09-06 08:35:31,2026-09-08 12:43:40,,1,0,47.85,957
4928,1618,1,,,80,0,47.95,3836,,0,0,,0,0,3836,,2026-09-06 08:37:24,2026-09-08 12:43:40,,1,0,47.85,3828
4929,1618,2,,,60,0,47.95,2877,,0,0,,0,0,2877,,2026-09-06 08:37:24,2026-09-08 12:43:40,,1,0,47.85,2871
4930,1618,3,,,10,0,47.95,479.5,,0,0,,0,0,479.5,,2026-09-06 08:37:24,2026-09-08 12:43:40,,1,0,47.85,478.5
4931,1618,4,,,20,0,47.95,959,,0,0,,0,0,959,,2026-09-06 08:37:24,2026-09-08 12:43:40,,1,0,47.85,957
4932,1619,1,,,600,0,47.95,28770,,0,0,,0,0,28770,,2026-09-06 08:38:24,2026-09-08 12:43:41,,1,0,47.85,28710
4933,1619,2,,,250,0,47.95,11987.5,,0,0,,0,0,11987.5,,2026-09-06 08:38:24,2026-09-08 12:43:41,,1,0,47.85,11962.5
4934,1619,3,,,50,0,47.95,2397.5,,0,0,,0,0,2397.5,,2026-09-06 08:38:24,2026-09-08 12:43:41,,1,0,47.85,2392.5
4935,1619,4,,,100,0,47.95,4795,,0,0,,0,0,4795,,2026-09-06 08:38:24,2026-09-08 12:43:41,,1,0,47.85,4785
4936,1620,3,,,70,0,47.95,3356.5,,0,0,,0,0,3356.5,,2026-09-06 09:02:42,2026-09-08 12:43:41,,1,0,47.85,3349.5
4937,1620,4,,,130,0,47.95,6233.5,,0,0,,0,0,6233.5,,2026-09-06 09:02:42,2026-09-08 12:43:41,,1,0,47.85,6220.5
4938,1620,2,,,300,0,47.95,14385,,0,0,,0,0,14385,,2026-09-06 09:02:42,2026-09-08 12:43:41,,1,0,47.85,14355
4939,1620,1,,,250,0,47.95,11987.5,,0,0,,0,0,11987.5,,2026-09-06 09:02:42,2026-09-08 12:43:41,,1,0,47.85,11962.5
4940,1621,1,,,80,0,47.95,3836,,0,0,,0,0,3836,,2026-09-06 09:03:42,2026-09-08 12:43:42,,1,0,47.85,3828
4941,1621,2,,,40,0,47.95,1918,,0,0,,0,0,1918,,2026-09-06 09:03:42,2026-09-08 12:43:42,,1,0,47.85,1914
4942,1621,3,,,10,0,47.95,479.5,,0,0,,0,0,479.5,,2026-09-06 09:03:42,2026-09-08 12:43:42,,1,0,47.85,478.5
4943,1621,4,,,20,0,47.95,959,,0,0,,0,0,959,,2026-09-06 09:03:42,2026-09-08 12:43:42,,1,0,47.85,957
4944,1622,1,,,470,0,47.95,22536.5,,0,0,,0,0,22536.5,,2026-09-06 09:05:23,2026-09-06 17:26:21,2026-09-06 17:26:21,1,0,47.85,22489.5
4945,1622,2,,,240,0,47.95,11508,,0,0,,0,0,11508,,2026-09-06 09:05:23,2026-09-06 17:26:21,2026-09-06 17:26:21,1,0,47.85,11484
4946,1622,3,,,20,0,47.95,959,,0,0,,0,0,959,,2026-09-06 09:05:23,2026-09-06 17:26:21,2026-09-06 17:26:21,1,0,47.85,957
4947,1622,4,,,30,0,47.95,1438.5,,0,0,,0,0,1438.5,,2026-09-06 09:05:23,2026-09-06 17:26:21,2026-09-06 17:26:21,1,0,47.85,1435.5
4948,1623,1,,,80,0,47.95,3836,,0,0,,0,0,3836,,2026-09-06 09:05:56,2026-09-08 12:43:43,,1,0,47.85,3828
4949,1623,2,,,40,0,47.95,1918,,0,0,,0,0,1918,,2026-09-06 09:05:56,2026-09-08 12:43:43,,1,0,47.85,1914
4950,1623,3,,,10,0,47.95,479.5,,0,0,,0,0,479.5,,2026-09-06 09:05:56,2026-09-08 12:43:43,,1,0,47.85,478.5
4951,1623,4,,,20,0,47.95,959,,0,0,,0,0,959,,2026-09-06 09:05:56,2026-09-08 12:43:43,,1,0,47.85,957
4952,1624,1,,,100,0,47.95,4795,,0,0,,0,0,4795,,2026-09-06 09:09:12,2026-09-08 12:43:43,,1,0,47.85,4785
4953,1624,2,,,40,0,47.95,1918,,0,0,,0,0,1918,,2026-09-06 09:09:12,2026-09-08 12:43:43,,1,0,47.85,1914
4954,1625,1,,,150,0,47.95,7192.5,,0,0,,0,0,7192.5,,2026-09-06 09:13:13,2026-09-08 12:43:44,,1,0,47.85,7177.5
4955,1625,2,,,60,0,47.95,2877,,0,0,,0,0,2877,,2026-09-06 09:13:13,2026-09-08 12:43:44,,1,0,47.85,2871
4956,1625,3,,,20,0,47.95,959,,0,0,,0,0,959,,2026-09-06 09:13:13,2026-09-08 12:43:44,,1,0,47.85,957
4957,1625,4,,,20,0,47.95,959,,0,0,,0,0,959,,2026-09-06 09:13:13,2026-09-08 12:43:44,,1,0,47.85,957
4958,1626,1,,,120,0,47.95,5754,,0,0,,0,0,5754,,2026-09-06 09:13:47,2026-09-08 12:43:44,,1,0,47.85,5742
4959,1626,2,,,60,0,47.95,2877,,0,0,,0,0,2877,,2026-09-06 09:13:47,2026-09-08 12:43:44,,1,0,47.85,2871
4960,1626,3,,,10,0,47.95,479.5,,0,0,,0,0,479.5,,2026-09-06 09:13:47,2026-09-08 12:43:44,,1,0,47.85,478.5
4961,1626,4,,,20,0,47.95,959,,0,0,,0,0,959,,2026-09-06 09:13:47,2026-09-08 12:43:44,,1,0,47.85,957
4962,1627,2,,,70,0,47.95,3356.5,,0,0,,0,0,3356.5,,2026-09-06 09:22:03,2026-09-08 12:43:45,,1,0,47.85,3349.5
4963,1627,1,,,100,0,47.95,4795,,0,0,,0,0,4795,,2026-09-06 09:22:03,2026-09-08 12:43:45,,1,0,47.85,4785
4964,1627,3,,,10,0,47.95,479.5,,0,0,,0,0,479.5,,2026-09-06 09:22:03,2026-09-08 12:43:45,,1,0,47.85,478.5
4965,1627,4,,,20,0,47.95,959,,0,0,,0,0,959,,2026-09-06 09:22:03,2026-09-08 12:43:45,,1,0,47.85,957
4966,1628,1,,,30,0,47.95,1438.5,,0,0,,0,0,1438.5,,2026-09-06 09:22:25,2026-09-08 12:43:46,,1,0,47.85,1435.5
4967,1628,2,,,20,0,47.95,959,,0,0,,0,0,959,,2026-09-06 09:22:25,2026-09-08 12:43:46,,1,0,47.85,957
4968,1629,1,,,100,0,47.95,4795,,0,0,,0,0,4795,,2026-09-06 09:28:19,2026-09-08 12:43:46,,1,0,47.85,4785
4969,1629,2,,,70,0,47.95,3356.5,,0,0,,0,0,3356.5,,2026-09-06 09:28:19,2026-09-08 12:43:46,,1,0,47.85,3349.5
4970,1629,3,,,10,0,47.95,479.5,,0,0,,0,0,479.5,,2026-09-06 09:28:19,2026-09-08 12:43:46,,1,0,47.85,478.5
4971,1629,4,,,20,0,47.95,959,,0,0,,0,0,959,,2026-09-06 09:28:19,2026-09-08 12:43:46,,1,0,47.85,957
4972,1630,1,,,500,0,47.95,23975,,0,0,,0,0,23975,,2026-09-06 09:32:24,2026-09-08 12:43:47,,1,0,47.85,23925
4973,1630,2,,,150,0,47.95,7192.5,,0,0,,0,0,7192.5,,2026-09-06 09:32:24,2026-09-08 12:43:47,,1,0,47.85,7177.5
4974,1630,3,,,50,0,47.95,2397.5,,0,0,,0,0,2397.5,,2026-09-06 09:32:24,2026-09-08 12:43:47,,1,0,47.85,2392.5
4975,1630,4,,,50,0,47.95,2397.5,,0,0,,0,0,2397.5,,2026-09-06 09:32:24,2026-09-08 12:43:47,,1,0,47.85,2392.5
4976,1631,1,,,250,0,47.95,11987.5,,0,0,,0,0,11987.5,,2026-09-06 09:38:37,2026-09-08 12:43:47,,1,0,47.85,11962.5
4977,1631,2,,,150,0,47.95,7192.5,,0,0,,0,0,7192.5,,2026-09-06 09:38:37,2026-09-08 12:43:47,,1,0,47.85,7177.5
4978,1631,3,,,50,0,47.95,2397.5,,0,0,,0,0,2397.5,,2026-09-06 09:38:37,2026-09-08 12:43:47,,1,0,47.85,2392.5
4979,1631,4,,,50,0,47.95,2397.5,,0,0,,0,0,2397.5,,2026-09-06 09:38:37,2026-09-08 12:43:47,,1,0,47.85,2392.5
4980,1632,1,,,100,0,47.95,4795,,0,0,,0,0,4795,,2026-09-06 09:43:01,2026-09-08 12:43:48,,1,0,47.85,4785
4981,1632,3,,,10,0,47.95,479.5,,0,0,,0,0,479.5,,2026-09-06 09:43:01,2026-09-08 12:43:48,,1,0,47.85,478.5
4982,1632,4,,,20,0,47.95,959,,0,0,,0,0,959,,2026-09-06 09:43:01,2026-09-08 12:43:48,,1,0,47.85,957
4983,1632,2,,,70,0,47.95,3356.5,,0,0,,0,0,3356.5,,2026-09-06 09:43:01,2026-09-08 12:43:48,,1,0,47.85,3349.5
4984,1633,1,,,300,0,47.95,14385,,0,0,,0,0,14385,,2026-09-06 09:58:49,2026-09-08 12:43:48,,1,0,47.85,14355
4985,1633,2,,,150,0,47.95,7192.5,,0,0,,0,0,7192.5,,2026-09-06 09:58:49,2026-09-08 12:43:48,,1,0,47.85,7177.5
4986,1633,3,,,20,0,47.95,959,,0,0,,0,0,959,,2026-09-06 09:58:49,2026-09-08 12:43:48,,1,0,47.85,957
4987,1633,4,,,30,0,47.95,1438.5,,0,0,,0,0,1438.5,,2026-09-06 09:58:49,2026-09-08 12:43:48,,1,0,47.85,1435.5
4988,1634,1,,,500,0,47.95,23975,,0,0,,0,0,23975,,2026-09-06 10:04:24,2026-09-08 12:43:49,,1,0,47.85,23925
4989,1635,1,,,300,0,47.95,14385,,0,0,,0,0,14385,,2026-09-06 10:20:59,2026-09-08 12:43:49,,1,0,47.85,14355
4990,1635,3,,,20,0,47.95,959,,0,0,,0,0,959,,2026-09-06 10:20:59,2026-09-08 12:43:49,,1,0,47.85,957
4991,1635,4,,,180,0,47.95,8631,,0,0,,0,0,8631,,2026-09-06 10:20:59,2026-09-08 12:43:49,,1,0,47.85,8613
4992,1636,1,,,280,0,47.95,13426,,0,0,,0,0,13426,,2026-09-06 10:20:59,2026-09-08 12:43:50,,1,0,47.85,13398
4993,1636,3,,,20,0,47.95,959,,0,0,,0,0,959,,2026-09-06 10:20:59,2026-09-08 12:43:50,,1,0,47.85,957
4994,1637,1,,,1500,0,47.95,71925,,0,0,,0,0,71925,,2026-09-06 10:33:14,2026-09-08 12:43:51,,1,0,47.85,71775
4995,1637,3,,,100,0,47.95,4795,,0,0,,0,0,4795,,2026-09-06 10:33:14,2026-09-08 12:43:51,,1,0,47.85,4785
4996,1638,1,,,650,0,47.95,31167.5,,0,0,,0,0,31167.5,,2026-09-06 10:45:40,2026-09-06 10:46:21,2026-09-06 10:46:21,1,0,47.85,31102.5
4997,1638,2,,,500,0,47.95,23975,,0,0,,0,0,23975,,2026-09-06 10:45:40,2026-09-06 10:46:21,2026-09-06 10:46:21,1,0,47.85,23925
4998,1638,3,,,50,0,47.95,2397.5,,0,0,,0,0,2397.5,,2026-09-06 10:45:40,2026-09-06 10:46:21,2026-09-06 10:46:21,1,0,47.85,2392.5
4999,1638,1,,,700,0,47.95,33565,,0,0,,0,0,33565,,2026-09-06 10:46:21,2026-09-08 12:43:51,,1,0,47.85,33495
5000,1638,2,,,550,0,47.95,26372.5,,0,0,,0,0,26372.5,,2026-09-06 10:46:21,2026-09-08 12:43:51,,1,0,47.85,26317.5
5001,1638,3,,,50,0,47.95,2397.5,,0,0,,0,0,2397.5,,2026-09-06 10:46:21,2026-09-08 12:43:51,,1,0,47.85,2392.5
5002,1639,1,,,340,0,47.95,16303,,0,0,,0,0,16303,,2026-09-06 10:55:50,2026-09-08 12:43:52,,1,0,47.85,16269
5003,1639,3,,,20,0,47.95,959,,0,0,,0,0,959,,2026-09-06 10:55:50,2026-09-08 12:43:52,,1,0,47.85,957
5004,1639,2,,,240,0,47.95,11508,,0,0,,0,0,11508,,2026-09-06 10:55:50,2026-09-08 12:43:52,,1,0,47.85,11484
5005,1640,3,,,30,0,47.95,1438.5,,0,0,,0,0,1438.5,,2026-09-06 11:10:45,2026-09-08 10:04:07,,1,0,47.85,1435.5
5006,1640,4,,,50,0,47.95,2397.5,,0,0,,0,0,2397.5,,2026-09-06 11:10:45,2026-09-08 10:04:07,,1,0,47.85,2392.5
5007,1640,1,,,320,0,47.95,15344,,0,0,,0,0,15344,,2026-09-06 11:10:45,2026-09-08 10:04:07,,1,0,47.85,15312
5008,1640,2,,,100,0,47.95,4795,,0,0,,0,0,4795,,2026-09-06 11:10:45,2026-09-08 10:04:07,,1,0,47.85,4785
5009,1641,2,,,1500,0,47.95,71925,,0,0,,0,0,71925,,2026-09-06 11:10:45,2026-09-08 10:04:42,,1,0,47.85,71775
5010,1641,1,,,6500,0,47.95,311675,,0,0,,0,0,311675,,2026-09-06 11:10:45,2026-09-08 10:04:42,,1,0,47.85,311025
5011,1641,3,,,270,0,47.95,12946.5,,0,0,,0,0,12946.5,,2026-09-06 11:10:45,2026-09-08 10:04:42,,1,0,47.85,12919.5
5012,1641,4,,,230,0,47.95,11028.5,,0,0,,0,0,11028.5,,2026-09-06 11:10:45,2026-09-08 10:04:42,,1,0,47.85,11005.5
5013,1642,4,,,20,0,47.95,959,,0,0,,0,0,959,,2026-09-06 11:10:46,2026-09-08 10:04:08,,1,0,47.85,957
5014,1642,1,,,60,0,47.95,2877,,0,0,,0,0,2877,,2026-09-06 11:10:46,2026-09-08 10:04:08,,1,0,47.85,2871
5015,1642,2,,,40,0,47.95,1918,,0,0,,0,0,1918,,2026-09-06 11:10:46,2026-09-08 10:04:08,,1,0,47.85,1914
5016,1643,4,,,30,0,47.95,1438.5,,0,0,,0,0,1438.5,,2026-09-06 11:10:47,2026-09-08 10:04:09,,1,0,47.85,1435.5
5017,1643,1,,,270,0,47.95,12946.5,,0,0,,0,0,12946.5,,2026-09-06 11:10:47,2026-09-08 10:04:09,,1,0,47.85,12919.5
5018,1644,3,,,10,0,47.95,479.5,,0,0,,0,0,479.5,,2026-09-06 11:10:48,2026-09-08 10:04:09,,1,0,47.85,478.5
5019,1644,4,,,20,0,47.95,959,,0,0,,0,0,959,,2026-09-06 11:10:48,2026-09-08 10:04:09,,1,0,47.85,957
5020,1644,2,,,60,0,47.95,2877,,0,0,,0,0,2877,,2026-09-06 11:10:48,2026-09-08 10:04:09,,1,0,47.85,2871
5021,1644,1,,,90,0,47.95,4315.5,,0,0,,0,0,4315.5,,2026-09-06 11:10:48,2026-09-08 10:04:09,,1,0,47.85,4306.5
5022,1645,3,,,10,0,47.95,479.5,,0,0,,0,0,479.5,,2026-09-06 11:10:48,2026-09-08 10:05:51,,1,0,47.85,478.5
5023,1645,4,,,20,0,47.95,959,,0,0,,0,0,959,,2026-09-06 11:10:48,2026-09-08 10:05:51,,1,0,47.85,957
5024,1645,2,,,20,0,47.95,959,,0,0,,0,0,959,,2026-09-06 11:10:48,2026-09-08 10:05:51,,1,0,47.85,957
5025,1645,1,,,50,0,47.95,2397.5,,0,0,,0,0,2397.5,,2026-09-06 11:10:48,2026-09-08 10:05:51,,1,0,47.85,2392.5
5026,1646,4,,,50,0,47.95,2397.5,,0,0,,0,0,2397.5,,2026-09-06 11:10:49,2026-09-06 11:48:40,2026-09-06 11:48:40,1,0,47.85,2392.5
5027,1646,1,,,400,0,47.95,19180,,0,0,,0,0,19180,,2026-09-06 11:10:49,2026-09-06 11:48:40,2026-09-06 11:48:40,1,0,47.85,19140
5028,1646,2,,,200,0,47.95,9590,,0,0,,0,0,9590,,2026-09-06 11:10:49,2026-09-06 11:48:40,2026-09-06 11:48:40,1,0,47.85,9570
5029,1647,3,,,30,0,47.95,1438.5,,0,0,,0,0,1438.5,,2026-09-06 11:10:50,2026-09-08 10:04:11,,1,0,47.85,1435.5
5030,1647,4,,,80,0,47.95,3836,,0,0,,0,0,3836,,2026-09-06 11:10:50,2026-09-08 10:04:11,,1,0,47.85,3828
5031,1647,2,,,300,0,47.95,14385,,0,0,,0,0,14385,,2026-09-06 11:10:50,2026-09-08 10:04:11,,1,0,47.85,14355
5032,1647,1,,,590,0,47.95,28290.5,,0,0,,0,0,28290.5,,2026-09-06 11:10:50,2026-09-08 10:04:11,,1,0,47.85,28231.5
5033,1648,2,,,60,0,47.95,2877,,0,0,,0,0,2877,,2026-09-06 11:10:51,2026-09-08 10:04:12,,1,0,47.85,2871
5034,1648,1,,,70,0,47.95,3356.5,,0,0,,0,0,3356.5,,2026-09-06 11:10:51,2026-09-08 10:04:12,,1,0,47.85,3349.5
5035,1648,4,,,10,0,47.95,479.5,,0,0,,0,0,479.5,,2026-09-06 11:10:51,2026-09-08 10:04:12,,1,0,47.85,478.5
5036,1649,3,,,10,0,47.95,479.5,,0,0,,0,0,479.5,,2026-09-06 11:10:52,2026-09-08 10:04:12,,1,0,47.85,478.5
5037,1649,4,,,10,0,47.95,479.5,,0,0,,0,0,479.5,,2026-09-06 11:10:52,2026-09-08 10:04:12,,1,0,47.85,478.5
5038,1649,2,,,80,0,47.95,3836,,0,0,,0,0,3836,,2026-09-06 11:10:52,2026-09-08 10:04:12,,1,0,47.85,3828
5039,1650,4,,,10,0,47.95,479.5,,0,0,,0,0,479.5,,2026-09-06 11:10:53,2026-09-08 10:04:13,,1,0,47.85,478.5
5040,1650,2,,,40,0,47.95,1918,,0,0,,0,0,1918,,2026-09-06 11:10:53,2026-09-08 10:04:13,,1,0,47.85,1914
5041,1650,1,,,80,0,47.95,3836,,0,0,,0,0,3836,,2026-09-06 11:10:53,2026-09-08 10:04:13,,1,0,47.85,3828
5042,1651,4,,,10,0,47.95,479.5,,0,0,,0,0,479.5,,2026-09-06 11:10:54,2026-09-08 10:04:14,,1,0,47.85,478.5
5043,1651,2,,,20,0,47.95,959,,0,0,,0,0,959,,2026-09-06 11:10:54,2026-09-08 10:04:14,,1,0,47.85,957
5044,1651,1,,,70,0,47.95,3356.5,,0,0,,0,0,3356.5,,2026-09-06 11:10:54,2026-09-08 10:04:14,,1,0,47.85,3349.5
5045,1652,4,,,10,0,47.95,479.5,,0,0,,0,0,479.5,,2026-09-06 11:10:54,2026-09-08 10:04:14,,1,0,47.85,478.5
5046,1652,2,,,10,0,47.95,479.5,,0,0,,0,0,479.5,,2026-09-06 11:10:54,2026-09-08 10:04:14,,1,0,47.85,478.5
5047,1652,1,,,50,0,47.95,2397.5,,0,0,,0,0,2397.5,,2026-09-06 11:10:54,2026-09-08 10:04:14,,1,0,47.85,2392.5
5048,1653,3,,,10,0,47.95,479.5,,0,0,,0,0,479.5,,2026-09-06 11:10:55,2026-09-08 10:04:15,,1,0,47.85,478.5
5049,1653,4,,,20,0,47.95,959,,0,0,,0,0,959,,2026-09-06 11:10:55,2026-09-08 10:04:15,,1,0,47.85,957
5050,1653,2,,,80,0,47.95,3836,,0,0,,0,0,3836,,2026-09-06 11:10:55,2026-09-08 10:04:15,,1,0,47.85,3828
5051,1653,1,,,100,0,47.95,4795,,0,0,,0,0,4795,,2026-09-06 11:10:55,2026-09-08 10:04:15,,1,0,47.85,4785
5052,1654,3,,,200,0,47.95,9590,,0,0,,0,0,9590,,2026-09-06 11:10:56,2026-09-08 10:04:16,,1,0,47.85,9570
5053,1654,4,,,200,0,47.95,9590,,0,0,,0,0,9590,,2026-09-06 11:10:56,2026-09-08 10:04:16,,1,0,47.85,9570
5054,1654,2,,,200,0,47.95,9590,,0,0,,0,0,9590,,2026-09-06 11:10:56,2026-09-08 10:04:16,,1,0,47.85,9570
5055,1654,1,,,1400,0,47.95,67130,,0,0,,0,0,67130,,2026-09-06 11:10:56,2026-09-08 10:04:16,,1,0,47.85,66990
5056,1655,3,,,50,0,47.95,2397.5,,0,0,,0,0,2397.5,,2026-09-06 11:10:57,2026-09-08 10:04:16,,1,0,47.85,2392.5
5057,1655,4,,,50,0,47.95,2397.5,,0,0,,0,0,2397.5,,2026-09-06 11:10:57,2026-09-08 10:04:16,,1,0,47.85,2392.5
5058,1655,2,,,50,0,47.95,2397.5,,0,0,,0,0,2397.5,,2026-09-06 11:10:57,2026-09-08 10:04:16,,1,0,47.85,2392.5
5059,1655,1,,,150,0,47.95,7192.5,,0,0,,0,0,7192.5,,2026-09-06 11:10:57,2026-09-08 10:04:16,,1,0,47.85,7177.5
5060,1656,3,,,20,0,47.95,959,,0,0,,0,0,959,,2026-09-06 11:10:57,2026-09-08 10:04:17,,1,0,47.85,957
5061,1656,4,,,50,0,47.95,2397.5,,0,0,,0,0,2397.5,,2026-09-06 11:10:58,2026-09-08 10:04:17,,1,0,47.85,2392.5
5062,1656,2,,,250,0,47.95,11987.5,,0,0,,0,0,11987.5,,2026-09-06 11:10:58,2026-09-08 10:04:17,,1,0,47.85,11962.5
5063,1656,1,,,380,0,47.95,18221,,0,0,,0,0,18221,,2026-09-06 11:10:58,2026-09-08 10:04:17,,1,0,47.85,18183
5064,1657,3,,,20,0,47.95,959,,0,0,,0,0,959,,2026-09-06 11:10:58,2026-09-08 10:04:17,,1,0,47.85,957
5065,1657,4,,,40,0,47.95,1918,,0,0,,0,0,1918,,2026-09-06 11:10:58,2026-09-08 10:04:17,,1,0,47.85,1914
5066,1657,2,,,100,0,47.95,4795,,0,0,,0,0,4795,,2026-09-06 11:10:58,2026-09-08 10:04:17,,1,0,47.85,4785
5067,1657,1,,,110,0,47.95,5274.5,,0,0,,0,0,5274.5,,2026-09-06 11:10:58,2026-09-08 10:04:17,,1,0,47.85,5263.5
5068,1658,3,,,250,0,47.95,11987.5,,0,0,,0,0,11987.5,,2026-09-06 11:10:59,2026-09-08 10:04:18,,1,0,47.85,11962.5
5069,1658,4,,,250,0,47.95,11987.5,,0,0,,0,0,11987.5,,2026-09-06 11:10:59,2026-09-08 10:04:18,,1,0,47.85,11962.5
5070,1658,2,,,500,0,47.95,23975,,0,0,,0,0,23975,,2026-09-06 11:10:59,2026-09-08 10:04:18,,1,0,47.85,23925
5071,1658,1,,,2000,0,47.95,95900,,0,0,,0,0,95900,,2026-09-06 11:10:59,2026-09-08 10:04:18,,1,0,47.85,95700
5072,1659,3,,,30,0,47.95,1438.5,,0,0,,0,0,1438.5,,2026-09-06 11:11:00,2026-09-08 10:04:19,,1,0,47.85,1435.5
5073,1659,4,,,50,0,47.95,2397.5,,0,0,,0,0,2397.5,,2026-09-06 11:11:00,2026-09-08 10:04:19,,1,0,47.85,2392.5
5074,1659,2,,,150,0,47.95,7192.5,,0,0,,0,0,7192.5,,2026-09-06 11:11:00,2026-09-08 10:04:19,,1,0,47.85,7177.5
5075,1659,1,,,270,0,47.95,12946.5,,0,0,,0,0,12946.5,,2026-09-06 11:11:00,2026-09-08 10:04:19,,1,0,47.85,12919.5
5076,1660,3,,,30,0,47.95,1438.5,,0,0,,0,0,1438.5,,2026-09-06 11:11:01,2026-09-08 10:04:19,,1,0,47.85,1435.5
5077,1660,4,,,50,0,47.95,2397.5,,0,0,,0,0,2397.5,,2026-09-06 11:11:01,2026-09-08 10:04:19,,1,0,47.85,2392.5
5078,1660,2,,,100,0,47.95,4795,,0,0,,0,0,4795,,2026-09-06 11:11:01,2026-09-08 10:04:19,,1,0,47.85,4785
5079,1660,1,,,320,0,47.95,15344,,0,0,,0,0,15344,,2026-09-06 11:11:01,2026-09-08 10:04:19,,1,0,47.85,15312
5080,1661,3,,,10,0,47.95,479.5,,0,0,,0,0,479.5,,2026-09-06 11:11:01,2026-09-08 10:04:20,,1,0,47.85,478.5
5081,1661,4,,,10,0,47.95,479.5,,0,0,,0,0,479.5,,2026-09-06 11:11:01,2026-09-08 10:04:20,,1,0,47.85,478.5
5082,1661,2,,,30,0,47.95,1438.5,,0,0,,0,0,1438.5,,2026-09-06 11:11:01,2026-09-08 10:04:20,,1,0,47.85,1435.5
5083,1661,1,,,50,0,47.95,2397.5,,0,0,,0,0,2397.5,,2026-09-06 11:11:01,2026-09-08 10:04:20,,1,0,47.85,2392.5
5084,1662,3,,,20,0,47.95,959,,0,0,,0,0,959,,2026-09-06 11:11:02,2026-09-08 10:04:20,,1,0,47.85,957
5085,1662,4,,,40,0,47.95,1918,,0,0,,0,0,1918,,2026-09-06 11:11:02,2026-09-08 10:04:20,,1,0,47.85,1914
5086,1662,2,,,100,0,47.95,4795,,0,0,,0,0,4795,,2026-09-06 11:11:02,2026-09-08 10:04:20,,1,0,47.85,4785
5087,1662,1,,,240,0,47.95,11508,,0,0,,0,0,11508,,2026-09-06 11:11:02,2026-09-08 10:04:20,,1,0,47.85,11484
5088,1663,3,,,30,0,47.95,1438.5,,0,0,,0,0,1438.5,,2026-09-06 11:11:03,2026-09-08 10:04:21,,1,0,47.85,1435.5
5089,1663,4,,,40,0,47.95,1918,,0,0,,0,0,1918,,2026-09-06 11:11:03,2026-09-08 10:04:21,,1,0,47.85,1914
5090,1663,1,,,290,0,47.95,13905.5,,0,0,,0,0,13905.5,,2026-09-06 11:11:03,2026-09-08 10:04:21,,1,0,47.85,13876.5
5091,1663,2,,,60,0,47.95,2877,,0,0,,0,0,2877,,2026-09-06 11:11:03,2026-09-08 10:04:21,,1,0,47.85,2871
5092,1664,3,,,30,0,47.95,1438.5,,0,0,,0,0,1438.5,,2026-09-06 11:11:04,2026-09-08 10:04:22,,1,0,47.85,1435.5
5093,1664,4,,,50,0,47.95,2397.5,,0,0,,0,0,2397.5,,2026-09-06 11:11:04,2026-09-08 10:04:22,,1,0,47.85,2392.5
5094,1664,2,,,150,0,47.95,7192.5,,0,0,,0,0,7192.5,,2026-09-06 11:11:04,2026-09-08 10:04:22,,1,0,47.85,7177.5
5095,1664,1,,,270,0,47.95,12946.5,,0,0,,0,0,12946.5,,2026-09-06 11:11:04,2026-09-08 10:04:22,,1,0,47.85,12919.5
5096,1665,2,,,30,0,47.95,1438.5,,0,0,,0,0,1438.5,,2026-09-06 11:11:05,2026-09-08 10:04:23,,1,0,47.85,1435.5
5097,1665,4,,,10,0,47.95,479.5,,0,0,,0,0,479.5,,2026-09-06 11:11:05,2026-09-08 10:04:23,,1,0,47.85,478.5
5098,1665,1,,,50,0,47.95,2397.5,,0,0,,0,0,2397.5,,2026-09-06 11:11:05,2026-09-08 10:04:23,,1,0,47.85,2392.5
5099,1666,4,,,20,0,47.95,959,,0,0,,0,0,959,,2026-09-06 11:11:06,2026-09-08 10:04:22,,1,0,47.85,957
5100,1666,3,,,10,0,47.95,479.5,,0,0,,0,0,479.5,,2026-09-06 11:11:06,2026-09-08 10:04:22,,1,0,47.85,478.5
5101,1666,1,,,50,0,47.95,2397.5,,0,0,,0,0,2397.5,,2026-09-06 11:11:06,2026-09-08 10:04:22,,1,0,47.85,2392.5
5102,1666,2,,,40,0,47.95,1918,,0,0,,0,0,1918,,2026-09-06 11:11:06,2026-09-08 10:04:22,,1,0,47.85,1914
5103,1667,3,,,10,0,47.95,479.5,,0,0,,0,0,479.5,,2026-09-06 11:11:06,2026-09-08 10:04:23,,1,0,47.85,478.5
5104,1667,4,,,10,0,47.95,479.5,,0,0,,0,0,479.5,,2026-09-06 11:11:06,2026-09-08 10:04:23,,1,0,47.85,478.5
5105,1667,2,,,20,0,47.95,959,,0,0,,0,0,959,,2026-09-06 11:11:06,2026-09-08 10:04:23,,1,0,47.85,957
5106,1667,1,,,40,0,47.95,1918,,0,0,,0,0,1918,,2026-09-06 11:11:06,2026-09-08 10:04:23,,1,0,47.85,1914
5107,1668,3,,,10,0,47.95,479.5,,0,0,,0,0,479.5,,2026-09-06 11:11:07,2026-09-08 10:04:24,,1,0,47.85,478.5
5108,1668,4,,,20,0,47.95,959,,0,0,,0,0,959,,2026-09-06 11:11:07,2026-09-08 10:04:24,,1,0,47.85,957
5109,1668,2,,,40,0,47.95,1918,,0,0,,0,0,1918,,2026-09-06 11:11:07,2026-09-08 10:04:24,,1,0,47.85,1914
5110,1668,1,,,60,0,47.95,2877,,0,0,,0,0,2877,,2026-09-06 11:11:07,2026-09-08 10:04:24,,1,0,47.85,2871
5111,1669,3,,,10,0,47.95,479.5,,0,0,,0,0,479.5,,2026-09-06 11:11:08,2026-09-08 10:04:25,,1,0,47.85,478.5
5112,1669,4,,,40,0,47.95,1918,,0,0,,0,0,1918,,2026-09-06 11:11:08,2026-09-08 10:04:25,,1,0,47.85,1914
5113,1669,2,,,150,0,47.95,7192.5,,0,0,,0,0,7192.5,,2026-09-06 11:11:08,2026-09-08 10:04:25,,1,0,47.85,7177.5
5114,1669,1,,,300,0,47.95,14385,,0,0,,0,0,14385,,2026-09-06 11:11:08,2026-09-08 10:04:25,,1,0,47.85,14355
5115,1670,2,,,40,0,47.95,1918,,0,0,,0,0,1918,,2026-09-06 11:11:09,2026-09-08 10:04:25,,1,0,47.85,1914
5116,1670,1,,,50,0,47.95,2397.5,,0,0,,0,0,2397.5,,2026-09-06 11:11:09,2026-09-08 10:04:25,,1,0,47.85,2392.5
5117,1670,4,,,10,0,47.95,479.5,,0,0,,0,0,479.5,,2026-09-06 11:11:09,2026-09-08 10:04:25,,1,0,47.85,478.5
5118,1671,2,,,30,0,47.95,1438.5,,0,0,,0,0,1438.5,,2026-09-06 11:11:10,2026-09-08 10:04:26,,1,0,47.85,1435.5
5119,1671,4,,,10,0,47.95,479.5,,0,0,,0,0,479.5,,2026-09-06 11:11:10,2026-09-08 10:04:26,,1,0,47.85,478.5
5120,1671,1,,,60,0,47.95,2877,,0,0,,0,0,2877,,2026-09-06 11:11:10,2026-09-08 10:04:26,,1,0,47.85,2871
5121,1672,2,,,50,0,47.95,2397.5,,0,0,,0,0,2397.5,,2026-09-06 11:11:10,2026-09-08 10:04:26,,1,0,47.85,2392.5
5122,1672,4,,,10,0,47.95,479.5,,0,0,,0,0,479.5,,2026-09-06 11:11:10,2026-09-08 10:04:26,,1,0,47.85,478.5
5123,1672,1,,,80,0,47.95,3836,,0,0,,0,0,3836,,2026-09-06 11:11:10,2026-09-08 10:04:26,,1,0,47.85,3828
5124,1673,3,,,10,0,47.95,479.5,,0,0,,0,0,479.5,,2026-09-06 11:11:11,2026-09-08 10:04:27,,1,0,47.85,478.5
5125,1673,4,,,20,0,47.95,959,,0,0,,0,0,959,,2026-09-06 11:11:11,2026-09-08 10:04:27,,1,0,47.85,957
5126,1673,2,,,50,0,47.95,2397.5,,0,0,,0,0,2397.5,,2026-09-06 11:11:11,2026-09-08 10:04:27,,1,0,47.85,2392.5
5127,1673,1,,,130,0,47.95,6233.5,,0,0,,0,0,6233.5,,2026-09-06 11:11:11,2026-09-08 10:04:27,,1,0,47.85,6220.5
5128,1674,4,,,10,0,47.95,479.5,,0,0,,0,0,479.5,,2026-09-06 11:11:12,2026-09-08 10:04:28,,1,0,47.85,478.5
5129,1674,2,,,30,0,47.95,1438.5,,0,0,,0,0,1438.5,,2026-09-06 11:11:12,2026-09-08 10:04:28,,1,0,47.85,1435.5
5130,1674,1,,,70,0,47.95,3356.5,,0,0,,0,0,3356.5,,2026-09-06 11:11:12,2026-09-08 10:04:28,,1,0,47.85,3349.5
5131,1675,3,,,10,0,47.95,479.5,,0,0,,0,0,479.5,,2026-09-06 11:11:13,2026-09-08 10:04:28,,1,0,47.85,478.5
5132,1675,4,,,20,0,47.95,959,,0,0,,0,0,959,,2026-09-06 11:11:13,2026-09-08 10:04:28,,1,0,47.85,957
5133,1675,2,,,50,0,47.95,2397.5,,0,0,,0,0,2397.5,,2026-09-06 11:11:13,2026-09-08 10:04:28,,1,0,47.85,2392.5
5134,1675,1,,,130,0,47.95,6233.5,,0,0,,0,0,6233.5,,2026-09-06 11:11:13,2026-09-08 10:04:28,,1,0,47.85,6220.5
5135,1676,2,,,40,0,47.95,1918,,0,0,,0,0,1918,,2026-09-06 11:11:14,2026-09-08 10:04:29,,1,0,47.85,1914
5136,1676,1,,,50,0,47.95,2397.5,,0,0,,0,0,2397.5,,2026-09-06 11:11:14,2026-09-08 10:04:29,,1,0,47.85,2392.5
5137,1676,4,,,10,0,47.95,479.5,,0,0,,0,0,479.5,,2026-09-06 11:11:14,2026-09-08 10:04:29,,1,0,47.85,478.5
5138,1677,4,,,20,0,47.95,959,,0,0,,0,0,959,,2026-09-06 11:11:14,2026-09-08 10:04:36,,1,0,47.85,957
5139,1677,1,,,280,0,47.95,13426,,0,0,,0,0,13426,,2026-09-06 11:11:14,2026-09-08 10:04:36,,1,0,47.85,13398
5140,1678,2,,,30,0,47.95,1438.5,,0,0,,0,0,1438.5,,2026-09-06 11:11:15,2026-09-08 10:04:29,,1,0,47.85,1435.5
5141,1678,4,,,20,0,47.95,959,,0,0,,0,0,959,,2026-09-06 11:11:15,2026-09-08 10:04:29,,1,0,47.85,957
5142,1678,1,,,150,0,47.95,7192.5,,0,0,,0,0,7192.5,,2026-09-06 11:11:15,2026-09-08 10:04:29,,1,0,47.85,7177.5
5143,1679,2,,,30,0,47.95,1438.5,,0,0,,0,0,1438.5,,2026-09-06 11:11:16,2026-09-08 10:04:30,,1,0,47.85,1435.5
5144,1679,1,,,30,0,47.95,1438.5,,0,0,,0,0,1438.5,,2026-09-06 11:11:16,2026-09-08 10:04:30,,1,0,47.85,1435.5
5145,1680,2,,,20,0,47.95,959,,0,0,,0,0,959,,2026-09-06 11:11:17,2026-09-08 10:04:31,,1,0,47.85,957
5146,1680,4,,,10,0,47.95,479.5,,0,0,,0,0,479.5,,2026-09-06 11:11:17,2026-09-08 10:04:31,,1,0,47.85,478.5
5147,1680,1,,,30,0,47.95,1438.5,,0,0,,0,0,1438.5,,2026-09-06 11:11:17,2026-09-08 10:04:31,,1,0,47.85,1435.5
5148,1681,4,,,10,0,47.95,479.5,,0,0,,0,0,479.5,,2026-09-06 11:11:18,2026-09-08 10:04:31,,1,0,47.85,478.5
5149,1681,2,,,40,0,47.95,1918,,0,0,,0,0,1918,,2026-09-06 11:11:18,2026-09-08 10:04:31,,1,0,47.85,1914
5150,1681,1,,,100,0,47.95,4795,,0,0,,0,0,4795,,2026-09-06 11:11:18,2026-09-08 10:04:31,,1,0,47.85,4785
5151,1682,4,,,10,0,47.95,479.5,,0,0,,0,0,479.5,,2026-09-06 11:11:18,2026-09-08 10:04:32,,1,0,47.85,478.5
5152,1682,2,,,30,0,47.95,1438.5,,0,0,,0,0,1438.5,,2026-09-06 11:11:18,2026-09-08 10:04:32,,1,0,47.85,1435.5
5153,1682,1,,,60,0,47.95,2877,,0,0,,0,0,2877,,2026-09-06 11:11:18,2026-09-08 10:04:32,,1,0,47.85,2871
5154,1683,3,,,10,0,47.95,479.5,,0,0,,0,0,479.5,,2026-09-06 11:11:19,2026-09-08 10:04:32,,1,0,47.85,478.5
5155,1683,4,,,20,0,47.95,959,,0,0,,0,0,959,,2026-09-06 11:11:19,2026-09-08 10:04:32,,1,0,47.85,957
5156,1683,1,,,60,0,47.95,2877,,0,0,,0,0,2877,,2026-09-06 11:11:19,2026-09-08 10:04:32,,1,0,47.85,2871
5157,1683,2,,,20,0,47.95,959,,0,0,,0,0,959,,2026-09-06 11:11:19,2026-09-08 10:04:32,,1,0,47.85,957
5158,1684,3,,,10,0,47.95,479.5,,0,0,,0,0,479.5,,2026-09-06 11:11:20,2026-09-08 10:04:33,,1,0,47.85,478.5
5159,1684,4,,,10,0,47.95,479.5,,0,0,,0,0,479.5,,2026-09-06 11:11:20,2026-09-08 10:04:33,,1,0,47.85,478.5
5160,1684,2,,,30,0,47.95,1438.5,,0,0,,0,0,1438.5,,2026-09-06 11:11:20,2026-09-08 10:04:33,,1,0,47.85,1435.5
5161,1684,1,,,100,0,47.95,4795,,0,0,,0,0,4795,,2026-09-06 11:11:20,2026-09-08 10:04:33,,1,0,47.85,4785
5162,1685,4,,,10,0,47.95,479.5,,0,0,,0,0,479.5,,2026-09-06 11:11:21,2026-09-08 10:04:34,,1,0,47.85,478.5
5163,1685,1,,,40,0,47.95,1918,,0,0,,0,0,1918,,2026-09-06 11:11:21,2026-09-08 10:04:34,,1,0,47.85,1914
5164,1686,3,,,10,0,47.95,479.5,,0,0,,0,0,479.5,,2026-09-06 11:11:22,2026-09-08 10:04:34,,1,0,47.85,478.5
5165,1686,4,,,10,0,47.95,479.5,,0,0,,0,0,479.5,,2026-09-06 11:11:22,2026-09-08 10:04:34,,1,0,47.85,478.5
5166,1686,2,,,50,0,47.95,2397.5,,0,0,,0,0,2397.5,,2026-09-06 11:11:22,2026-09-08 10:04:34,,1,0,47.85,2392.5
5167,1686,1,,,140,0,47.95,6713,,0,0,,0,0,6713,,2026-09-06 11:11:22,2026-09-08 10:04:34,,1,0,47.85,6699
5168,1687,4,,,20,0,47.95,959,,0,0,,0,0,959,,2026-09-06 11:11:22,2026-09-08 10:04:35,,1,0,47.85,957
5169,1687,1,,,280,0,47.95,13426,,0,0,,0,0,13426,,2026-09-06 11:11:22,2026-09-08 10:04:35,,1,0,47.85,13398
5170,1688,3,,,10,0,47.95,479.5,,0,0,,0,0,479.5,,2026-09-06 11:11:23,2026-09-08 10:04:35,,1,0,47.85,478.5
5171,1688,4,,,10,0,47.95,479.5,,0,0,,0,0,479.5,,2026-09-06 11:11:23,2026-09-08 10:04:35,,1,0,47.85,478.5
5172,1688,2,,,40,0,47.95,1918,,0,0,,0,0,1918,,2026-09-06 11:11:23,2026-09-08 10:04:35,,1,0,47.85,1914
5173,1688,1,,,60,0,47.95,2877,,0,0,,0,0,2877,,2026-09-06 11:11:23,2026-09-08 10:04:35,,1,0,47.85,2871
5174,1689,2,,,10,0,47.95,479.5,,0,0,,0,0,479.5,,2026-09-06 11:11:24,2026-09-08 10:04:37,,1,0,47.85,478.5
5175,1689,1,,,10,0,47.95,479.5,,0,0,,0,0,479.5,,2026-09-06 11:11:24,2026-09-08 10:04:37,,1,0,47.85,478.5
5176,1690,4,,,40,0,47.95,1918,,0,0,,0,0,1918,,2026-09-06 11:11:25,2026-09-08 10:04:37,,1,0,47.85,1914
5177,1690,1,,,460,0,47.95,22057,,0,0,,0,0,22057,,2026-09-06 11:11:25,2026-09-08 10:04:37,,1,0,47.85,22011
5178,1691,1,,,2500,0,47.95,119875,,0,0,,0,0,119875,,2026-09-06 11:11:26,2026-09-08 10:04:38,,1,0,47.85,119625
5179,1691,2,,,500,0,47.95,23975,,0,0,,0,0,23975,,2026-09-06 11:11:26,2026-09-08 10:04:38,,1,0,47.85,23925
5180,1691,4,,,150,0,47.95,7192.5,,0,0,,0,0,7192.5,,2026-09-06 11:11:26,2026-09-08 10:04:38,,1,0,47.85,7177.5
5181,1691,3,,,150,0,47.95,7192.5,,0,0,,0,0,7192.5,,2026-09-06 11:11:26,2026-09-08 10:04:38,,1,0,47.85,7177.5
5182,1692,1,,,140,0,47.95,6713,,0,0,,0,0,6713,,2026-09-06 11:11:26,2026-09-08 12:43:52,,1,0,47.85,6699
5183,1692,2,,,60,0,47.95,2877,,0,0,,0,0,2877,,2026-09-06 11:11:26,2026-09-08 12:43:52,,1,0,47.85,2871
5184,1693,3,,,10,0,47.95,479.5,,0,0,,0,0,479.5,,2026-09-06 11:11:27,2026-09-08 10:04:38,,1,0,47.85,478.5
5185,1693,4,,,10,0,47.95,479.5,,0,0,,0,0,479.5,,2026-09-06 11:11:27,2026-09-08 10:04:38,,1,0,47.85,478.5
5186,1693,2,,,50,0,47.95,2397.5,,0,0,,0,0,2397.5,,2026-09-06 11:11:27,2026-09-08 10:04:38,,1,0,47.85,2392.5
5187,1693,1,,,80,0,47.95,3836,,0,0,,0,0,3836,,2026-09-06 11:11:27,2026-09-08 10:04:38,,1,0,47.85,3828
5188,1694,3,,,50,0,47.95,2397.5,,0,0,,0,0,2397.5,,2026-09-06 11:11:27,2026-09-08 10:04:39,,1,0,47.85,2392.5
5189,1694,4,,,50,0,47.95,2397.5,,0,0,,0,0,2397.5,,2026-09-06 11:11:27,2026-09-08 10:04:39,,1,0,47.85,2392.5
5190,1694,2,,,250,0,47.95,11987.5,,0,0,,0,0,11987.5,,2026-09-06 11:11:27,2026-09-08 10:04:39,,1,0,47.85,11962.5
5191,1694,1,,,650,0,47.95,31167.5,,0,0,,0,0,31167.5,,2026-09-06 11:11:27,2026-09-08 10:04:39,,1,0,47.85,31102.5
5192,1695,4,,,50,0,47.95,2397.5,,0,0,,0,0,2397.5,,2026-09-06 11:11:28,2026-09-08 10:04:40,,1,0,47.85,2392.5
5193,1695,1,,,320,0,47.95,15344,,0,0,,0,0,15344,,2026-09-06 11:11:28,2026-09-08 10:04:40,,1,0,47.85,15312
5194,1695,2,,,250,0,47.95,11987.5,,0,0,,0,0,11987.5,,2026-09-06 11:11:28,2026-09-08 10:04:40,,1,0,47.85,11962.5
5195,1696,3,,,30,0,47.95,1438.5,,0,0,,0,0,1438.5,,2026-09-06 11:11:29,2026-09-08 10:04:40,,1,0,47.85,1435.5
5196,1696,4,,,70,0,47.95,3356.5,,0,0,,0,0,3356.5,,2026-09-06 11:11:29,2026-09-08 10:04:40,,1,0,47.85,3349.5
5197,1696,2,,,150,0,47.95,7192.5,,0,0,,0,0,7192.5,,2026-09-06 11:11:29,2026-09-08 10:04:40,,1,0,47.85,7177.5
5198,1696,1,,,750,0,47.95,35962.5,,0,0,,0,0,35962.5,,2026-09-06 11:11:29,2026-09-08 10:04:40,,1,0,47.85,35887.5
5199,1697,1,,,40,0,47.95,1918,,0,0,,0,0,1918,,2026-09-06 11:11:29,2026-09-08 10:04:41,,1,0,47.85,1914
5200,1698,1,,,400,0,47.95,19180,,0,0,,0,0,19180,,2026-09-06 11:11:30,2026-09-08 10:04:41,,1,0,47.85,19140
5201,1698,2,,,50,0,47.95,2397.5,,0,0,,0,0,2397.5,,2026-09-06 11:11:30,2026-09-08 10:04:41,,1,0,47.85,2392.5
5202,1698,3,,,20,0,47.95,959,,0,0,,0,0,959,,2026-09-06 11:11:30,2026-09-08 10:04:41,,1,0,47.85,957
5203,1698,4,,,30,0,47.95,1438.5,,0,0,,0,0,1438.5,,2026-09-06 11:11:30,2026-09-08 10:04:41,,1,0,47.85,1435.5
5204,1699,3,,,80,0,47.95,3836,,0,0,,0,0,3836,,2026-09-06 11:11:31,2026-09-08 10:04:43,,1,0,47.85,3828
5205,1699,4,,,120,0,47.95,5754,,0,0,,0,0,5754,,2026-09-06 11:11:31,2026-09-08 10:04:43,,1,0,47.85,5742
5206,1699,2,,,380,0,47.95,18221,,0,0,,0,0,18221,,2026-09-06 11:11:31,2026-09-08 10:04:43,,1,0,47.85,18183
5207,1699,1,,,500,0,47.95,23975,,0,0,,0,0,23975,,2026-09-06 11:11:31,2026-09-08 10:04:43,,1,0,47.85,23925
5208,1646,4,,,50,0,47.95,2397.5,,0,0,,0,0,2397.5,,2026-09-06 11:48:40,2026-09-08 10:04:43,,1,0,47.85,2392.5
5209,1646,1,,,480,0,47.95,23016,,0,0,,0,0,23016,,2026-09-06 11:48:40,2026-09-08 10:04:43,,1,0,47.85,22968
5210,1646,2,,,120,0,47.95,5754,,0,0,,0,0,5754,,2026-09-06 11:48:40,2026-09-08 10:04:43,,1,0,47.85,5742
5211,1700,2,1,1,4380,0,47.95,210021,,0,0,,0,0,210021,,2026-09-06 11:59:57,2026-09-15 18:24:22,,1,0,47.85,209583
5212,1700,1,1,1,2680,0,47.95,128506,,0,0,,0,0,128506,,2026-09-06 11:59:57,2026-09-15 18:24:22,,1,0,47.85,128238
5213,1700,3,1,1,0,0,47.95,0,,0,0,,0,0,0,,2026-09-06 11:59:57,2026-09-15 18:24:22,,1,0,47.85,0
5214,1700,4,1,1,240,0,47.95,11508,,0,0,,0,0,11508,,2026-09-06 11:59:57,2026-09-15 18:24:22,,1,0,47.85,11484
5215,1701,1,1,1,2860,0,47.95,137137,,0,0,,0,0,137137,,2026-09-06 12:00:10,2026-09-15 18:24:22,,1,0,47.85,136851
5216,1701,2,1,1,10000,0,47.95,479500,,0,0,,0,0,479500,,2026-09-06 12:00:10,2026-09-15 18:24:22,,1,0,47.85,478500
5217,1701,3,1,1,120,0,47.95,5754,,0,0,,0,0,5754,,2026-09-06 12:00:10,2026-09-15 18:24:22,,1,0,47.85,5742
5218,1701,4,1,1,0,0,47.95,0,,0,0,,0,0,0,,2026-09-06 12:00:10,2026-09-15 18:24:22,,1,0,47.85,0
5219,1702,1,,,3100,0,47.95,148645,,0,0,,0,0,148645,,2026-09-06 12:03:43,2026-09-08 11:39:11,,1,0,47.85,148335
5220,1702,2,,,2000,0,47.95,95900,,0,0,,0,0,95900,,2026-09-06 12:03:43,2026-09-08 11:39:11,,1,0,47.85,95700
5221,1702,4,,,150,0,47.95,7192.5,,0,0,,0,0,7192.5,,2026-09-06 12:03:43,2026-09-08 11:39:11,,1,0,47.85,7177.5
5222,1703,1,,,5900,0,47.95,282905,,0,0,,0,0,282905,,2026-09-06 12:06:38,2026-09-08 11:39:12,,1,0,47.85,282315
5223,1703,2,,,7000,0,47.95,335650,,0,0,,0,0,335650,,2026-09-06 12:06:38,2026-09-08 11:39:12,,1,0,47.85,334950
5224,1703,3,,,500,0,47.95,23975,,0,0,,0,0,23975,,2026-09-06 12:06:38,2026-09-08 11:39:12,,1,0,47.85,23925
5225,1703,4,,,600,0,47.95,28770,,0,0,,0,0,28770,,2026-09-06 12:06:38,2026-09-08 11:39:12,,1,0,47.85,28710
5226,1704,1,,,350,0,47.95,16782.5,,0,0,,0,0,16782.5,,2026-09-06 12:07:26,2026-09-08 11:39:12,,1,0,47.85,16747.5
5227,1704,2,,,100,0,47.95,4795,,0,0,,0,0,4795,,2026-09-06 12:07:26,2026-09-08 11:39:12,,1,0,47.85,4785
5228,1704,3,,,30,0,47.95,1438.5,,0,0,,0,0,1438.5,,2026-09-06 12:07:26,2026-09-08 11:39:12,,1,0,47.85,1435.5
5229,1704,4,,,20,0,47.95,959,,0,0,,0,0,959,,2026-09-06 12:07:26,2026-09-08 11:39:12,,1,0,47.85,957
5230,1705,1,,,3500,0,47.95,167825,,0,0,,0,0,167825,,2026-09-06 12:08:41,2026-09-08 11:39:13,,1,0,47.85,167475
5231,1705,3,,,150,0,47.95,7192.5,,0,0,,0,0,7192.5,,2026-09-06 12:08:42,2026-09-08 11:39:13,,1,0,47.85,7177.5
5232,1705,4,,,100,0,47.95,4795,,0,0,,0,0,4795,,2026-09-06 12:08:42,2026-09-08 11:39:13,,1,0,47.85,4785
5233,1706,1,,,7000,0,47.85,334950,,0,0,,0,0,334950,,2026-09-06 12:09:17,2026-09-08 11:39:13,,1,0,47.85,334950
5234,1706,2,,,11000,0,47.85,526350,,0,0,,0,0,526350,,2026-09-06 12:09:17,2026-09-08 11:39:13,,1,0,47.85,526350
5235,1706,3,,,1000,0,47.85,47850,,0,0,,0,0,47850,,2026-09-06 12:09:17,2026-09-08 11:39:13,,1,0,47.85,47850
5236,1707,1,,,2500,0,47.95,119875,,0,0,,0,0,119875,,2026-09-06 12:13:39,2026-09-08 11:39:14,,1,0,47.85,119625
5237,1707,2,,,4750,0,47.95,227762.5,,0,0,,0,0,227762.5,,2026-09-06 12:13:39,2026-09-08 11:39:14,,1,0,47.85,227287.5
5238,1707,4,,,500,0,47.95,23975,,0,0,,0,0,23975,,2026-09-06 12:13:39,2026-09-08 11:39:14,,1,0,47.85,23925
5239,1708,1,,,2000,0,47.95,95900,,0,0,,0,0,95900,,2026-09-06 12:15:00,2026-09-08 11:39:14,,1,0,47.85,95700
5240,1708,2,,,500,0,47.95,23975,,0,0,,0,0,23975,,2026-09-06 12:15:00,2026-09-08 11:39:14,,1,0,47.85,23925
5241,1709,1,,,70,0,47.95,3356.5,,0,0,,0,0,3356.5,,2026-09-06 12:15:12,2026-09-08 11:39:15,,1,0,47.85,3349.5
5242,1710,1,1,1,0,0,47.95,0,,0,0,,0,0,0,,2026-09-06 12:19:11,2026-09-15 18:24:22,,1,0,47.85,0
5243,1710,2,1,1,0,0,47.95,0,,0,0,,0,0,0,,2026-09-06 12:19:11,2026-09-15 18:24:22,,1,0,47.85,0
5244,1710,3,1,1,0,0,47.95,0,,0,0,,0,0,0,,2026-09-06 12:19:11,2026-09-15 18:24:22,,1,0,47.85,0
5245,1710,4,1,1,0,0,47.95,0,,0,0,,0,0,0,,2026-09-06 12:19:11,2026-09-15 18:24:22,,1,0,47.85,0
5246,1622,1,,,470,0,47.95,22536.5,,0,0,,0,0,22536.5,,2026-09-06 17:26:21,2026-09-06 17:31:16,2026-09-06 17:31:16,1,0,47.85,22489.5
5247,1622,2,,,240,0,47.95,11508,,0,0,,0,0,11508,,2026-09-06 17:26:21,2026-09-06 17:31:16,2026-09-06 17:31:16,1,0,47.85,11484
5248,1622,3,,,20,0,47.95,959,,0,0,,0,0,959,,2026-09-06 17:26:21,2026-09-06 17:31:16,2026-09-06 17:31:16,1,0,47.85,957
5249,1622,4,,,30,0,47.95,1438.5,,0,0,,0,0,1438.5,,2026-09-06 17:26:21,2026-09-06 17:31:16,2026-09-06 17:31:16,1,0,47.85,1435.5
5250,1622,1,,,470,0,47.95,22536.5,,0,0,,0,0,22536.5,,2026-09-06 17:31:16,2026-09-15 18:24:22,,1,0,47.85,22489.5
5251,1622,2,,,240,0,47.95,11508,,0,0,,0,0,11508,,2026-09-06 17:31:16,2026-09-15 18:24:22,,1,0,47.85,11484
5252,1622,3,,,20,0,47.95,959,,0,0,,0,0,959,,2026-09-06 17:31:16,2026-09-15 18:24:22,,1,0,47.85,957
5253,1622,4,,,30,0,47.95,1438.5,,0,0,,0,0,1438.5,,2026-09-06 17:31:16,2026-09-15 18:24:22,,1,0,47.85,1435.5
5254,1711,1,,,50,0,47.95,2397.5,,0,0,,0,0,2397.5,,2026-09-07 07:20:42,2026-09-08 12:43:53,,1,0,47.85,2392.5
5255,1711,2,,,20,0,47.95,959,,0,0,,0,0,959,,2026-09-07 07:20:42,2026-09-08 12:43:53,,1,0,47.85,957
5256,1711,3,,,10,0,47.95,479.5,,0,0,,0,0,479.5,,2026-09-07 07:20:42,2026-09-08 12:43:53,,1,0,47.85,478.5
5257,1711,4,,,20,0,47.95,959,,0,0,,0,0,959,,2026-09-07 07:20:42,2026-09-08 12:43:53,,1,0,47.85,957
5258,1712,1,,,350,0,47.95,16782.5,,0,0,,0,0,16782.5,,2026-09-07 07:21:45,2026-09-08 12:43:53,,1,0,47.85,16747.5
5259,1712,3,,,10,0,47.95,479.5,,0,0,,0,0,479.5,,2026-09-07 07:21:45,2026-09-08 12:43:53,,1,0,47.85,478.5
5260,1712,4,,,40,0,47.95,1918,,0,0,,0,0,1918,,2026-09-07 07:21:45,2026-09-08 12:43:53,,1,0,47.85,1914
5261,1712,2,,,100,0,47.95,4795,,0,0,,0,0,4795,,2026-09-07 07:21:45,2026-09-08 12:43:53,,1,0,47.85,4785
5262,1713,1,,,60,0,47.95,2877,,0,0,,0,0,2877,,2026-09-07 07:23:58,2026-09-08 12:43:54,,1,0,47.85,2871
5263,1713,2,,,30,0,47.95,1438.5,,0,0,,0,0,1438.5,,2026-09-07 07:23:58,2026-09-08 12:43:54,,1,0,47.85,1435.5
5264,1713,3,,,10,0,47.95,479.5,,0,0,,0,0,479.5,,2026-09-07 07:23:58,2026-09-08 12:43:54,,1,0,47.85,478.5
5265,1713,4,,,20,0,47.95,959,,0,0,,0,0,959,,2026-09-07 07:23:58,2026-09-08 12:43:54,,1,0,47.85,957
5266,1714,1,,,60,0,47.95,2877,,0,0,,0,0,2877,,2026-09-07 07:24:52,2026-09-08 12:43:55,,1,0,47.85,2871
5267,1714,2,,,30,0,47.95,1438.5,,0,0,,0,0,1438.5,,2026-09-07 07:24:52,2026-09-08 12:43:55,,1,0,47.85,1435.5
5268,1714,4,,,10,0,47.95,479.5,,0,0,,0,0,479.5,,2026-09-07 07:24:52,2026-09-08 12:43:55,,1,0,47.85,478.5
5269,1715,1,,,60,0,47.95,2877,,0,0,,0,0,2877,,2026-09-07 07:25:35,2026-09-08 12:43:55,,1,0,47.85,2871
5270,1715,2,,,20,0,47.95,959,,0,0,,0,0,959,,2026-09-07 07:25:35,2026-09-08 12:43:55,,1,0,47.85,957
5271,1715,4,,,10,0,47.95,479.5,,0,0,,0,0,479.5,,2026-09-07 07:25:35,2026-09-08 12:43:55,,1,0,47.85,478.5
5272,1716,1,,,20,0,47.95,959,,0,0,,0,0,959,,2026-09-07 07:26:31,2026-09-08 12:43:56,,1,0,47.85,957
5273,1716,2,,,20,0,47.95,959,,0,0,,0,0,959,,2026-09-07 07:26:31,2026-09-08 12:43:56,,1,0,47.85,957
5274,1716,4,,,10,0,47.95,479.5,,0,0,,0,0,479.5,,2026-09-07 07:26:31,2026-09-08 12:43:56,,1,0,47.85,478.5
5275,1717,3,,,20,0,47.95,959,,0,0,,0,0,959,,2026-09-07 07:27:26,2026-09-08 12:43:56,,1,0,47.85,957
5276,1717,4,,,50,0,47.95,2397.5,,0,0,,0,0,2397.5,,2026-09-07 07:27:26,2026-09-08 12:43:56,,1,0,47.85,2392.5
5277,1717,1,,,180,0,47.95,8631,,0,0,,0,0,8631,,2026-09-07 07:27:26,2026-09-08 12:43:56,,1,0,47.85,8613
5278,1717,2,,,150,0,47.95,7192.5,,0,0,,0,0,7192.5,,2026-09-07 07:27:26,2026-09-08 12:43:56,,1,0,47.85,7177.5
5279,1718,1,,,50,0,47.95,2397.5,,0,0,,0,0,2397.5,,2026-09-07 07:28:38,2026-09-08 12:43:57,,1,0,47.85,2392.5
5280,1718,2,,,20,0,47.95,959,,0,0,,0,0,959,,2026-09-07 07:28:38,2026-09-08 12:43:57,,1,0,47.85,957
5281,1718,3,,,10,0,47.95,479.5,,0,0,,0,0,479.5,,2026-09-07 07:28:38,2026-09-08 12:43:57,,1,0,47.85,478.5
5282,1718,4,,,20,0,47.95,959,,0,0,,0,0,959,,2026-09-07 07:28:38,2026-09-08 12:43:57,,1,0,47.85,957
5283,1719,1,,,30,0,47.95,1438.5,,0,0,,0,0,1438.5,,2026-09-07 07:29:40,2026-09-08 12:43:57,,1,0,47.85,1435.5
5284,1719,2,,,10,0,47.95,479.5,,0,0,,0,0,479.5,,2026-09-07 07:29:40,2026-09-08 12:43:57,,1,0,47.85,478.5
5285,1719,4,,,10,0,47.95,479.5,,0,0,,0,0,479.5,,2026-09-07 07:29:40,2026-09-08 12:43:57,,1,0,47.85,478.5
5286,1720,1,,,30,0,47.95,1438.5,,0,0,,0,0,1438.5,,2026-09-07 07:30:47,2026-09-08 12:43:58,,1,0,47.85,1435.5
5287,1720,4,,,30,0,47.95,1438.5,,0,0,,0,0,1438.5,,2026-09-07 07:30:47,2026-09-08 12:43:58,,1,0,47.85,1435.5
5288,1720,2,,,40,0,47.95,1918,,0,0,,0,0,1918,,2026-09-07 07:30:47,2026-09-08 12:43:58,,1,0,47.85,1914
5289,1721,1,,,40,0,47.95,1918,,0,0,,0,0,1918,,2026-09-07 07:31:39,2026-09-08 12:43:58,,1,0,47.85,1914
5290,1721,2,,,20,0,47.95,959,,0,0,,0,0,959,,2026-09-07 07:31:39,2026-09-08 12:43:58,,1,0,47.85,957
5291,1721,3,,,10,0,47.95,479.5,,0,0,,0,0,479.5,,2026-09-07 07:31:39,2026-09-08 12:43:58,,1,0,47.85,478.5
5292,1721,4,,,20,0,47.95,959,,0,0,,0,0,959,,2026-09-07 07:31:39,2026-09-08 12:43:58,,1,0,47.85,957
5293,1722,1,,,200,0,47.95,9590,,0,0,,0,0,9590,,2026-09-07 07:32:13,2026-09-08 12:43:59,,1,0,47.85,9570
5294,1723,1,,,40,0,47.95,1918,,0,0,,0,0,1918,,2026-09-07 07:32:49,2026-09-08 12:43:59,,1,0,47.85,1914
5295,1723,2,,,10,0,47.95,479.5,,0,0,,0,0,479.5,,2026-09-07 07:32:49,2026-09-08 12:43:59,,1,0,47.85,478.5
5296,1724,3,,,20,0,47.95,959,,0,0,,0,0,959,,2026-09-07 07:33:47,2026-09-08 12:44:00,,1,0,47.85,957
5297,1724,4,,,40,0,47.95,1918,,0,0,,0,0,1918,,2026-09-07 07:33:47,2026-09-08 12:44:00,,1,0,47.85,1914
5298,1724,1,,,140,0,47.95,6713,,0,0,,0,0,6713,,2026-09-07 07:33:47,2026-09-08 12:44:00,,1,0,47.85,6699
5299,1724,2,,,100,0,47.95,4795,,0,0,,0,0,4795,,2026-09-07 07:33:47,2026-09-08 12:44:00,,1,0,47.85,4785
5300,1725,1,,,50,0,47.95,2397.5,,0,0,,0,0,2397.5,,2026-09-07 07:34:39,2026-09-08 12:44:01,,1,0,47.85,2392.5
5301,1725,2,,,20,0,47.95,959,,0,0,,0,0,959,,2026-09-07 07:34:39,2026-09-08 12:44:01,,1,0,47.85,957
5302,1725,3,,,10,0,47.95,479.5,,0,0,,0,0,479.5,,2026-09-07 07:34:39,2026-09-08 12:44:01,,1,0,47.85,478.5
5303,1725,4,,,20,0,47.95,959,,0,0,,0,0,959,,2026-09-07 07:34:39,2026-09-08 12:44:01,,1,0,47.85,957
5304,1726,1,,,100,0,47.95,4795,,0,0,,0,0,4795,,2026-09-07 07:35:19,2026-09-08 12:44:01,,1,0,47.85,4785
5305,1726,2,,,40,0,47.95,1918,,0,0,,0,0,1918,,2026-09-07 07:35:19,2026-09-08 12:44:01,,1,0,47.85,1914
5306,1726,4,,,10,0,47.95,479.5,,0,0,,0,0,479.5,,2026-09-07 07:35:19,2026-09-08 12:44:01,,1,0,47.85,478.5
5307,1727,1,,,150,0,47.95,7192.5,,0,0,,0,0,7192.5,,2026-09-07 07:37:25,2026-09-08 12:44:02,,1,0,47.85,7177.5
5308,1727,2,,,70,0,47.95,3356.5,,0,0,,0,0,3356.5,,2026-09-07 07:37:25,2026-09-08 12:44:02,,1,0,47.85,3349.5
5309,1727,3,,,10,0,47.95,479.5,,0,0,,0,0,479.5,,2026-09-07 07:37:25,2026-09-08 12:44:02,,1,0,47.85,478.5
5310,1727,4,,,20,0,47.95,959,,0,0,,0,0,959,,2026-09-07 07:37:25,2026-09-08 12:44:02,,1,0,47.85,957
5311,1728,3,,,20,0,47.95,959,,0,0,,0,0,959,,2026-09-07 07:38:22,2026-09-08 12:44:03,,1,0,47.85,957
5312,1728,4,,,30,0,47.95,1438.5,,0,0,,0,0,1438.5,,2026-09-07 07:38:22,2026-09-08 12:44:03,,1,0,47.85,1435.5
5313,1728,2,,,250,0,47.95,11987.5,,0,0,,0,0,11987.5,,2026-09-07 07:38:22,2026-09-08 12:44:03,,1,0,47.85,11962.5
5314,1728,1,,,400,0,47.95,19180,,0,0,,0,0,19180,,2026-09-07 07:38:22,2026-09-08 12:44:03,,1,0,47.85,19140
5315,1729,1,,,30,0,47.95,1438.5,,0,0,,0,0,1438.5,,2026-09-07 07:41:04,2026-09-08 12:44:03,,1,0,47.85,1435.5
5316,1729,2,,,20,0,47.95,959,,0,0,,0,0,959,,2026-09-07 07:41:04,2026-09-08 12:44:03,,1,0,47.85,957
5317,1729,4,,,10,0,47.95,479.5,,0,0,,0,0,479.5,,2026-09-07 07:41:04,2026-09-08 12:44:03,,1,0,47.85,478.5
5318,1730,3,,,10,0,47.95,479.5,,0,0,,0,0,479.5,,2026-09-07 07:41:34,2026-09-08 10:04:44,,1,0,47.85,478.5
5319,1730,4,,,20,0,47.95,959,,0,0,,0,0,959,,2026-09-07 07:41:34,2026-09-08 10:04:44,,1,0,47.85,957
5320,1730,2,,,40,0,47.95,1918,,0,0,,0,0,1918,,2026-09-07 07:41:34,2026-09-08 10:04:44,,1,0,47.85,1914
5321,1730,1,,,60,0,47.95,2877,,0,0,,0,0,2877,,2026-09-07 07:41:34,2026-09-08 10:04:44,,1,0,47.85,2871
5322,1731,4,,,50,0,47.95,2397.5,,0,0,,0,0,2397.5,,2026-09-07 07:42:12,2026-09-08 12:44:04,,1,0,47.85,2392.5
5323,1731,3,,,10,0,47.95,479.5,,0,0,,0,0,479.5,,2026-09-07 07:42:12,2026-09-08 12:44:04,,1,0,47.85,478.5
5324,1731,2,,,150,0,47.95,7192.5,,0,0,,0,0,7192.5,,2026-09-07 07:42:12,2026-09-08 12:44:04,,1,0,47.85,7177.5
5325,1731,1,,,90,0,47.95,4315.5,,0,0,,0,0,4315.5,,2026-09-07 07:42:12,2026-09-08 12:44:04,,1,0,47.85,4306.5
5326,1732,3,,,20,0,47.95,959,,0,0,,0,0,959,,2026-09-07 07:42:54,2026-09-08 10:04:44,,1,0,47.85,957
5327,1732,4,,,30,0,47.95,1438.5,,0,0,,0,0,1438.5,,2026-09-07 07:42:54,2026-09-08 10:04:44,,1,0,47.85,1435.5
5328,1732,2,,,50,0,47.95,2397.5,,0,0,,0,0,2397.5,,2026-09-07 07:42:54,2026-09-08 10:04:44,,1,0,47.85,2392.5
5329,1732,1,,,100,0,47.95,4795,,0,0,,0,0,4795,,2026-09-07 07:42:54,2026-09-08 10:04:44,,1,0,47.85,4785
5330,1733,1,,,20,0,47.95,959,,0,0,,0,0,959,,2026-09-07 07:43:46,2026-09-08 10:04:45,,1,0,47.85,957
5331,1733,2,,,20,0,47.95,959,,0,0,,0,0,959,,2026-09-07 07:43:46,2026-09-08 10:04:45,,1,0,47.85,957
5332,1734,3,,,10,0,47.95,479.5,,0,0,,0,0,479.5,,2026-09-07 07:44:47,2026-09-08 12:44:04,,1,0,47.85,478.5
5333,1734,4,,,30,0,47.95,1438.5,,0,0,,0,0,1438.5,,2026-09-07 07:44:47,2026-09-08 12:44:04,,1,0,47.85,1435.5
5334,1734,1,,,110,0,47.95,5274.5,,0,0,,0,0,5274.5,,2026-09-07 07:44:47,2026-09-08 12:44:04,,1,0,47.85,5263.5
5335,1734,2,,,50,0,47.95,2397.5,,0,0,,0,0,2397.5,,2026-09-07 07:44:47,2026-09-08 12:44:04,,1,0,47.85,2392.5
5336,1735,1,,,30,0,47.95,1438.5,,0,0,,0,0,1438.5,,2026-09-07 07:45:08,2026-09-08 10:04:46,,1,0,47.85,1435.5
5337,1735,2,,,20,0,47.95,959,,0,0,,0,0,959,,2026-09-07 07:45:08,2026-09-08 10:04:46,,1,0,47.85,957
5338,1735,3,,,10,0,47.95,479.5,,0,0,,0,0,479.5,,2026-09-07 07:45:08,2026-09-08 10:04:46,,1,0,47.85,478.5
5339,1735,4,,,10,0,47.95,479.5,,0,0,,0,0,479.5,,2026-09-07 07:45:08,2026-09-08 10:04:46,,1,0,47.85,478.5
5340,1736,1,,,50,0,47.95,2397.5,,0,0,,0,0,2397.5,,2026-09-07 07:46:00,2026-09-08 12:44:05,,1,0,47.85,2392.5
5341,1736,2,,,30,0,47.95,1438.5,,0,0,,0,0,1438.5,,2026-09-07 07:46:00,2026-09-08 12:44:05,,1,0,47.85,1435.5
5342,1736,4,,,10,0,47.95,479.5,,0,0,,0,0,479.5,,2026-09-07 07:46:00,2026-09-08 12:44:05,,1,0,47.85,478.5
5343,1737,1,,,100,0,47.95,4795,,0,0,,0,0,4795,,2026-09-07 07:46:01,2026-09-08 10:04:46,,1,0,47.85,4785
5344,1737,2,,,70,0,47.95,3356.5,,0,0,,0,0,3356.5,,2026-09-07 07:46:01,2026-09-08 10:04:46,,1,0,47.85,3349.5
5345,1737,4,,,20,0,47.95,959,,0,0,,0,0,959,,2026-09-07 07:46:01,2026-09-08 10:04:46,,1,0,47.85,957
5346,1738,1,,,100,0,47.95,4795,,0,0,,0,0,4795,,2026-09-07 07:46:46,2026-09-08 10:04:47,,1,0,47.85,4785
5347,1738,2,,,80,0,47.95,3836,,0,0,,0,0,3836,,2026-09-07 07:46:46,2026-09-08 10:04:47,,1,0,47.85,3828
5348,1738,3,,,10,0,47.95,479.5,,0,0,,0,0,479.5,,2026-09-07 07:46:46,2026-09-08 10:04:47,,1,0,47.85,478.5
5349,1738,4,,,20,0,47.95,959,,0,0,,0,0,959,,2026-09-07 07:46:46,2026-09-08 10:04:47,,1,0,47.85,957
5350,1739,1,,,30,0,47.95,1438.5,,0,0,,0,0,1438.5,,2026-09-07 07:47:12,2026-09-07 07:50:09,2026-09-07 07:50:09,1,0,47.85,1435.5
5351,1739,2,,,10,0,47.95,479.5,,0,0,,0,0,479.5,,2026-09-07 07:47:12,2026-09-07 07:50:09,2026-09-07 07:50:09,1,0,47.85,478.5
5352,1739,4,,,10,0,47.95,479.5,,0,0,,0,0,479.5,,2026-09-07 07:47:12,2026-09-07 07:50:09,2026-09-07 07:50:09,1,0,47.85,478.5
5353,1740,2,,,30,0,47.95,1438.5,,0,0,,0,0,1438.5,,2026-09-07 07:47:53,2026-09-08 12:44:05,,1,0,47.85,1435.5
5354,1740,4,,,10,0,47.95,479.5,,0,0,,0,0,479.5,,2026-09-07 07:47:53,2026-09-08 12:44:05,,1,0,47.85,478.5
5355,1741,1,,,70,0,47.95,3356.5,,0,0,,0,0,3356.5,,2026-09-07 07:48:54,2026-09-08 12:44:06,,1,0,47.85,3349.5
5356,1741,2,,,10,0,47.95,479.5,,0,0,,0,0,479.5,,2026-09-07 07:48:54,2026-09-08 12:44:06,,1,0,47.85,478.5
5357,1741,3,,,10,0,47.95,479.5,,0,0,,0,0,479.5,,2026-09-07 07:48:54,2026-09-08 12:44:06,,1,0,47.85,478.5
5358,1741,4,,,10,0,47.95,479.5,,0,0,,0,0,479.5,,2026-09-07 07:48:54,2026-09-08 12:44:06,,1,0,47.85,478.5
5359,1742,3,,,20,0,47.95,959,,0,0,,0,0,959,,2026-09-07 07:49:44,2026-09-08 10:04:47,,1,0,47.85,957
5360,1742,4,,,30,0,47.95,1438.5,,0,0,,0,0,1438.5,,2026-09-07 07:49:44,2026-09-08 10:04:47,,1,0,47.85,1435.5
5361,1742,1,,,100,0,47.95,4795,,0,0,,0,0,4795,,2026-09-07 07:49:44,2026-09-08 10:04:47,,1,0,47.85,4785
5362,1742,2,,,150,0,47.95,7192.5,,0,0,,0,0,7192.5,,2026-09-07 07:49:44,2026-09-08 10:04:47,,1,0,47.85,7177.5
5363,1739,1,,,50,0,47.95,2397.5,,0,0,,0,0,2397.5,,2026-09-07 07:50:09,2026-09-08 12:44:07,,1,0,47.85,2392.5
5364,1743,3,,,10,0,47.95,479.5,,0,0,,0,0,479.5,,2026-09-07 07:51:08,2026-09-08 10:04:48,,1,0,47.85,478.5
5365,1743,4,,,10,0,47.95,479.5,,0,0,,0,0,479.5,,2026-09-07 07:51:08,2026-09-08 10:04:48,,1,0,47.85,478.5
5366,1743,2,,,20,0,47.95,959,,0,0,,0,0,959,,2026-09-07 07:51:08,2026-09-08 10:04:48,,1,0,47.85,957
5367,1743,1,,,40,0,47.95,1918,,0,0,,0,0,1918,,2026-09-07 07:51:08,2026-09-08 10:04:48,,1,0,47.85,1914
5368,1744,1,,,150,0,47.95,7192.5,,0,0,,0,0,7192.5,,2026-09-07 07:51:43,2026-09-08 12:44:07,,1,0,47.85,7177.5
5369,1744,3,,,20,0,47.95,959,,0,0,,0,0,959,,2026-09-07 07:51:43,2026-09-08 12:44:07,,1,0,47.85,957
5370,1744,4,,,50,0,47.95,2397.5,,0,0,,0,0,2397.5,,2026-09-07 07:51:43,2026-09-08 12:44:07,,1,0,47.85,2392.5
5371,1744,2,,,30,0,47.95,1438.5,,0,0,,0,0,1438.5,,2026-09-07 07:51:43,2026-09-08 12:44:07,,1,0,47.85,1435.5
5372,1745,3,,,10,0,47.95,479.5,,0,0,,0,0,479.5,,2026-09-07 07:52:00,2026-09-08 10:04:49,,1,0,47.85,478.5
5373,1745,4,,,20,0,47.95,959,,0,0,,0,0,959,,2026-09-07 07:52:00,2026-09-08 10:04:49,,1,0,47.85,957
5374,1745,2,,,50,0,47.95,2397.5,,0,0,,0,0,2397.5,,2026-09-07 07:52:00,2026-09-08 10:04:49,,1,0,47.85,2392.5
5375,1745,1,,,70,0,47.95,3356.5,,0,0,,0,0,3356.5,,2026-09-07 07:52:00,2026-09-08 10:04:49,,1,0,47.85,3349.5
5376,1746,3,,,10,0,47.95,479.5,,0,0,,0,0,479.5,,2026-09-07 07:52:52,2026-09-08 12:44:08,,1,0,47.85,478.5
5377,1746,4,,,20,0,47.95,959,,0,0,,0,0,959,,2026-09-07 07:52:52,2026-09-08 12:44:08,,1,0,47.85,957
5378,1746,2,,,30,0,47.95,1438.5,,0,0,,0,0,1438.5,,2026-09-07 07:52:52,2026-09-08 12:44:08,,1,0,47.85,1435.5
5379,1746,1,,,40,0,47.95,1918,,0,0,,0,0,1918,,2026-09-07 07:52:52,2026-09-08 12:44:08,,1,0,47.85,1914
5380,1747,3,,,50,0,47.95,2397.5,,0,0,,0,0,2397.5,,2026-09-07 07:52:55,2026-09-07 09:43:53,2026-09-07 09:43:53,1,0,47.85,2392.5
5381,1747,4,,,80,0,47.95,3836,,0,0,,0,0,3836,,2026-09-07 07:52:55,2026-09-07 09:43:53,2026-09-07 09:43:53,1,0,47.85,3828
5382,1747,2,,,370,0,47.95,17741.5,,0,0,,0,0,17741.5,,2026-09-07 07:52:55,2026-09-07 09:43:53,2026-09-07 09:43:53,1,0,47.85,17704.5
5383,1747,1,,,500,0,47.95,23975,,0,0,,0,0,23975,,2026-09-07 07:52:55,2026-09-07 09:43:53,2026-09-07 09:43:53,1,0,47.85,23925
5384,1748,1,,,50,0,47.95,2397.5,,0,0,,0,0,2397.5,,2026-09-07 07:54:33,2026-09-08 12:44:08,,1,0,47.85,2392.5
5385,1748,2,,,20,0,47.95,959,,0,0,,0,0,959,,2026-09-07 07:54:33,2026-09-08 12:44:08,,1,0,47.85,957
5386,1748,3,,,10,0,47.95,479.5,,0,0,,0,0,479.5,,2026-09-07 07:54:33,2026-09-08 12:44:08,,1,0,47.85,478.5
5387,1748,4,,,20,0,47.95,959,,0,0,,0,0,959,,2026-09-07 07:54:33,2026-09-08 12:44:08,,1,0,47.85,957
5388,1749,3,,,20,0,47.95,959,,0,0,,0,0,959,,2026-09-07 07:55:29,2026-09-07 07:56:01,2026-09-07 07:56:01,1,0,47.85,957
5389,1749,4,,,30,0,47.95,1438.5,,0,0,,0,0,1438.5,,2026-09-07 07:55:29,2026-09-07 07:56:01,2026-09-07 07:56:01,1,0,47.85,1435.5
5390,1749,2,,,100,0,47.95,4795,,0,0,,0,0,4795,,2026-09-07 07:55:29,2026-09-07 07:56:01,2026-09-07 07:56:01,1,0,47.85,4785
5391,1749,1,,,150,0,47.95,7192.5,,0,0,,0,0,7192.5,,2026-09-07 07:55:29,2026-09-07 07:56:01,2026-09-07 07:56:01,1,0,47.85,7177.5
5392,1750,3,,,20,0,47.95,959,,0,0,,0,0,959,,2026-09-07 07:55:43,2026-09-08 12:44:09,,1,0,47.85,957
5393,1750,4,,,50,0,47.95,2397.5,,0,0,,0,0,2397.5,,2026-09-07 07:55:43,2026-09-08 12:44:09,,1,0,47.85,2392.5
5394,1750,1,,,130,0,47.95,6233.5,,0,0,,0,0,6233.5,,2026-09-07 07:55:43,2026-09-08 12:44:09,,1,0,47.85,6220.5
5395,1750,2,,,50,0,47.95,2397.5,,0,0,,0,0,2397.5,,2026-09-07 07:55:43,2026-09-08 12:44:09,,1,0,47.85,2392.5
5396,1749,3,,,20,0,47.95,959,,0,0,,0,0,959,,2026-09-07 07:56:01,2026-09-08 10:04:49,,1,0,47.85,957
5397,1749,4,,,50,0,47.95,2397.5,,0,0,,0,0,2397.5,,2026-09-07 07:56:01,2026-09-08 10:04:49,,1,0,47.85,2392.5
5398,1749,2,,,100,0,47.95,4795,,0,0,,0,0,4795,,2026-09-07 07:56:01,2026-09-08 10:04:49,,1,0,47.85,4785
5399,1749,1,,,130,0,47.95,6233.5,,0,0,,0,0,6233.5,,2026-09-07 07:56:01,2026-09-08 10:04:49,,1,0,47.85,6220.5
5400,1751,1,,,80,0,47.95,3836,,0,0,,0,0,3836,,2026-09-07 07:56:53,2026-09-08 10:04:50,,1,0,47.85,3828
5401,1751,2,,,60,0,47.95,2877,,0,0,,0,0,2877,,2026-09-07 07:56:53,2026-09-08 10:04:50,,1,0,47.85,2871
5402,1751,4,,,10,0,47.95,479.5,,0,0,,0,0,479.5,,2026-09-07 07:56:53,2026-09-08 10:04:50,,1,0,47.85,478.5
5403,1752,3,,,10,0,47.95,479.5,,0,0,,0,0,479.5,,2026-09-07 07:58:19,2026-09-08 10:04:51,,1,0,47.85,478.5
5404,1752,4,,,20,0,47.95,959,,0,0,,0,0,959,,2026-09-07 07:58:19,2026-09-08 10:04:51,,1,0,47.85,957
5405,1752,1,,,60,0,47.95,2877,,0,0,,0,0,2877,,2026-09-07 07:58:19,2026-09-08 10:04:51,,1,0,47.85,2871
5406,1752,2,,,30,0,47.95,1438.5,,0,0,,0,0,1438.5,,2026-09-07 07:58:19,2026-09-08 10:04:51,,1,0,47.85,1435.5
5407,1753,3,,,10,0,47.95,479.5,,0,0,,0,0,479.5,,2026-09-07 07:58:53,2026-09-08 10:04:51,,1,0,47.85,478.5
5408,1753,4,,,20,0,47.95,959,,0,0,,0,0,959,,2026-09-07 07:58:53,2026-09-08 10:04:51,,1,0,47.85,957
5409,1753,2,,,40,0,47.95,1918,,0,0,,0,0,1918,,2026-09-07 07:58:53,2026-09-08 10:04:51,,1,0,47.85,1914
5410,1753,1,,,80,0,47.95,3836,,0,0,,0,0,3836,,2026-09-07 07:58:53,2026-09-08 10:04:51,,1,0,47.85,3828
5411,1754,1,,,20,0,47.95,959,,0,0,,0,0,959,,2026-09-07 07:59:23,2026-09-08 12:44:09,,1,0,47.85,957
5412,1754,2,,,10,0,47.95,479.5,,0,0,,0,0,479.5,,2026-09-07 07:59:23,2026-09-08 12:44:09,,1,0,47.85,478.5
5413,1755,1,,,50,0,47.95,2397.5,,0,0,,0,0,2397.5,,2026-09-07 08:00:23,2026-09-08 12:44:10,,1,0,47.85,2392.5
5414,1755,2,,,40,0,47.95,1918,,0,0,,0,0,1918,,2026-09-07 08:00:23,2026-09-08 12:44:10,,1,0,47.85,1914
5415,1755,4,,,10,0,47.95,479.5,,0,0,,0,0,479.5,,2026-09-07 08:00:23,2026-09-08 12:44:10,,1,0,47.85,478.5
5416,1756,3,,,10,0,47.95,479.5,,0,0,,0,0,479.5,,2026-09-07 08:00:44,2026-09-08 10:04:52,,1,0,47.85,478.5
5417,1756,4,,,10,0,47.95,479.5,,0,0,,0,0,479.5,,2026-09-07 08:00:44,2026-09-08 10:04:52,,1,0,47.85,478.5
5418,1756,2,,,40,0,47.95,1918,,0,0,,0,0,1918,,2026-09-07 08:00:44,2026-09-08 10:04:52,,1,0,47.85,1914
5419,1756,1,,,80,0,47.95,3836,,0,0,,0,0,3836,,2026-09-07 08:00:44,2026-09-08 10:04:52,,1,0,47.85,3828
5420,1757,3,,,30,0,47.95,1438.5,,0,0,,0,0,1438.5,,2026-09-07 08:01:29,2026-09-08 10:04:53,,1,0,47.85,1435.5
5421,1757,4,,,50,0,47.95,2397.5,,0,0,,0,0,2397.5,,2026-09-07 08:01:29,2026-09-08 10:04:53,,1,0,47.85,2392.5
5422,1757,1,,,200,0,47.95,9590,,0,0,,0,0,9590,,2026-09-07 08:01:29,2026-09-08 10:04:53,,1,0,47.85,9570
5423,1757,2,,,220,0,47.95,10549,,0,0,,0,0,10549,,2026-09-07 08:01:29,2026-09-08 10:04:53,,1,0,47.85,10527
5424,1758,3,,,30,0,47.95,1438.5,,0,0,,0,0,1438.5,,2026-09-07 08:01:39,2026-09-08 12:44:10,,1,0,47.85,1435.5
5425,1758,4,,,40,0,47.95,1918,,0,0,,0,0,1918,,2026-09-07 08:01:39,2026-09-08 12:44:10,,1,0,47.85,1914
5426,1758,1,,,300,0,47.95,14385,,0,0,,0,0,14385,,2026-09-07 08:01:39,2026-09-08 12:44:10,,1,0,47.85,14355
5427,1758,2,,,130,0,47.95,6233.5,,0,0,,0,0,6233.5,,2026-09-07 08:01:39,2026-09-08 12:44:10,,1,0,47.85,6220.5
5428,1759,1,,,30,0,47.95,1438.5,,0,0,,0,0,1438.5,,2026-09-07 08:02:38,2026-09-08 10:04:53,,1,0,47.85,1435.5
5429,1760,1,,,20,0,47.95,959,,0,0,,0,0,959,,2026-09-07 08:03:46,2026-09-08 10:04:54,,1,0,47.85,957
5430,1760,2,,,20,0,47.95,959,,0,0,,0,0,959,,2026-09-07 08:03:46,2026-09-08 10:04:54,,1,0,47.85,957
5431,1760,4,,,10,0,47.95,479.5,,0,0,,0,0,479.5,,2026-09-07 08:03:46,2026-09-08 10:04:54,,1,0,47.85,478.5
5432,1761,3,,,20,0,47.95,959,,0,0,,0,0,959,,2026-09-07 08:04:13,2026-09-08 12:44:11,,1,0,47.85,957
5433,1761,4,,,50,0,47.95,2397.5,,0,0,,0,0,2397.5,,2026-09-07 08:04:13,2026-09-08 12:44:11,,1,0,47.85,2392.5
5434,1761,1,,,230,0,47.95,11028.5,,0,0,,0,0,11028.5,,2026-09-07 08:04:13,2026-09-08 12:44:11,,1,0,47.85,11005.5
5435,1761,2,,,100,0,47.95,4795,,0,0,,0,0,4795,,2026-09-07 08:04:13,2026-09-08 12:44:11,,1,0,47.85,4785
5436,1762,1,,,200,0,47.95,9590,,0,0,,0,0,9590,,2026-09-07 08:04:27,2026-09-08 10:04:55,,1,0,47.85,9570
5437,1762,2,,,220,0,47.95,10549,,0,0,,0,0,10549,,2026-09-07 08:04:27,2026-09-08 10:04:55,,1,0,47.85,10527
5438,1762,4,,,30,0,47.95,1438.5,,0,0,,0,0,1438.5,,2026-09-07 08:04:27,2026-09-08 10:04:55,,1,0,47.85,1435.5
5439,1763,1,,,110,0,47.95,5274.5,,0,0,,0,0,5274.5,,2026-09-07 08:05:30,2026-09-08 12:44:11,,1,0,47.85,5263.5
5440,1763,3,,,10,0,47.95,479.5,,0,0,,0,0,479.5,,2026-09-07 08:05:30,2026-09-08 12:44:11,,1,0,47.85,478.5
5441,1763,4,,,30,0,47.95,1438.5,,0,0,,0,0,1438.5,,2026-09-07 08:05:30,2026-09-08 12:44:11,,1,0,47.85,1435.5
5442,1763,2,,,50,0,47.95,2397.5,,0,0,,0,0,2397.5,,2026-09-07 08:05:30,2026-09-08 12:44:11,,1,0,47.85,2392.5
5443,1764,3,,,10,0,47.95,479.5,,0,0,,0,0,479.5,,2026-09-07 08:06:03,2026-09-08 10:04:56,,1,0,47.85,478.5
5444,1764,4,,,20,0,47.95,959,,0,0,,0,0,959,,2026-09-07 08:06:03,2026-09-08 10:04:56,,1,0,47.85,957
5445,1764,2,,,20,0,47.95,959,,0,0,,0,0,959,,2026-09-07 08:06:03,2026-09-08 10:04:56,,1,0,47.85,957
5446,1764,1,,,30,0,47.95,1438.5,,0,0,,0,0,1438.5,,2026-09-07 08:06:03,2026-09-08 10:04:56,,1,0,47.85,1435.5
5447,1765,1,,,50,0,47.95,2397.5,,0,0,,0,0,2397.5,,2026-09-07 08:06:31,2026-09-08 12:44:12,,1,0,47.85,2392.5
5448,1765,2,,,20,0,47.95,959,,0,0,,0,0,959,,2026-09-07 08:06:31,2026-09-08 12:44:12,,1,0,47.85,957
5449,1765,3,,,10,0,47.95,479.5,,0,0,,0,0,479.5,,2026-09-07 08:06:31,2026-09-08 12:44:12,,1,0,47.85,478.5
5450,1765,4,,,20,0,47.95,959,,0,0,,0,0,959,,2026-09-07 08:06:31,2026-09-08 12:44:12,,1,0,47.85,957
5451,1766,1,,,50,0,47.95,2397.5,,0,0,,0,0,2397.5,,2026-09-07 08:07:23,2026-09-08 12:44:12,,1,0,47.85,2392.5
5452,1766,2,,,20,0,47.95,959,,0,0,,0,0,959,,2026-09-07 08:07:23,2026-09-08 12:44:12,,1,0,47.85,957
5453,1766,3,,,10,0,47.95,479.5,,0,0,,0,0,479.5,,2026-09-07 08:07:23,2026-09-08 12:44:12,,1,0,47.85,478.5
5454,1766,4,,,20,0,47.95,959,,0,0,,0,0,959,,2026-09-07 08:07:23,2026-09-08 12:44:12,,1,0,47.85,957
5455,1767,1,,,30,0,47.95,1438.5,,0,0,,0,0,1438.5,,2026-09-07 08:08:30,2026-09-08 10:04:57,,1,0,47.85,1435.5
5456,1767,2,,,10,0,47.95,479.5,,0,0,,0,0,479.5,,2026-09-07 08:08:30,2026-09-08 10:04:57,,1,0,47.85,478.5
5457,1767,4,,,10,0,47.95,479.5,,0,0,,0,0,479.5,,2026-09-07 08:08:30,2026-09-08 10:04:57,,1,0,47.85,478.5
5458,1768,3,,,20,0,47.95,959,,0,0,,0,0,959,,2026-09-07 08:08:41,2026-09-08 12:44:13,,1,0,47.85,957
5459,1768,4,,,50,0,47.95,2397.5,,0,0,,0,0,2397.5,,2026-09-07 08:08:41,2026-09-08 12:44:13,,1,0,47.85,2392.5
5460,1768,1,,,350,0,47.95,16782.5,,0,0,,0,0,16782.5,,2026-09-07 08:08:41,2026-09-08 12:44:13,,1,0,47.85,16747.5
5461,1768,2,,,80,0,47.95,3836,,0,0,,0,0,3836,,2026-09-07 08:08:41,2026-09-08 12:44:13,,1,0,47.85,3828
5462,1769,1,,,30,0,47.95,1438.5,,0,0,,0,0,1438.5,,2026-09-07 08:09:36,2026-09-08 10:04:57,,1,0,47.85,1435.5
5463,1769,2,,,40,0,47.95,1918,,0,0,,0,0,1918,,2026-09-07 08:09:36,2026-09-08 10:04:57,,1,0,47.85,1914
5464,1769,4,,,10,0,47.95,479.5,,0,0,,0,0,479.5,,2026-09-07 08:09:36,2026-09-08 10:04:57,,1,0,47.85,478.5
5465,1770,1,,,300,0,47.95,14385,,0,0,,0,0,14385,,2026-09-07 08:10:12,2026-09-08 11:39:51,,1,0,47.85,14355
5466,1770,2,,,150,0,47.95,7192.5,,0,0,,0,0,7192.5,,2026-09-07 08:10:12,2026-09-08 11:39:51,,1,0,47.85,7177.5
5467,1770,3,,,30,0,47.95,1438.5,,0,0,,0,0,1438.5,,2026-09-07 08:10:12,2026-09-08 11:39:51,,1,0,47.85,1435.5
5468,1770,4,,,20,0,47.95,959,,0,0,,0,0,959,,2026-09-07 08:10:12,2026-09-08 11:39:51,,1,0,47.85,957
5469,1771,1,,,30,0,47.95,1438.5,,0,0,,0,0,1438.5,,2026-09-07 08:10:19,2026-09-08 12:44:13,,1,0,47.85,1435.5
5470,1771,3,,,10,0,47.95,479.5,,0,0,,0,0,479.5,,2026-09-07 08:10:19,2026-09-08 12:44:13,,1,0,47.85,478.5
5471,1771,4,,,20,0,47.95,959,,0,0,,0,0,959,,2026-09-07 08:10:19,2026-09-08 12:44:13,,1,0,47.85,957
5472,1771,2,,,10,0,47.95,479.5,,0,0,,0,0,479.5,,2026-09-07 08:10:19,2026-09-08 12:44:13,,1,0,47.85,478.5
5473,1772,1,,,50,0,47.95,2397.5,,0,0,,0,0,2397.5,,2026-09-07 08:10:40,2026-09-08 10:04:58,,1,0,47.85,2392.5
5474,1772,4,,,10,0,47.95,479.5,,0,0,,0,0,479.5,,2026-09-07 08:10:40,2026-09-08 10:04:58,,1,0,47.85,478.5
5475,1773,1,,,30,0,47.95,1438.5,,0,0,,0,0,1438.5,,2026-09-07 08:10:46,2026-09-08 12:44:14,,1,0,47.85,1435.5
5476,1773,2,,,10,0,47.95,479.5,,0,0,,0,0,479.5,,2026-09-07 08:10:46,2026-09-08 12:44:14,,1,0,47.85,478.5
5477,1773,4,,,10,0,47.95,479.5,,0,0,,0,0,479.5,,2026-09-07 08:10:46,2026-09-08 12:44:14,,1,0,47.85,478.5
5478,1774,1,,,1000,0,47.95,47950,,0,0,,0,0,47950,,2026-09-07 08:11:03,2026-09-08 11:39:52,,1,0,47.85,47850
5479,1774,2,,,1000,0,47.95,47950,,0,0,,0,0,47950,,2026-09-07 08:11:03,2026-09-08 11:39:52,,1,0,47.85,47850
5480,1774,3,,,100,0,47.95,4795,,0,0,,0,0,4795,,2026-09-07 08:11:03,2026-09-08 11:39:52,,1,0,47.85,4785
5481,1774,4,,,80,0,47.95,3836,,0,0,,0,0,3836,,2026-09-07 08:11:03,2026-09-08 11:39:52,,1,0,47.85,3828
5482,1775,1,,,200,0,47.95,9590,,0,0,,0,0,9590,,2026-09-07 08:11:22,2026-09-08 12:44:14,,1,0,47.85,9570
5483,1775,2,,,170,0,47.95,8151.5,,0,0,,0,0,8151.5,,2026-09-07 08:11:22,2026-09-08 12:44:14,,1,0,47.85,8134.5
5484,1775,4,,,30,0,47.95,1438.5,,0,0,,0,0,1438.5,,2026-09-07 08:11:22,2026-09-08 12:44:14,,1,0,47.85,1435.5
5485,1776,1,,,30,0,47.95,1438.5,,0,0,,0,0,1438.5,,2026-09-07 08:12:45,2026-09-07 08:14:47,2026-09-07 08:14:47,1,0,47.85,1435.5
5486,1776,2,,,20,0,47.95,959,,0,0,,0,0,959,,2026-09-07 08:12:45,2026-09-07 08:14:47,2026-09-07 08:14:47,1,0,47.85,957
5487,1776,4,,,10,0,47.95,479.5,,0,0,,0,0,479.5,,2026-09-07 08:12:45,2026-09-07 08:14:47,2026-09-07 08:14:47,1,0,47.85,478.5
5488,1777,1,,,60,0,47.95,2877,,0,0,,0,0,2877,,2026-09-07 08:13:29,2026-09-08 12:44:15,,1,0,47.85,2871
5489,1777,3,,,10,0,47.95,479.5,,0,0,,0,0,479.5,,2026-09-07 08:13:29,2026-09-08 12:44:15,,1,0,47.85,478.5
5490,1777,4,,,20,0,47.95,959,,0,0,,0,0,959,,2026-09-07 08:13:29,2026-09-08 12:44:15,,1,0,47.85,957
5491,1777,2,,,30,0,47.95,1438.5,,0,0,,0,0,1438.5,,2026-09-07 08:13:29,2026-09-08 12:44:15,,1,0,47.85,1435.5
5492,1778,1,,,30,0,47.95,1438.5,,0,0,,0,0,1438.5,,2026-09-07 08:14:18,2026-09-08 10:04:59,,1,0,47.85,1435.5
5493,1778,2,,,20,0,47.95,959,,0,0,,0,0,959,,2026-09-07 08:14:18,2026-09-08 10:04:59,,1,0,47.85,957
5494,1778,4,,,10,0,47.95,479.5,,0,0,,0,0,479.5,,2026-09-07 08:14:18,2026-09-08 10:04:59,,1,0,47.85,478.5
5495,1776,1,,,20,0,47.95,959,,0,0,,0,0,959,,2026-09-07 08:14:47,2026-09-08 10:05:04,,1,0,47.85,957
5496,1776,2,,,10,0,47.95,479.5,,0,0,,0,0,479.5,,2026-09-07 08:14:47,2026-09-08 10:05:04,,1,0,47.85,478.5
5497,1776,4,,,10,0,47.95,479.5,,0,0,,0,0,479.5,,2026-09-07 08:14:47,2026-09-08 10:05:04,,1,0,47.85,478.5
5498,1779,1,,,50,0,47.95,2397.5,,0,0,,0,0,2397.5,,2026-09-07 08:15:11,2026-09-08 12:44:16,,1,0,47.85,2392.5
5499,1779,2,,,20,0,47.95,959,,0,0,,0,0,959,,2026-09-07 08:15:11,2026-09-08 12:44:16,,1,0,47.85,957
5500,1779,3,,,10,0,47.95,479.5,,0,0,,0,0,479.5,,2026-09-07 08:15:11,2026-09-08 12:44:16,,1,0,47.85,478.5
5501,1779,4,,,20,0,47.95,959,,0,0,,0,0,959,,2026-09-07 08:15:11,2026-09-08 12:44:16,,1,0,47.85,957
5502,1780,3,,,10,0,47.95,479.5,,0,0,,0,0,479.5,,2026-09-07 08:15:51,2026-09-08 10:05:04,,1,0,47.85,478.5
5503,1780,4,,,20,0,47.95,959,,0,0,,0,0,959,,2026-09-07 08:15:51,2026-09-08 10:05:04,,1,0,47.85,957
5504,1780,2,,,100,0,47.95,4795,,0,0,,0,0,4795,,2026-09-07 08:15:51,2026-09-08 10:05:04,,1,0,47.85,4785
5505,1780,1,,,20,0,47.95,959,,0,0,,0,0,959,,2026-09-07 08:15:51,2026-09-08 10:05:04,,1,0,47.85,957
5506,1781,1,,,120,0,47.95,5754,,0,0,,0,0,5754,,2026-09-07 08:16:45,2026-09-08 12:44:16,,1,0,47.85,5742
5507,1781,3,,,10,0,47.95,479.5,,0,0,,0,0,479.5,,2026-09-07 08:16:45,2026-09-08 12:44:16,,1,0,47.85,478.5
5508,1781,4,,,20,0,47.95,959,,0,0,,0,0,959,,2026-09-07 08:16:45,2026-09-08 12:44:16,,1,0,47.85,957
5509,1781,2,,,100,0,47.95,4795,,0,0,,0,0,4795,,2026-09-07 08:16:45,2026-09-08 12:44:16,,1,0,47.85,4785
5510,1782,1,,,40,0,47.95,1918,,0,0,,0,0,1918,,2026-09-07 08:16:53,2026-09-08 10:05:05,,1,0,47.85,1914
5511,1782,2,,,20,0,47.95,959,,0,0,,0,0,959,,2026-09-07 08:16:53,2026-09-08 10:05:05,,1,0,47.85,957
5512,1783,3,,,10,0,47.95,479.5,,0,0,,0,0,479.5,,2026-09-07 08:17:35,2026-09-08 12:44:17,,1,0,47.85,478.5
5513,1783,4,,,20,0,47.95,959,,0,0,,0,0,959,,2026-09-07 08:17:35,2026-09-08 12:44:17,,1,0,47.85,957
5514,1783,1,,,80,0,47.95,3836,,0,0,,0,0,3836,,2026-09-07 08:17:35,2026-09-08 12:44:17,,1,0,47.85,3828
5515,1783,2,,,40,0,47.95,1918,,0,0,,0,0,1918,,2026-09-07 08:17:35,2026-09-08 12:44:17,,1,0,47.85,1914
5516,1784,1,,,40,0,47.95,1918,,0,0,,0,0,1918,,2026-09-07 08:17:51,2026-09-08 10:05:05,,1,0,47.85,1914
5517,1784,2,,,20,0,47.95,959,,0,0,,0,0,959,,2026-09-07 08:17:51,2026-09-08 10:05:05,,1,0,47.85,957
5518,1784,4,,,10,0,47.95,479.5,,0,0,,0,0,479.5,,2026-09-07 08:17:51,2026-09-08 10:05:05,,1,0,47.85,478.5
5519,1785,3,,,30,0,47.95,1438.5,,0,0,,0,0,1438.5,,2026-09-07 08:21:46,2026-09-08 10:05:06,,1,0,47.85,1435.5
5520,1785,4,,,60,0,47.95,2877,,0,0,,0,0,2877,,2026-09-07 08:21:46,2026-09-08 10:05:06,,1,0,47.85,2871
5521,1785,2,,,150,0,47.95,7192.5,,0,0,,0,0,7192.5,,2026-09-07 08:21:46,2026-09-08 10:05:06,,1,0,47.85,7177.5
5522,1785,1,,,290,0,47.95,13905.5,,0,0,,0,0,13905.5,,2026-09-07 08:21:46,2026-09-08 10:05:06,,1,0,47.85,13876.5
5523,1786,1,,,20,0,47.95,959,,0,0,,0,0,959,,2026-09-07 08:21:59,2026-09-08 12:44:17,,1,0,47.85,957
5524,1786,2,,,20,0,47.95,959,,0,0,,0,0,959,,2026-09-07 08:21:59,2026-09-08 12:44:17,,1,0,47.85,957
5525,1787,1,,,7500,0,47.95,359625,,0,0,,0,0,359625,,2026-09-07 08:29:11,2026-09-08 11:39:52,,1,0,47.85,358875
5526,1787,3,,,500,0,47.95,23975,,0,0,,0,0,23975,,2026-09-07 08:29:11,2026-09-08 11:39:52,,1,0,47.85,23925
5527,1788,3,,,130,0,47.95,6233.5,,0,0,,0,0,6233.5,,2026-09-07 08:30:49,2026-09-08 12:44:18,,1,0,47.85,6220.5
5528,1788,4,,,170,0,47.95,8151.5,,0,0,,0,0,8151.5,,2026-09-07 08:30:49,2026-09-08 12:44:18,,1,0,47.85,8134.5
5529,1788,1,,,1250,0,47.95,59937.5,,0,0,,0,0,59937.5,,2026-09-07 08:30:49,2026-09-08 12:44:18,,1,0,47.85,59812.5
5530,1788,2,,,600,0,47.95,28770,,0,0,,0,0,28770,,2026-09-07 08:30:49,2026-09-08 12:44:18,,1,0,47.85,28710
5531,1789,3,,,30,0,47.95,1438.5,,0,0,,0,0,1438.5,,2026-09-07 08:31:08,2026-09-08 10:05:07,,1,0,47.85,1435.5
5532,1789,4,,,50,0,47.95,2397.5,,0,0,,0,0,2397.5,,2026-09-07 08:31:08,2026-09-08 10:05:07,,1,0,47.85,2392.5
5533,1789,2,,,200,0,47.95,9590,,0,0,,0,0,9590,,2026-09-07 08:31:08,2026-09-08 10:05:07,,1,0,47.85,9570
5534,1789,1,,,330,0,47.95,15823.5,,0,0,,0,0,15823.5,,2026-09-07 08:31:08,2026-09-08 10:05:07,,1,0,47.85,15790.5
5535,1790,1,,,30,0,47.95,1438.5,,0,0,,0,0,1438.5,,2026-09-07 08:32:04,2026-09-08 10:05:07,,1,0,47.85,1435.5
5536,1790,2,,,10,0,47.95,479.5,,0,0,,0,0,479.5,,2026-09-07 08:32:04,2026-09-08 10:05:07,,1,0,47.85,478.5
5537,1790,4,,,10,0,47.95,479.5,,0,0,,0,0,479.5,,2026-09-07 08:32:04,2026-09-08 10:05:07,,1,0,47.85,478.5
5538,1791,1,,,350,0,47.95,16782.5,,0,0,,0,0,16782.5,,2026-09-07 08:33:55,2026-09-08 12:44:18,,1,0,47.85,16747.5
5539,1791,2,,,300,0,47.95,14385,,0,0,,0,0,14385,,2026-09-07 08:33:55,2026-09-08 12:44:18,,1,0,47.85,14355
5540,1791,3,,,40,0,47.95,1918,,0,0,,0,0,1918,,2026-09-07 08:33:55,2026-09-08 12:44:18,,1,0,47.85,1914
5541,1791,4,,,60,0,47.95,2877,,0,0,,0,0,2877,,2026-09-07 08:33:55,2026-09-08 12:44:18,,1,0,47.85,2871
5542,1792,1,,,20,0,47.95,959,,0,0,,0,0,959,,2026-09-07 08:34:05,2026-09-08 10:05:08,,1,0,47.85,957
5543,1792,2,,,10,0,47.95,479.5,,0,0,,0,0,479.5,,2026-09-07 08:34:05,2026-09-08 10:05:08,,1,0,47.85,478.5
5544,1792,3,,,10,0,47.95,479.5,,0,0,,0,0,479.5,,2026-09-07 08:34:05,2026-09-08 10:05:08,,1,0,47.85,478.5
5545,1792,4,,,10,0,47.95,479.5,,0,0,,0,0,479.5,,2026-09-07 08:34:05,2026-09-08 10:05:08,,1,0,47.85,478.5
5546,1793,1,,,400,0,47.95,19180,,0,0,,0,0,19180,,2026-09-07 08:35:10,2026-09-08 12:44:19,,1,0,47.85,19140
5547,1793,3,,,50,0,47.95,2397.5,,0,0,,0,0,2397.5,,2026-09-07 08:35:10,2026-09-08 12:44:19,,1,0,47.85,2392.5
5548,1793,4,,,100,0,47.95,4795,,0,0,,0,0,4795,,2026-09-07 08:35:10,2026-09-08 12:44:19,,1,0,47.85,4785
5549,1794,1,,,120,0,47.95,5754,,0,0,,0,0,5754,,2026-09-07 08:36:23,2026-09-08 12:44:19,,1,0,47.85,5742
5550,1794,2,,,60,0,47.95,2877,,0,0,,0,0,2877,,2026-09-07 08:36:23,2026-09-08 12:44:19,,1,0,47.85,2871
5551,1794,4,,,20,0,47.95,959,,0,0,,0,0,959,,2026-09-07 08:36:23,2026-09-08 12:44:19,,1,0,47.85,957
5552,1795,1,,,80,0,47.95,3836,,0,0,,0,0,3836,,2026-09-07 08:36:50,2026-09-08 12:44:20,,1,0,47.85,3828
5553,1795,2,,,100,0,47.95,4795,,0,0,,0,0,4795,,2026-09-07 08:36:50,2026-09-08 12:44:20,,1,0,47.85,4785
5554,1795,4,,,20,0,47.95,959,,0,0,,0,0,959,,2026-09-07 08:36:50,2026-09-08 12:44:20,,1,0,47.85,957
5555,1796,1,,,230,0,47.95,11028.5,,0,0,,0,0,11028.5,,2026-09-07 08:37:40,2026-09-08 10:05:08,,1,0,47.85,11005.5
5556,1796,3,,,30,0,47.95,1438.5,,0,0,,0,0,1438.5,,2026-09-07 08:37:40,2026-09-08 10:05:08,,1,0,47.85,1435.5
5557,1796,4,,,60,0,47.95,2877,,0,0,,0,0,2877,,2026-09-07 08:37:40,2026-09-08 10:05:08,,1,0,47.85,2871
5558,1796,2,,,180,0,47.95,8631,,0,0,,0,0,8631,,2026-09-07 08:37:40,2026-09-08 10:05:08,,1,0,47.85,8613
5559,1797,1,,,250,0,47.95,11987.5,,0,0,,0,0,11987.5,,2026-09-07 08:38:09,2026-09-08 12:44:20,,1,0,47.85,11962.5
5560,1797,3,,,20,0,47.95,959,,0,0,,0,0,959,,2026-09-07 08:38:09,2026-09-08 12:44:20,,1,0,47.85,957
5561,1797,4,,,50,0,47.95,2397.5,,0,0,,0,0,2397.5,,2026-09-07 08:38:09,2026-09-08 12:44:20,,1,0,47.85,2392.5
5562,1797,2,,,170,0,47.95,8151.5,,0,0,,0,0,8151.5,,2026-09-07 08:38:09,2026-09-08 12:44:20,,1,0,47.85,8134.5
5563,1798,4,,,50,0,47.95,2397.5,,0,0,,0,0,2397.5,,2026-09-07 08:39:11,2026-09-08 12:44:21,,1,0,47.85,2392.5
5564,1798,1,,,230,0,47.95,11028.5,,0,0,,0,0,11028.5,,2026-09-07 08:39:11,2026-09-08 12:44:21,,1,0,47.85,11005.5
5565,1798,2,,,190,0,47.95,9110.5,,0,0,,0,0,9110.5,,2026-09-07 08:39:11,2026-09-08 12:44:21,,1,0,47.85,9091.5
5566,1798,3,,,30,0,47.95,1438.5,,0,0,,0,0,1438.5,,2026-09-07 08:39:11,2026-09-08 12:44:21,,1,0,47.85,1435.5
5567,1799,3,,,40,0,47.95,1918,,0,0,,0,0,1918,,2026-09-07 08:39:52,2026-09-08 10:05:09,,1,0,47.85,1914
5568,1799,4,,,60,0,47.95,2877,,0,0,,0,0,2877,,2026-09-07 08:39:52,2026-09-08 10:05:09,,1,0,47.85,2871
5569,1799,2,,,200,0,47.95,9590,,0,0,,0,0,9590,,2026-09-07 08:39:52,2026-09-08 10:05:09,,1,0,47.85,9570
5570,1799,1,,,200,0,47.95,9590,,0,0,,0,0,9590,,2026-09-07 08:39:52,2026-09-08 10:05:09,,1,0,47.85,9570
5571,1800,3,,,20,0,47.95,959,,0,0,,0,0,959,,2026-09-07 08:44:53,2026-09-08 10:05:10,,1,0,47.85,957
5572,1800,4,,,30,0,47.95,1438.5,,0,0,,0,0,1438.5,,2026-09-07 08:44:53,2026-09-08 10:05:10,,1,0,47.85,1435.5
5573,1800,2,,,60,0,47.95,2877,,0,0,,0,0,2877,,2026-09-07 08:44:53,2026-09-08 10:05:10,,1,0,47.85,2871
5574,1800,1,,,90,0,47.95,4315.5,,0,0,,0,0,4315.5,,2026-09-07 08:44:53,2026-09-08 10:05:10,,1,0,47.85,4306.5
5575,1801,1,,,400,0,47.95,19180,,0,0,,0,0,19180,,2026-09-07 08:45:46,2026-09-08 11:39:53,,1,0,47.85,19140
5576,1801,2,,,100,0,47.95,4795,,0,0,,0,0,4795,,2026-09-07 08:45:46,2026-09-08 11:39:53,,1,0,47.85,4785
5577,1802,1,,,30,0,47.95,1438.5,,0,0,,0,0,1438.5,,2026-09-07 08:45:54,2026-09-08 10:05:10,,1,0,47.85,1435.5
5578,1802,2,,,20,0,47.95,959,,0,0,,0,0,959,,2026-09-07 08:45:54,2026-09-08 10:05:10,,1,0,47.85,957
5579,1802,4,,,10,0,47.95,479.5,,0,0,,0,0,479.5,,2026-09-07 08:45:54,2026-09-08 10:05:10,,1,0,47.85,478.5
5580,1803,3,,,100,0,47.95,4795,,0,0,,0,0,4795,,2026-09-07 08:48:28,2026-09-08 10:05:11,,1,0,47.85,4785
5581,1803,4,,,100,0,47.95,4795,,0,0,,0,0,4795,,2026-09-07 08:48:28,2026-09-08 10:05:11,,1,0,47.85,4785
5582,1803,2,,,150,0,47.95,7192.5,,0,0,,0,0,7192.5,,2026-09-07 08:48:28,2026-09-08 10:05:11,,1,0,47.85,7177.5
5583,1803,1,,,400,0,47.95,19180,,0,0,,0,0,19180,,2026-09-07 08:48:28,2026-09-08 10:05:11,,1,0,47.85,19140
5584,1804,1,,,160,0,47.95,7672,,0,0,,0,0,7672,,2026-09-07 08:49:24,2026-09-08 12:44:21,,1,0,47.85,7656
5585,1804,2,,,160,0,47.95,7672,,0,0,,0,0,7672,,2026-09-07 08:49:24,2026-09-08 12:44:21,,1,0,47.85,7656
5586,1804,3,,,10,0,47.95,479.5,,0,0,,0,0,479.5,,2026-09-07 08:49:24,2026-09-08 12:44:21,,1,0,47.85,478.5
5587,1804,4,,,20,0,47.95,959,,0,0,,0,0,959,,2026-09-07 08:49:24,2026-09-08 12:44:21,,1,0,47.85,957
5588,1805,1,,,70,0,47.95,3356.5,,0,0,,0,0,3356.5,,2026-09-07 08:52:05,2026-09-08 12:44:22,,1,0,47.85,3349.5
5589,1805,4,,,50,0,47.95,2397.5,,0,0,,0,0,2397.5,,2026-09-07 08:52:05,2026-09-08 12:44:22,,1,0,47.85,2392.5
5590,1805,3,,,30,0,47.95,1438.5,,0,0,,0,0,1438.5,,2026-09-07 08:52:05,2026-09-08 12:44:22,,1,0,47.85,1435.5
5591,1805,2,,,150,0,47.95,7192.5,,0,0,,0,0,7192.5,,2026-09-07 08:52:05,2026-09-08 12:44:22,,1,0,47.85,7177.5
5592,1806,1,,,500,0,47.95,23975,,0,0,,0,0,23975,,2026-09-07 08:54:09,2026-09-08 10:05:12,,1,0,47.85,23925
5593,1806,2,,,450,0,47.95,21577.5,,0,0,,0,0,21577.5,,2026-09-07 08:54:09,2026-09-08 10:05:12,,1,0,47.85,21532.5
5594,1806,4,,,50,0,47.95,2397.5,,0,0,,0,0,2397.5,,2026-09-07 08:54:09,2026-09-08 10:05:12,,1,0,47.85,2392.5
5595,1807,3,,,10,0,47.95,479.5,,0,0,,0,0,479.5,,2026-09-07 08:55:53,2026-09-08 12:44:22,,1,0,47.85,478.5
5596,1807,4,,,20,0,47.95,959,,0,0,,0,0,959,,2026-09-07 08:55:53,2026-09-08 12:44:22,,1,0,47.85,957
5597,1807,1,,,120,0,47.95,5754,,0,0,,0,0,5754,,2026-09-07 08:55:53,2026-09-08 12:44:22,,1,0,47.85,5742
5598,1807,2,,,50,0,47.95,2397.5,,0,0,,0,0,2397.5,,2026-09-07 08:55:53,2026-09-08 12:44:22,,1,0,47.85,2392.5
5599,1808,3,,,30,0,47.95,1438.5,,0,0,,0,0,1438.5,,2026-09-07 08:57:25,2026-09-08 12:44:23,,1,0,47.85,1435.5
5600,1808,4,,,50,0,47.95,2397.5,,0,0,,0,0,2397.5,,2026-09-07 08:57:25,2026-09-08 12:44:23,,1,0,47.85,2392.5
5601,1808,1,,,220,0,47.95,10549,,0,0,,0,0,10549,,2026-09-07 08:57:25,2026-09-08 12:44:23,,1,0,47.85,10527
5602,1808,2,,,200,0,47.95,9590,,0,0,,0,0,9590,,2026-09-07 08:57:25,2026-09-08 12:44:23,,1,0,47.85,9570
5603,1809,3,,,60,0,47.95,2877,,0,0,,0,0,2877,,2026-09-07 08:59:21,2026-09-08 10:05:12,,1,0,47.85,2871
5604,1809,4,,,100,0,47.95,4795,,0,0,,0,0,4795,,2026-09-07 08:59:21,2026-09-08 10:05:12,,1,0,47.85,4785
5605,1809,2,,,200,0,47.95,9590,,0,0,,0,0,9590,,2026-09-07 08:59:21,2026-09-08 10:05:12,,1,0,47.85,9570
5606,1809,1,,,440,0,47.95,21098,,0,0,,0,0,21098,,2026-09-07 08:59:21,2026-09-08 10:05:12,,1,0,47.85,21054
5607,1810,1,,,40,0,47.95,1918,,0,0,,0,0,1918,,2026-09-07 08:59:56,2026-09-08 12:44:23,,1,0,47.85,1914
5608,1810,3,,,10,0,47.95,479.5,,0,0,,0,0,479.5,,2026-09-07 08:59:56,2026-09-08 12:44:23,,1,0,47.85,478.5
5609,1810,4,,,10,0,47.95,479.5,,0,0,,0,0,479.5,,2026-09-07 08:59:56,2026-09-08 12:44:23,,1,0,47.85,478.5
5610,1810,2,,,10,0,47.95,479.5,,0,0,,0,0,479.5,,2026-09-07 08:59:56,2026-09-08 12:44:23,,1,0,47.85,478.5
5611,1811,1,,,1250,0,47.95,59937.5,,0,0,,0,0,59937.5,,2026-09-07 09:01:44,2026-09-08 12:44:24,,1,0,47.85,59812.5
5612,1811,2,,,1300,0,47.95,62335,,0,0,,0,0,62335,,2026-09-07 09:01:44,2026-09-08 12:44:24,,1,0,47.85,62205
5613,1811,3,,,150,0,47.95,7192.5,,0,0,,0,0,7192.5,,2026-09-07 09:01:44,2026-09-08 12:44:24,,1,0,47.85,7177.5
5614,1811,4,,,300,0,47.95,14385,,0,0,,0,0,14385,,2026-09-07 09:01:44,2026-09-08 12:44:24,,1,0,47.85,14355
5615,1812,1,,,1000,0,47.95,47950,,0,0,,0,0,47950,,2026-09-07 09:02:17,2026-09-08 12:44:24,,1,0,47.85,47850
5616,1812,2,,,1150,0,47.95,55142.5,,0,0,,0,0,55142.5,,2026-09-07 09:02:17,2026-09-08 12:44:24,,1,0,47.85,55027.5
5617,1812,3,,,100,0,47.95,4795,,0,0,,0,0,4795,,2026-09-07 09:02:17,2026-09-08 12:44:24,,1,0,47.85,4785
5618,1812,4,,,250,0,47.95,11987.5,,0,0,,0,0,11987.5,,2026-09-07 09:02:17,2026-09-08 12:44:24,,1,0,47.85,11962.5
5619,1813,1,,,250,0,47.95,11987.5,,0,0,,0,0,11987.5,,2026-09-07 09:02:56,2026-09-08 12:44:25,,1,0,47.85,11962.5
5620,1813,2,,,200,0,47.95,9590,,0,0,,0,0,9590,,2026-09-07 09:02:56,2026-09-08 12:44:25,,1,0,47.85,9570
5621,1813,3,,,20,0,47.95,959,,0,0,,0,0,959,,2026-09-07 09:02:56,2026-09-08 12:44:25,,1,0,47.85,957
5622,1813,4,,,30,0,47.95,1438.5,,0,0,,0,0,1438.5,,2026-09-07 09:02:56,2026-09-08 12:44:25,,1,0,47.85,1435.5
5623,1814,1,,,700,0,47.95,33565,,0,0,,0,0,33565,,2026-09-07 09:03:54,2026-09-08 12:46:12,,1,0,47.85,33495
5624,1814,2,,,300,0,47.95,14385,,0,0,,0,0,14385,,2026-09-07 09:03:54,2026-09-08 12:46:12,,1,0,47.85,14355
5625,1814,4,,,50,0,47.95,2397.5,,0,0,,0,0,2397.5,,2026-09-07 09:03:54,2026-09-08 12:46:12,,1,0,47.85,2392.5
5626,1815,1,,,70,0,47.95,3356.5,,0,0,,0,0,3356.5,,2026-09-07 09:04:15,2026-09-08 10:05:13,,1,0,47.85,3349.5
5627,1815,2,,,10,0,47.95,479.5,,0,0,,0,0,479.5,,2026-09-07 09:04:15,2026-09-08 10:05:13,,1,0,47.85,478.5
5628,1815,3,,,10,0,47.95,479.5,,0,0,,0,0,479.5,,2026-09-07 09:04:15,2026-09-08 10:05:13,,1,0,47.85,478.5
5629,1815,4,,,10,0,47.95,479.5,,0,0,,0,0,479.5,,2026-09-07 09:04:15,2026-09-08 10:05:13,,1,0,47.85,478.5
5630,1816,1,,,150,0,47.95,7192.5,,0,0,,0,0,7192.5,,2026-09-07 09:06:08,2026-09-08 12:46:12,,1,0,47.85,7177.5
5631,1816,3,,,10,0,47.95,479.5,,0,0,,0,0,479.5,,2026-09-07 09:06:08,2026-09-08 12:46:12,,1,0,47.85,478.5
5632,1816,4,,,20,0,47.95,959,,0,0,,0,0,959,,2026-09-07 09:06:08,2026-09-08 12:46:12,,1,0,47.85,957
5633,1816,2,,,70,0,47.95,3356.5,,0,0,,0,0,3356.5,,2026-09-07 09:06:08,2026-09-08 12:46:12,,1,0,47.85,3349.5
5634,1817,1,,,50,0,47.95,2397.5,,0,0,,0,0,2397.5,,2026-09-07 09:07:25,2026-09-08 12:46:13,,1,0,47.85,2392.5
5635,1817,4,,,20,0,47.95,959,,0,0,,0,0,959,,2026-09-07 09:07:25,2026-09-08 12:46:13,,1,0,47.85,957
5636,1817,3,,,10,0,47.95,479.5,,0,0,,0,0,479.5,,2026-09-07 09:07:25,2026-09-08 12:46:13,,1,0,47.85,478.5
5637,1817,2,,,20,0,47.95,959,,0,0,,0,0,959,,2026-09-07 09:07:25,2026-09-08 12:46:13,,1,0,47.85,957
5638,1818,3,,,10,0,47.95,479.5,,0,0,,0,0,479.5,,2026-09-07 09:08:08,2026-09-08 12:46:13,,1,0,47.85,478.5
5639,1818,4,,,20,0,47.95,959,,0,0,,0,0,959,,2026-09-07 09:08:08,2026-09-08 12:46:13,,1,0,47.85,957
5640,1818,1,,,60,0,47.95,2877,,0,0,,0,0,2877,,2026-09-07 09:08:08,2026-09-08 12:46:13,,1,0,47.85,2871
5641,1818,2,,,30,0,47.95,1438.5,,0,0,,0,0,1438.5,,2026-09-07 09:08:08,2026-09-08 12:46:13,,1,0,47.85,1435.5
5642,1819,1,,,100,0,47.95,4795,,0,0,,0,0,4795,,2026-09-07 09:08:42,2026-09-08 12:46:14,,1,0,47.85,4785
5643,1819,3,,,10,0,47.95,479.5,,0,0,,0,0,479.5,,2026-09-07 09:08:42,2026-09-08 12:46:14,,1,0,47.85,478.5
5644,1819,4,,,20,0,47.95,959,,0,0,,0,0,959,,2026-09-07 09:08:42,2026-09-08 12:46:14,,1,0,47.85,957
5645,1819,2,,,20,0,47.95,959,,0,0,,0,0,959,,2026-09-07 09:08:42,2026-09-08 12:46:14,,1,0,47.85,957
5646,1820,1,,,200,0,47.95,9590,,0,0,,0,0,9590,,2026-09-07 09:09:52,2026-09-08 12:46:14,,1,0,47.85,9570
5647,1820,3,,,20,0,47.95,959,,0,0,,0,0,959,,2026-09-07 09:09:52,2026-09-08 12:46:14,,1,0,47.85,957
5648,1820,4,,,50,0,47.95,2397.5,,0,0,,0,0,2397.5,,2026-09-07 09:09:52,2026-09-08 12:46:14,,1,0,47.85,2392.5
5649,1820,2,,,100,0,47.95,4795,,0,0,,0,0,4795,,2026-09-07 09:09:52,2026-09-08 12:46:14,,1,0,47.85,4785
5650,1821,1,,,10,0,47.95,479.5,,0,0,,0,0,479.5,,2026-09-07 09:10:22,2026-09-08 12:46:15,,1,0,47.85,478.5
5651,1821,2,,,10,0,47.95,479.5,,0,0,,0,0,479.5,,2026-09-07 09:10:22,2026-09-08 12:46:15,,1,0,47.85,478.5
5652,1822,1,,,100,0,47.95,4795,,0,0,,0,0,4795,,2026-09-07 09:11:01,2026-09-08 12:46:15,,1,0,47.85,4785
5653,1822,3,,,10,0,47.95,479.5,,0,0,,0,0,479.5,,2026-09-07 09:11:01,2026-09-08 12:46:15,,1,0,47.85,478.5
5654,1822,4,,,20,0,47.95,959,,0,0,,0,0,959,,2026-09-07 09:11:01,2026-09-08 12:46:15,,1,0,47.85,957
5655,1822,2,,,120,0,47.95,5754,,0,0,,0,0,5754,,2026-09-07 09:11:01,2026-09-08 12:46:15,,1,0,47.85,5742
5656,1823,1,,,300,0,47.95,14385,,0,0,,0,0,14385,,2026-09-07 09:13:33,2026-09-08 12:46:16,,1,0,47.85,14355
5657,1823,2,,,150,0,47.95,7192.5,,0,0,,0,0,7192.5,,2026-09-07 09:13:33,2026-09-08 12:46:16,,1,0,47.85,7177.5
5658,1823,3,,,20,0,47.95,959,,0,0,,0,0,959,,2026-09-07 09:13:33,2026-09-08 12:46:16,,1,0,47.85,957
5659,1823,4,,,40,0,47.95,1918,,0,0,,0,0,1918,,2026-09-07 09:13:33,2026-09-08 12:46:16,,1,0,47.85,1914
5660,1824,1,,,160,0,47.95,7672,,0,0,,0,0,7672,,2026-09-07 09:14:35,2026-09-07 09:17:01,2026-09-07 09:17:01,1,0,47.85,7656
5661,1824,2,,,140,0,47.95,6713,,0,0,,0,0,6713,,2026-09-07 09:14:35,2026-09-07 09:17:01,2026-09-07 09:17:01,1,0,47.85,6699
5662,1825,1,,,50,0,47.95,2397.5,,0,0,,0,0,2397.5,,2026-09-07 09:15:17,2026-09-08 10:05:14,,1,0,47.85,2392.5
5663,1825,2,,,30,0,47.95,1438.5,,0,0,,0,0,1438.5,,2026-09-07 09:15:17,2026-09-08 10:05:14,,1,0,47.85,1435.5
5664,1825,3,,,10,0,47.95,479.5,,0,0,,0,0,479.5,,2026-09-07 09:15:17,2026-09-08 10:05:14,,1,0,47.85,478.5
5665,1825,4,,,10,0,47.95,479.5,,0,0,,0,0,479.5,,2026-09-07 09:15:17,2026-09-08 10:05:14,,1,0,47.85,478.5
5666,1826,1,,,150,0,47.95,7192.5,,0,0,,0,0,7192.5,,2026-09-07 09:15:24,2026-09-08 12:46:17,,1,0,47.85,7177.5
5667,1826,3,,,10,0,47.95,479.5,,0,0,,0,0,479.5,,2026-09-07 09:15:24,2026-09-08 12:46:17,,1,0,47.85,478.5
5668,1826,4,,,20,0,47.95,959,,0,0,,0,0,959,,2026-09-07 09:15:24,2026-09-08 12:46:17,,1,0,47.85,957
5669,1826,2,,,70,0,47.95,3356.5,,0,0,,0,0,3356.5,,2026-09-07 09:15:24,2026-09-08 12:46:17,,1,0,47.85,3349.5
5670,1824,1,,,150,0,47.95,7192.5,,0,0,,0,0,7192.5,,2026-09-07 09:17:01,2026-09-08 12:46:17,,1,0,47.85,7177.5
5671,1824,2,,,140,0,47.95,6713,,0,0,,0,0,6713,,2026-09-07 09:17:01,2026-09-08 12:46:17,,1,0,47.85,6699
5672,1824,3,,,10,0,47.95,479.5,,0,0,,0,0,479.5,,2026-09-07 09:17:01,2026-09-08 12:46:17,,1,0,47.85,478.5
5673,1827,3,,,50,0,47.95,2397.5,,0,0,,0,0,2397.5,,2026-09-07 09:18:57,2026-09-08 10:05:14,,1,0,47.85,2392.5
5674,1827,4,,,80,0,47.95,3836,,0,0,,0,0,3836,,2026-09-07 09:18:57,2026-09-08 10:05:14,,1,0,47.85,3828
5675,1827,2,,,290,0,47.95,13905.5,,0,0,,0,0,13905.5,,2026-09-07 09:18:57,2026-09-08 10:05:14,,1,0,47.85,13876.5
5676,1827,1,,,100,0,47.95,4795,,0,0,,0,0,4795,,2026-09-07 09:18:57,2026-09-08 10:05:14,,1,0,47.85,4785
5677,1828,1,,,800,0,47.95,38360,,0,0,,0,0,38360,,2026-09-07 09:19:21,2026-09-08 12:46:18,,1,0,47.85,38280
5678,1828,3,,,50,0,47.95,2397.5,,0,0,,0,0,2397.5,,2026-09-07 09:19:21,2026-09-08 12:46:18,,1,0,47.85,2392.5
5679,1828,4,,,100,0,47.95,4795,,0,0,,0,0,4795,,2026-09-07 09:19:21,2026-09-08 12:46:18,,1,0,47.85,4785
5680,1828,2,,,650,0,47.95,31167.5,,0,0,,0,0,31167.5,,2026-09-07 09:19:21,2026-09-08 12:46:18,,1,0,47.85,31102.5
5681,1829,1,,,30,0,47.95,1438.5,,0,0,,0,0,1438.5,,2026-09-07 09:20:15,2026-09-08 12:46:18,,1,0,47.85,1435.5
5682,1829,3,,,10,0,47.95,479.5,,0,0,,0,0,479.5,,2026-09-07 09:20:15,2026-09-08 12:46:18,,1,0,47.85,478.5
5683,1829,4,,,20,0,47.95,959,,0,0,,0,0,959,,2026-09-07 09:20:15,2026-09-08 12:46:18,,1,0,47.85,957
5684,1829,2,,,40,0,47.95,1918,,0,0,,0,0,1918,,2026-09-07 09:20:15,2026-09-08 12:46:18,,1,0,47.85,1914
5685,1830,1,,,100,0,47.95,4795,,0,0,,0,0,4795,,2026-09-07 09:21:46,2026-09-08 12:46:19,,1,0,47.85,4785
5686,1830,3,,,10,0,47.95,479.5,,0,0,,0,0,479.5,,2026-09-07 09:21:46,2026-09-08 12:46:19,,1,0,47.85,478.5
5687,1830,4,,,20,0,47.95,959,,0,0,,0,0,959,,2026-09-07 09:21:46,2026-09-08 12:46:19,,1,0,47.85,957
5688,1830,2,,,70,0,47.95,3356.5,,0,0,,0,0,3356.5,,2026-09-07 09:21:46,2026-09-08 12:46:19,,1,0,47.85,3349.5
5689,1831,3,,,200,0,47.95,9590,,0,0,,0,0,9590,,2026-09-07 09:21:57,2026-09-08 10:05:52,,1,0,47.85,9570
5690,1831,4,,,200,0,47.95,9590,,0,0,,0,0,9590,,2026-09-07 09:21:57,2026-09-08 10:05:52,,1,0,47.85,9570
5691,1831,2,,,1600,0,47.95,76720,,0,0,,0,0,76720,,2026-09-07 09:21:57,2026-09-08 10:05:52,,1,0,47.85,76560
5692,1831,1,,,1000,0,47.95,47950,,0,0,,0,0,47950,,2026-09-07 09:21:57,2026-09-08 10:05:52,,1,0,47.85,47850
5693,1832,3,,,200,0,47.95,9590,,0,0,,0,0,9590,,2026-09-07 09:25:58,2026-09-08 12:46:19,,1,0,47.85,9570
5694,1832,4,,,250,0,47.95,11987.5,,0,0,,0,0,11987.5,,2026-09-07 09:25:58,2026-09-08 12:46:19,,1,0,47.85,11962.5
5695,1832,2,,,1500,0,47.95,71925,,0,0,,0,0,71925,,2026-09-07 09:25:58,2026-09-08 12:46:19,,1,0,47.85,71775
5696,1832,1,,,550,0,47.95,26372.5,,0,0,,0,0,26372.5,,2026-09-07 09:25:58,2026-09-08 12:46:19,,1,0,47.85,26317.5
5697,1833,3,,,10,0,47.95,479.5,,0,0,,0,0,479.5,,2026-09-07 09:29:32,2026-09-08 12:46:20,,1,0,47.85,478.5
5698,1833,4,,,20,0,47.95,959,,0,0,,0,0,959,,2026-09-07 09:29:32,2026-09-08 12:46:20,,1,0,47.85,957
5699,1833,1,,,170,0,47.95,8151.5,,0,0,,0,0,8151.5,,2026-09-07 09:29:32,2026-09-08 12:46:20,,1,0,47.85,8134.5
5700,1833,2,,,50,0,47.95,2397.5,,0,0,,0,0,2397.5,,2026-09-07 09:29:32,2026-09-08 12:46:20,,1,0,47.85,2392.5
5701,1834,3,,,20,0,47.95,959,,0,0,,0,0,959,,2026-09-07 09:31:47,2026-09-08 12:46:20,,1,0,47.85,957
5702,1834,4,,,50,0,47.95,2397.5,,0,0,,0,0,2397.5,,2026-09-07 09:31:47,2026-09-08 12:46:20,,1,0,47.85,2392.5
5703,1834,1,,,200,0,47.95,9590,,0,0,,0,0,9590,,2026-09-07 09:31:47,2026-09-08 12:46:20,,1,0,47.85,9570
5704,1834,2,,,230,0,47.95,11028.5,,0,0,,0,0,11028.5,,2026-09-07 09:31:47,2026-09-08 12:46:20,,1,0,47.85,11005.5
5705,1835,3,,,10,0,47.95,479.5,,0,0,,0,0,479.5,,2026-09-07 09:32:45,2026-09-08 12:46:21,,1,0,47.85,478.5
5706,1835,4,,,20,0,47.95,959,,0,0,,0,0,959,,2026-09-07 09:32:45,2026-09-08 12:46:21,,1,0,47.85,957
5707,1835,1,,,80,0,47.95,3836,,0,0,,0,0,3836,,2026-09-07 09:32:45,2026-09-08 12:46:21,,1,0,47.85,3828
5708,1835,2,,,40,0,47.95,1918,,0,0,,0,0,1918,,2026-09-07 09:32:45,2026-09-08 12:46:21,,1,0,47.85,1914
5709,1836,1,,,20,0,47.95,959,,0,0,,0,0,959,,2026-09-07 09:34:00,2026-09-08 12:46:21,,1,0,47.85,957
5710,1836,2,,,30,0,47.95,1438.5,,0,0,,0,0,1438.5,,2026-09-07 09:34:00,2026-09-08 12:46:21,,1,0,47.85,1435.5
5711,1837,2,,,30,0,47.95,1438.5,,0,0,,0,0,1438.5,,2026-09-07 09:35:48,2026-09-08 12:46:22,,1,0,47.85,1435.5
5712,1837,1,,,30,0,47.95,1438.5,,0,0,,0,0,1438.5,,2026-09-07 09:35:48,2026-09-08 12:46:22,,1,0,47.85,1435.5
5713,1838,3,,,20,0,47.95,959,,0,0,,0,0,959,,2026-09-07 09:37:02,2026-09-08 12:46:22,,1,0,47.85,957
5714,1838,4,,,40,0,47.95,1918,,0,0,,0,0,1918,,2026-09-07 09:37:02,2026-09-08 12:46:22,,1,0,47.85,1914
5715,1838,1,,,250,0,47.95,11987.5,,0,0,,0,0,11987.5,,2026-09-07 09:37:02,2026-09-08 12:46:22,,1,0,47.85,11962.5
5716,1838,2,,,190,0,47.95,9110.5,,0,0,,0,0,9110.5,,2026-09-07 09:37:02,2026-09-08 12:46:22,,1,0,47.85,9091.5
5717,1839,1,,,20,0,47.95,959,,0,0,,0,0,959,,2026-09-07 09:38:23,2026-09-08 12:46:23,,1,0,47.85,957
5718,1839,2,,,70,0,47.95,3356.5,,0,0,,0,0,3356.5,,2026-09-07 09:38:23,2026-09-08 12:46:23,,1,0,47.85,3349.5
5719,1839,4,,,10,0,47.95,479.5,,0,0,,0,0,479.5,,2026-09-07 09:38:23,2026-09-08 12:46:23,,1,0,47.85,478.5
5720,1840,1,,,50,0,47.95,2397.5,,0,0,,0,0,2397.5,,2026-09-07 09:39:35,2026-09-08 10:05:53,,1,0,47.85,2392.5
5721,1840,2,,,10,0,47.95,479.5,,0,0,,0,0,479.5,,2026-09-07 09:39:35,2026-09-08 10:05:53,,1,0,47.85,478.5
5722,1840,4,,,20,0,47.95,959,,0,0,,0,0,959,,2026-09-07 09:39:35,2026-09-08 10:05:53,,1,0,47.85,957
5723,1841,2,,,20,0,47.95,959,,0,0,,0,0,959,,2026-09-07 09:40:26,2026-09-08 10:05:53,,1,0,47.85,957
5724,1842,3,,,20,0,47.95,959,,0,0,,0,0,959,,2026-09-07 09:42:09,2026-09-08 10:05:54,,1,0,47.85,957
5725,1842,4,,,20,0,47.95,959,,0,0,,0,0,959,,2026-09-07 09:42:09,2026-09-08 10:05:54,,1,0,47.85,957
5726,1842,2,,,60,0,47.95,2877,,0,0,,0,0,2877,,2026-09-07 09:42:09,2026-09-08 10:05:54,,1,0,47.85,2871
5727,1842,1,,,150,0,47.95,7192.5,,0,0,,0,0,7192.5,,2026-09-07 09:42:09,2026-09-08 10:05:54,,1,0,47.85,7177.5
5728,1843,1,,,30,0,47.95,1438.5,,0,0,,0,0,1438.5,,2026-09-07 09:43:43,2026-09-08 12:46:24,,1,0,47.85,1435.5
5729,1843,2,,,20,0,47.95,959,,0,0,,0,0,959,,2026-09-07 09:43:43,2026-09-08 12:46:24,,1,0,47.85,957
5730,1843,3,,,10,0,47.95,479.5,,0,0,,0,0,479.5,,2026-09-07 09:43:43,2026-09-08 12:46:24,,1,0,47.85,478.5
5731,1747,3,,,50,0,47.95,2397.5,,0,0,,0,0,2397.5,,2026-09-07 09:43:53,2026-09-08 10:05:54,,1,0,47.85,2392.5
5732,1747,4,,,80,0,47.95,3836,,0,0,,0,0,3836,,2026-09-07 09:43:53,2026-09-08 10:05:54,,1,0,47.85,3828
5733,1747,2,,,620,0,47.95,29729,,0,0,,0,0,29729,,2026-09-07 09:43:53,2026-09-08 10:05:54,,1,0,47.85,29667
5734,1747,1,,,500,0,47.95,23975,,0,0,,0,0,23975,,2026-09-07 09:43:53,2026-09-08 10:05:54,,1,0,47.85,23925
5735,1844,3,,,20,0,47.95,959,,0,0,,0,0,959,,2026-09-07 09:46:42,2026-09-08 12:46:24,,1,0,47.85,957
5736,1844,4,,,50,0,47.95,2397.5,,0,0,,0,0,2397.5,,2026-09-07 09:46:42,2026-09-08 12:46:24,,1,0,47.85,2392.5
5737,1844,2,,,90,0,47.95,4315.5,,0,0,,0,0,4315.5,,2026-09-07 09:46:42,2026-09-08 12:46:24,,1,0,47.85,4306.5
5738,1844,1,,,140,0,47.95,6713,,0,0,,0,0,6713,,2026-09-07 09:46:42,2026-09-08 12:46:24,,1,0,47.85,6699
5739,1845,1,,,520,0,47.95,24934,,0,0,,0,0,24934,,2026-09-07 09:51:02,2026-09-08 12:46:25,,1,0,47.85,24882
5740,1846,1,,,60,0,47.95,2877,,0,0,,0,0,2877,,2026-09-07 09:57:02,2026-09-08 12:46:25,,1,0,47.85,2871
5741,1846,2,,,30,0,47.95,1438.5,,0,0,,0,0,1438.5,,2026-09-07 09:57:02,2026-09-08 12:46:25,,1,0,47.85,1435.5
5742,1846,4,,,10,0,47.95,479.5,,0,0,,0,0,479.5,,2026-09-07 09:57:02,2026-09-08 12:46:25,,1,0,47.85,478.5
5743,1847,1,,,250,0,47.95,11987.5,,0,0,,0,0,11987.5,,2026-09-07 09:57:43,2026-09-08 10:05:55,,1,0,47.85,11962.5
5744,1847,2,,,250,0,47.95,11987.5,,0,0,,0,0,11987.5,,2026-09-07 09:57:43,2026-09-08 10:05:55,,1,0,47.85,11962.5
5745,1848,3,,,150,0,47.95,7192.5,,0,0,,0,0,7192.5,,2026-09-07 10:00:05,2026-09-08 10:05:56,,1,0,47.85,7177.5
5746,1848,4,,,80,0,47.95,3836,,0,0,,0,0,3836,,2026-09-07 10:00:05,2026-09-08 10:05:56,,1,0,47.85,3828
5747,1848,1,,,1270,0,47.95,60896.5,,0,0,,0,0,60896.5,,2026-09-07 10:00:05,2026-09-08 10:05:56,,1,0,47.85,60769.5
5748,1848,2,,,1250,0,47.95,59937.5,,0,0,,0,0,59937.5,,2026-09-07 10:00:05,2026-09-08 10:05:56,,1,0,47.85,59812.5
5749,1849,3,,,10,0,47.95,479.5,,0,0,,0,0,479.5,,2026-09-07 10:01:38,2026-09-08 12:46:26,,1,0,47.85,478.5
5750,1849,4,,,40,0,47.95,1918,,0,0,,0,0,1918,,2026-09-07 10:01:38,2026-09-08 12:46:26,,1,0,47.85,1914
5751,1849,2,,,70,0,47.95,3356.5,,0,0,,0,0,3356.5,,2026-09-07 10:01:38,2026-09-08 12:46:26,,1,0,47.85,3349.5
5752,1849,1,,,100,0,47.95,4795,,0,0,,0,0,4795,,2026-09-07 10:01:38,2026-09-08 12:46:26,,1,0,47.85,4785
5753,1850,1,,,6000,0,47.95,287700,,0,0,,0,0,287700,,2026-09-07 10:12:15,2026-09-07 10:29:46,2026-09-07 10:29:46,1,0,47.85,287100
5754,1850,2,,,500,0,47.95,23975,,0,0,,0,0,23975,,2026-09-07 10:12:15,2026-09-07 10:29:46,2026-09-07 10:29:46,1,0,47.85,23925
5755,1850,3,,,750,0,47.95,35962.5,,0,0,,0,0,35962.5,,2026-09-07 10:12:15,2026-09-07 10:29:46,2026-09-07 10:29:46,1,0,47.85,35887.5
5756,1851,1,,,3500,0,47.95,167825,,0,0,,0,0,167825,,2026-09-07 10:14:16,2026-09-08 11:39:53,,1,0,47.85,167475
5757,1851,3,,,200,0,47.95,9590,,0,0,,0,0,9590,,2026-09-07 10:14:16,2026-09-08 11:39:53,,1,0,47.85,9570
5758,1851,4,,,200,0,47.95,9590,,0,0,,0,0,9590,,2026-09-07 10:14:16,2026-09-08 11:39:53,,1,0,47.85,9570
5759,1851,2,,,1100,0,47.95,52745,,0,0,,0,0,52745,,2026-09-07 10:14:16,2026-09-08 11:39:53,,1,0,47.85,52635
5760,1850,1,,,6000,0,47.95,287700,,0,0,,0,0,287700,,2026-09-07 10:29:46,2026-09-08 11:39:54,,1,0,47.85,287100
5761,1850,2,,,500,0,47.95,23975,,0,0,,0,0,23975,,2026-09-07 10:29:46,2026-09-08 11:39:54,,1,0,47.85,23925
5762,1852,1,,,2000,0,47.95,95900,,0,0,,0,0,95900,,2026-09-07 10:35:13,2026-09-08 11:39:54,,1,0,47.85,95700
5763,1852,2,,,1000,0,47.95,47950,,0,0,,0,0,47950,,2026-09-07 10:35:13,2026-09-08 11:39:54,,1,0,47.85,47850
5764,1852,3,,,150,0,47.95,7192.5,,0,0,,0,0,7192.5,,2026-09-07 10:35:13,2026-09-08 11:39:54,,1,0,47.85,7177.5
5765,1852,4,,,150,0,47.95,7192.5,,0,0,,0,0,7192.5,,2026-09-07 10:35:13,2026-09-08 11:39:54,,1,0,47.85,7177.5
5766,1853,1,,,350,0,47.95,16782.5,,0,0,,0,0,16782.5,,2026-09-07 10:43:57,2026-09-08 11:39:55,,1,0,47.85,16747.5
5767,1853,2,,,250,0,47.95,11987.5,,0,0,,0,0,11987.5,,2026-09-07 10:43:57,2026-09-08 11:39:55,,1,0,47.85,11962.5
5768,1854,1,1,1,2210,0,47.95,105969.5,,0,0,,0,0,105969.5,,2026-09-07 10:47:42,2026-09-15 18:24:22,,1,0,47.85,105748.5
5769,1854,2,1,1,260,0,47.95,12467,,0,0,,0,0,12467,,2026-09-07 10:47:42,2026-09-15 18:24:22,,1,0,47.85,12441
5770,1854,3,1,1,0,0,47.95,0,,0,0,,0,0,0,,2026-09-07 10:47:42,2026-09-15 18:24:22,,1,0,47.85,0
5771,1854,4,1,1,0,0,47.95,0,,0,0,,0,0,0,,2026-09-07 10:47:42,2026-09-15 18:24:22,,1,0,47.85,0
5772,1855,1,,,500,0,47.95,23975,,0,0,,0,0,23975,,2026-09-07 11:00:51,2026-09-08 11:39:55,,1,0,47.85,23925
5773,1855,2,,,500,0,47.95,23975,,0,0,,0,0,23975,,2026-09-07 11:00:51,2026-09-08 11:39:55,,1,0,47.85,23925
5774,1856,1,,,5000,0,47.85,239250,,0,0,,0,0,239250,,2026-09-07 11:13:17,2026-09-08 11:39:56,,1,0,47.85,239250
5775,1856,2,,,7500,0,47.85,358875,,0,0,,0,0,358875,,2026-09-07 11:13:17,2026-09-08 11:39:56,,1,0,47.85,358875
5776,1856,3,,,500,0,47.85,23925,,0,0,,0,0,23925,,2026-09-07 11:13:17,2026-09-08 11:39:56,,1,0,47.85,23925
5777,1857,1,1,1,3450,0,47.95,165427.5,,0,0,,0,0,165427.5,,2026-09-07 11:51:10,2026-09-15 18:24:22,,1,0,47.85,165082.5
5778,1857,2,1,1,2900,0,47.95,139055,,0,0,,0,0,139055,,2026-09-07 11:51:10,2026-09-15 18:24:22,,1,0,47.85,138765
5779,1857,3,1,1,1020,0,47.95,48909,,0,0,,0,0,48909,,2026-09-07 11:51:10,2026-09-15 18:24:22,,1,0,47.85,48807
5780,1857,4,1,1,4550,0,47.95,218172.5,,0,0,,0,0,218172.5,,2026-09-07 11:51:10,2026-09-15 18:24:22,,1,0,47.85,217717.5
5781,1858,1,,,2350,0,47.95,112682.5,,0,0,,0,0,112682.5,,2026-09-07 12:00:51,2026-09-08 12:46:27,,1,0,47.85,112447.5
5782,1858,2,,,1250,0,47.95,59937.5,,0,0,,0,0,59937.5,,2026-09-07 12:00:51,2026-09-08 12:46:27,,1,0,47.85,59812.5
5783,1858,3,,,200,0,47.95,9590,,0,0,,0,0,9590,,2026-09-07 12:00:51,2026-09-08 12:46:27,,1,0,47.85,9570
5784,1858,4,,,200,0,47.95,9590,,0,0,,0,0,9590,,2026-09-07 12:00:51,2026-09-08 12:46:27,,1,0,47.85,9570
5785,1859,2,,,350,0,47.95,16782.5,,0,0,,0,0,16782.5,,2026-09-07 12:03:16,2026-09-08 12:46:27,,1,0,47.85,16747.5
5786,1859,1,,,150,0,47.95,7192.5,,0,0,,0,0,7192.5,,2026-09-07 12:03:16,2026-09-08 12:46:27,,1,0,47.85,7177.5
5787,1860,1,,,300,0,47.95,14385,,0,0,,0,0,14385,,2026-09-07 12:04:31,2026-09-08 12:46:28,,1,0,47.85,14355
5788,1860,3,,,20,0,47.95,959,,0,0,,0,0,959,,2026-09-07 12:04:31,2026-09-08 12:46:28,,1,0,47.85,957
5789,1860,4,,,50,0,47.95,2397.5,,0,0,,0,0,2397.5,,2026-09-07 12:04:31,2026-09-08 12:46:28,,1,0,47.85,2392.5
5790,1860,2,,,130,0,47.95,6233.5,,0,0,,0,0,6233.5,,2026-09-07 12:04:31,2026-09-08 12:46:28,,1,0,47.85,6220.5
5791,1861,1,,,300,0,47.95,14385,,0,0,,0,0,14385,,2026-09-07 12:05:02,2026-09-08 12:46:28,,1,0,47.85,14355
5792,1861,2,,,130,0,47.95,6233.5,,0,0,,0,0,6233.5,,2026-09-07 12:05:02,2026-09-08 12:46:28,,1,0,47.85,6220.5
5793,1861,3,,,20,0,47.95,959,,0,0,,0,0,959,,2026-09-07 12:05:02,2026-09-08 12:46:28,,1,0,47.85,957
5794,1861,4,,,50,0,47.95,2397.5,,0,0,,0,0,2397.5,,2026-09-07 12:05:02,2026-09-08 12:46:28,,1,0,47.85,2392.5
5795,1862,1,,,200,0,47.95,9590,,0,0,,0,0,9590,,2026-09-07 12:05:41,2026-09-08 12:46:29,,1,0,47.85,9570
5796,1862,2,,,130,0,47.95,6233.5,,0,0,,0,0,6233.5,,2026-09-07 12:05:41,2026-09-08 12:46:29,,1,0,47.85,6220.5
5797,1862,3,,,20,0,47.95,959,,0,0,,0,0,959,,2026-09-07 12:05:41,2026-09-08 12:46:29,,1,0,47.85,957
5798,1862,4,,,50,0,47.95,2397.5,,0,0,,0,0,2397.5,,2026-09-07 12:05:41,2026-09-08 12:46:29,,1,0,47.85,2392.5
5799,1863,1,,,60,0,47.95,2877,,0,0,,0,0,2877,,2026-09-07 12:06:22,2026-09-08 12:46:29,,1,0,47.85,2871
5800,1863,2,,,30,0,47.95,1438.5,,0,0,,0,0,1438.5,,2026-09-07 12:06:22,2026-09-08 12:46:29,,1,0,47.85,1435.5
5801,1863,4,,,10,0,47.95,479.5,,0,0,,0,0,479.5,,2026-09-07 12:06:22,2026-09-08 12:46:29,,1,0,47.85,478.5
5802,1864,1,,,250,0,47.95,11987.5,,0,0,,0,0,11987.5,,2026-09-07 12:07:00,2026-09-08 12:46:30,,1,0,47.85,11962.5
5803,1864,2,,,180,0,47.95,8631,,0,0,,0,0,8631,,2026-09-07 12:07:00,2026-09-08 12:46:30,,1,0,47.85,8613
5804,1864,3,,,20,0,47.95,959,,0,0,,0,0,959,,2026-09-07 12:07:00,2026-09-08 12:46:30,,1,0,47.85,957
5805,1864,4,,,50,0,47.95,2397.5,,0,0,,0,0,2397.5,,2026-09-07 12:07:00,2026-09-08 12:46:30,,1,0,47.85,2392.5
5806,1865,1,,,630,0,47.95,30208.5,,0,0,,0,0,30208.5,,2026-09-07 12:12:29,2026-09-08 12:46:31,,1,0,47.85,30145.5
5807,1865,3,,,70,0,47.95,3356.5,,0,0,,0,0,3356.5,,2026-09-07 12:12:29,2026-09-08 12:46:31,,1,0,47.85,3349.5
5808,1865,4,,,100,0,47.95,4795,,0,0,,0,0,4795,,2026-09-07 12:12:29,2026-09-08 12:46:31,,1,0,47.85,4785
5809,1865,2,,,500,0,47.95,23975,,0,0,,0,0,23975,,2026-09-07 12:12:29,2026-09-08 12:46:31,,1,0,47.85,23925
5810,1866,1,,,1000,0,47.95,47950,,0,0,,0,0,47950,,2026-09-07 12:13:08,2026-09-08 12:46:32,,1,0,47.85,47850
5811,1866,2,,,1000,0,47.95,47950,,0,0,,0,0,47950,,2026-09-07 12:13:08,2026-09-08 12:46:32,,1,0,47.85,47850
5812,1866,3,,,80,0,47.95,3836,,0,0,,0,0,3836,,2026-09-07 12:13:08,2026-09-08 12:46:32,,1,0,47.85,3828
5813,1866,4,,,150,0,47.95,7192.5,,0,0,,0,0,7192.5,,2026-09-07 12:13:08,2026-09-08 12:46:32,,1,0,47.85,7177.5
5814,1867,1,,,150,0,47.95,7192.5,,0,0,,0,0,7192.5,,2026-09-07 12:14:00,2026-09-08 12:46:32,,1,0,47.85,7177.5
5815,1867,2,,,70,0,47.95,3356.5,,0,0,,0,0,3356.5,,2026-09-07 12:14:00,2026-09-08 12:46:32,,1,0,47.85,3349.5
5816,1867,3,,,10,0,47.95,479.5,,0,0,,0,0,479.5,,2026-09-07 12:14:00,2026-09-08 12:46:32,,1,0,47.85,478.5
5817,1867,4,,,20,0,47.95,959,,0,0,,0,0,959,,2026-09-07 12:14:00,2026-09-08 12:46:32,,1,0,47.85,957
5818,1868,1,,,50,0,47.95,2397.5,,0,0,,0,0,2397.5,,2026-09-07 12:14:20,2026-09-08 12:46:33,,1,0,47.85,2392.5
5819,1868,2,,,20,0,47.95,959,,0,0,,0,0,959,,2026-09-07 12:14:20,2026-09-08 12:46:33,,1,0,47.85,957
5820,1868,3,,,10,0,47.95,479.5,,0,0,,0,0,479.5,,2026-09-07 12:14:20,2026-09-08 12:46:33,,1,0,47.85,478.5
5821,1868,4,,,20,0,47.95,959,,0,0,,0,0,959,,2026-09-07 12:14:20,2026-09-08 12:46:33,,1,0,47.85,957
5822,1869,1,,,80,0,47.95,3836,,0,0,,0,0,3836,,2026-09-07 12:15:02,2026-09-08 12:46:33,,1,0,47.85,3828
5823,1869,2,,,40,0,47.95,1918,,0,0,,0,0,1918,,2026-09-07 12:15:02,2026-09-08 12:46:33,,1,0,47.85,1914
5824,1869,3,,,10,0,47.95,479.5,,0,0,,0,0,479.5,,2026-09-07 12:15:02,2026-09-08 12:46:33,,1,0,47.85,478.5
5825,1869,4,,,20,0,47.95,959,,0,0,,0,0,959,,2026-09-07 12:15:02,2026-09-08 12:46:33,,1,0,47.85,957
5826,1870,1,,,50,0,47.95,2397.5,,0,0,,0,0,2397.5,,2026-09-07 12:15:26,2026-09-08 12:46:34,,1,0,47.85,2392.5
5827,1870,2,,,20,0,47.95,959,,0,0,,0,0,959,,2026-09-07 12:15:26,2026-09-08 12:46:34,,1,0,47.85,957
5828,1871,1,,,100,0,47.95,4795,,0,0,,0,0,4795,,2026-09-07 12:15:50,2026-09-08 12:46:34,,1,0,47.85,4785
5829,1871,2,,,40,0,47.95,1918,,0,0,,0,0,1918,,2026-09-07 12:15:50,2026-09-08 12:46:34,,1,0,47.85,1914
5830,1871,4,,,10,0,47.95,479.5,,0,0,,0,0,479.5,,2026-09-07 12:15:50,2026-09-08 12:46:34,,1,0,47.85,478.5
5831,1872,1,,,40,0,47.95,1918,,0,0,,0,0,1918,,2026-09-07 12:16:16,2026-09-08 12:46:35,,1,0,47.85,1914
5832,1872,2,,,30,0,47.95,1438.5,,0,0,,0,0,1438.5,,2026-09-07 12:16:16,2026-09-08 12:46:35,,1,0,47.85,1435.5
5833,1872,3,,,10,0,47.95,479.5,,0,0,,0,0,479.5,,2026-09-07 12:16:16,2026-09-08 12:46:35,,1,0,47.85,478.5
5834,1872,4,,,20,0,47.95,959,,0,0,,0,0,959,,2026-09-07 12:16:16,2026-09-08 12:46:35,,1,0,47.85,957
5835,1873,1,,,250,0,47.95,11987.5,,0,0,,0,0,11987.5,,2026-09-07 12:16:43,2026-09-08 12:46:35,,1,0,47.85,11962.5
5836,1873,2,,,180,0,47.95,8631,,0,0,,0,0,8631,,2026-09-07 12:16:43,2026-09-08 12:46:35,,1,0,47.85,8613
5837,1873,3,,,20,0,47.95,959,,0,0,,0,0,959,,2026-09-07 12:16:43,2026-09-08 12:46:35,,1,0,47.85,957
5838,1873,4,,,50,0,47.95,2397.5,,0,0,,0,0,2397.5,,2026-09-07 12:16:43,2026-09-08 12:46:35,,1,0,47.85,2392.5
5839,1874,1,,,200,0,47.95,9590,,0,0,,0,0,9590,,2026-09-07 12:17:06,2026-09-08 12:46:36,,1,0,47.85,9570
5840,1874,2,,,230,0,47.95,11028.5,,0,0,,0,0,11028.5,,2026-09-07 12:17:06,2026-09-08 12:46:36,,1,0,47.85,11005.5
5841,1874,3,,,20,0,47.95,959,,0,0,,0,0,959,,2026-09-07 12:17:06,2026-09-08 12:46:36,,1,0,47.85,957
5842,1874,4,,,50,0,47.95,2397.5,,0,0,,0,0,2397.5,,2026-09-07 12:17:06,2026-09-08 12:46:36,,1,0,47.85,2392.5
5843,1875,1,,,50,0,47.95,2397.5,,0,0,,0,0,2397.5,,2026-09-07 12:17:33,2026-09-08 12:46:36,,1,0,47.85,2392.5
5844,1875,2,,,60,0,47.95,2877,,0,0,,0,0,2877,,2026-09-07 12:17:33,2026-09-08 12:46:36,,1,0,47.85,2871
5845,1875,3,,,10,0,47.95,479.5,,0,0,,0,0,479.5,,2026-09-07 12:17:33,2026-09-08 12:46:36,,1,0,47.85,478.5
5846,1875,4,,,30,0,47.95,1438.5,,0,0,,0,0,1438.5,,2026-09-07 12:17:33,2026-09-08 12:46:36,,1,0,47.85,1435.5
5847,1876,1,,,30,0,47.95,1438.5,,0,0,,0,0,1438.5,,2026-09-07 12:17:51,2026-09-08 12:46:37,,1,0,47.85,1435.5
5848,1876,2,,,20,0,47.95,959,,0,0,,0,0,959,,2026-09-07 12:17:51,2026-09-08 12:46:37,,1,0,47.85,957
5849,1877,1,,,500,0,47.95,23975,,0,0,,0,0,23975,,2026-09-07 12:18:23,2026-09-08 12:46:37,,1,0,47.85,23925
5850,1877,2,,,340,0,47.95,16303,,0,0,,0,0,16303,,2026-09-07 12:18:23,2026-09-08 12:46:37,,1,0,47.85,16269
5851,1877,3,,,60,0,47.95,2877,,0,0,,0,0,2877,,2026-09-07 12:18:23,2026-09-08 12:46:37,,1,0,47.85,2871
5852,1877,4,,,100,0,47.95,4795,,0,0,,0,0,4795,,2026-09-07 12:18:23,2026-09-08 12:46:37,,1,0,47.85,4785
5853,1878,1,,,50,0,47.95,2397.5,,0,0,,0,0,2397.5,,2026-09-07 12:18:49,2026-09-08 12:46:38,,1,0,47.85,2392.5
5854,1879,1,1,1,0,0,47.95,0,,0,0,,0,0,0,,2026-09-07 12:19:38,2026-09-15 18:24:22,,1,0,47.85,0
5855,1879,2,1,1,0,0,47.95,0,,0,0,,0,0,0,,2026-09-07 12:19:38,2026-09-15 18:24:22,,1,0,47.85,0
5856,1879,3,1,1,0,0,47.95,0,,0,0,,0,0,0,,2026-09-07 12:19:38,2026-09-15 18:24:22,,1,0,47.85,0
5857,1879,4,1,1,0,0,47.95,0,,0,0,,0,0,0,,2026-09-07 12:19:38,2026-09-15 18:24:22,,1,0,47.85,0
5858,1880,1,,,100,0,47.95,4795,,0,0,,0,0,4795,,2026-09-08 08:10:25,2026-09-09 06:32:29,,1,0,47.85,4785
5859,1880,2,,,20,0,47.95,959,,0,0,,0,0,959,,2026-09-08 08:10:25,2026-09-09 06:32:29,,1,0,47.85,957
5860,1880,3,,,10,0,47.95,479.5,,0,0,,0,0,479.5,,2026-09-08 08:10:25,2026-09-09 06:32:29,,1,0,47.85,478.5
5861,1880,4,,,20,0,47.95,959,,0,0,,0,0,959,,2026-09-08 08:10:25,2026-09-09 06:32:29,,1,0,47.85,957
5862,1881,1,,,500,0,47.95,23975,,0,0,,0,0,23975,,2026-09-08 08:15:09,2026-09-08 08:19:08,2026-09-08 08:19:08,1,0,47.85,23925
5863,1881,1,,,490,0,47.95,23495.5,,0,0,,0,0,23495.5,,2026-09-08 08:19:08,2026-09-09 06:33:23,,1,0,47.85,23446.5
5864,1881,3,,,20,0,47.95,959,,0,0,,0,0,959,,2026-09-08 08:19:08,2026-09-09 06:33:23,,1,0,47.85,957
5865,1881,4,,,20,0,47.95,959,,0,0,,0,0,959,,2026-09-08 08:19:08,2026-09-09 06:33:23,,1,0,47.85,957
5866,1882,1,,,10,0,47.95,479.5,,0,0,,0,0,479.5,,2026-09-08 08:22:34,2026-09-09 07:18:10,,1,0,47.85,478.5
5867,1882,2,,,10,0,47.95,479.5,,0,0,,0,0,479.5,,2026-09-08 08:22:34,2026-09-09 07:18:10,,1,0,47.85,478.5
5868,1883,3,,,30,0,47.95,1438.5,,0,0,,0,0,1438.5,,2026-09-08 08:22:35,2026-09-09 07:18:10,,1,0,47.85,1435.5
5869,1883,4,,,50,0,47.95,2397.5,,0,0,,0,0,2397.5,,2026-09-08 08:22:35,2026-09-09 07:18:10,,1,0,47.85,2392.5
5870,1883,2,,,120,0,47.95,5754,,0,0,,0,0,5754,,2026-09-08 08:22:35,2026-09-09 07:18:10,,1,0,47.85,5742
5871,1883,1,,,400,0,47.95,19180,,0,0,,0,0,19180,,2026-09-08 08:22:35,2026-09-09 07:18:10,,1,0,47.85,19140
5872,1884,3,,,20,0,47.95,959,,0,0,,0,0,959,,2026-09-08 08:22:35,2026-09-09 07:18:11,,1,0,47.85,957
5873,1884,4,,,30,0,47.95,1438.5,,0,0,,0,0,1438.5,,2026-09-08 08:22:35,2026-09-09 07:18:11,,1,0,47.85,1435.5
5874,1884,2,,,100,0,47.95,4795,,0,0,,0,0,4795,,2026-09-08 08:22:35,2026-09-09 07:18:11,,1,0,47.85,4785
5875,1884,1,,,150,0,47.95,7192.5,,0,0,,0,0,7192.5,,2026-09-08 08:22:35,2026-09-09 07:18:11,,1,0,47.85,7177.5
5876,1885,1,,,60,0,47.95,2877,,0,0,,0,0,2877,,2026-09-08 08:23:02,2026-09-08 08:24:33,2026-09-08 08:24:33,1,0,47.85,2871
5877,1885,2,,,30,0,47.95,1438.5,,0,0,,0,0,1438.5,,2026-09-08 08:23:02,2026-09-08 08:24:33,2026-09-08 08:24:33,1,0,47.85,1435.5
5878,1885,4,,,10,0,47.95,479.5,,0,0,,0,0,479.5,,2026-09-08 08:23:02,2026-09-08 08:24:33,2026-09-08 08:24:33,1,0,47.85,478.5
5879,1885,1,,,50,0,47.95,2397.5,,0,0,,0,0,2397.5,,2026-09-08 08:24:33,2026-09-09 07:18:12,,1,0,47.85,2392.5
5880,1885,4,,,10,0,47.95,479.5,,0,0,,0,0,479.5,,2026-09-08 08:24:33,2026-09-09 07:18:12,,1,0,47.85,478.5
5881,1885,2,,,40,0,47.95,1918,,0,0,,0,0,1918,,2026-09-08 08:24:33,2026-09-09 07:18:12,,1,0,47.85,1914
5882,1886,1,,,650,0,47.95,31167.5,,0,0,,0,0,31167.5,,2026-09-08 08:38:37,2026-09-09 07:18:13,,1,0,47.85,31102.5
5883,1886,2,,,650,0,47.95,31167.5,,0,0,,0,0,31167.5,,2026-09-08 08:38:37,2026-09-09 07:18:13,,1,0,47.85,31102.5
5884,1886,4,,,200,0,47.95,9590,,0,0,,0,0,9590,,2026-09-08 08:38:37,2026-09-09 07:18:13,,1,0,47.85,9570
5885,1887,3,,,10,0,47.95,479.5,,0,0,,0,0,479.5,,2026-09-08 08:46:36,2026-09-09 07:18:14,,1,0,47.85,478.5
5886,1887,4,,,10,0,47.95,479.5,,0,0,,0,0,479.5,,2026-09-08 08:46:36,2026-09-09 07:18:14,,1,0,47.85,478.5
5887,1887,1,,,30,0,47.95,1438.5,,0,0,,0,0,1438.5,,2026-09-08 08:46:36,2026-09-09 07:18:14,,1,0,47.85,1435.5
5888,1887,2,,,10,0,47.95,479.5,,0,0,,0,0,479.5,,2026-09-08 08:46:36,2026-09-09 07:18:14,,1,0,47.85,478.5
5889,1888,3,,,50,0,47.95,2397.5,,0,0,,0,0,2397.5,,2026-09-08 08:49:39,2026-09-09 07:18:15,,1,0,47.85,2392.5
5890,1888,4,,,70,0,47.95,3356.5,,0,0,,0,0,3356.5,,2026-09-08 08:49:39,2026-09-09 07:18:15,,1,0,47.85,3349.5
5891,1888,1,,,400,0,47.95,19180,,0,0,,0,0,19180,,2026-09-08 08:49:39,2026-09-09 07:18:15,,1,0,47.85,19140
5892,1888,2,,,330,0,47.95,15823.5,,0,0,,0,0,15823.5,,2026-09-08 08:49:39,2026-09-09 07:18:15,,1,0,47.85,15790.5
5893,1889,1,,,100,0,47.95,4795,,0,0,,0,0,4795,,2026-09-08 08:50:13,2026-09-09 07:18:15,,1,0,47.85,4785
5894,1889,2,,,70,0,47.95,3356.5,,0,0,,0,0,3356.5,,2026-09-08 08:50:13,2026-09-09 07:18:15,,1,0,47.85,3349.5
5895,1889,3,,,10,0,47.95,479.5,,0,0,,0,0,479.5,,2026-09-08 08:50:13,2026-09-09 07:18:15,,1,0,47.85,478.5
5896,1889,4,,,20,0,47.95,959,,0,0,,0,0,959,,2026-09-08 08:50:13,2026-09-09 07:18:15,,1,0,47.85,957
5897,1890,1,,,50,0,47.95,2397.5,,0,0,,0,0,2397.5,,2026-09-08 08:51:18,2026-09-09 07:18:16,,1,0,47.85,2392.5
5898,1890,2,,,40,0,47.95,1918,,0,0,,0,0,1918,,2026-09-08 08:51:18,2026-09-09 07:18:16,,1,0,47.85,1914
5899,1890,4,,,10,0,47.95,479.5,,0,0,,0,0,479.5,,2026-09-08 08:51:18,2026-09-09 07:18:16,,1,0,47.85,478.5
5900,1891,1,,,70,0,47.95,3356.5,,0,0,,0,0,3356.5,,2026-09-08 08:52:02,2026-09-09 07:18:17,,1,0,47.85,3349.5
5901,1891,2,,,20,0,47.95,959,,0,0,,0,0,959,,2026-09-08 08:52:02,2026-09-09 07:18:17,,1,0,47.85,957
5902,1891,4,,,10,0,47.95,479.5,,0,0,,0,0,479.5,,2026-09-08 08:52:02,2026-09-09 07:18:17,,1,0,47.85,478.5
5903,1892,1,,,20,0,47.95,959,,0,0,,0,0,959,,2026-09-08 08:53:41,2026-09-09 07:18:18,,1,0,47.85,957
5904,1892,2,,,20,0,47.95,959,,0,0,,0,0,959,,2026-09-08 08:53:41,2026-09-09 07:18:18,,1,0,47.85,957
5905,1893,3,,,50,0,47.95,2397.5,,0,0,,0,0,2397.5,,2026-09-08 09:01:19,2026-09-09 07:18:18,,1,0,47.85,2392.5
5906,1893,4,,,70,0,47.95,3356.5,,0,0,,0,0,3356.5,,2026-09-08 09:01:19,2026-09-09 07:18:18,,1,0,47.85,3349.5
5907,1893,2,,,200,0,47.95,9590,,0,0,,0,0,9590,,2026-09-08 09:01:19,2026-09-09 07:18:18,,1,0,47.85,9570
5908,1893,1,,,230,0,47.95,11028.5,,0,0,,0,0,11028.5,,2026-09-08 09:01:19,2026-09-09 07:18:18,,1,0,47.85,11005.5
5909,1894,3,,,10,0,47.95,479.5,,0,0,,0,0,479.5,,2026-09-08 09:21:56,2026-09-09 07:18:19,,1,0,47.85,478.5
5910,1894,4,,,20,0,47.95,959,,0,0,,0,0,959,,2026-09-08 09:21:56,2026-09-09 07:18:19,,1,0,47.85,957
5911,1894,2,,,20,0,47.95,959,,0,0,,0,0,959,,2026-09-08 09:21:56,2026-09-09 07:18:19,,1,0,47.85,957
5912,1894,1,,,50,0,47.95,2397.5,,0,0,,0,0,2397.5,,2026-09-08 09:21:56,2026-09-09 07:18:19,,1,0,47.85,2392.5
5913,1895,1,,,120,0,47.95,5754,,0,0,,0,0,5754,,2026-09-08 09:30:43,2026-09-09 07:18:20,,1,0,47.85,5742
5914,1895,3,,,10,0,47.95,479.5,,0,0,,0,0,479.5,,2026-09-08 09:30:43,2026-09-09 07:18:20,,1,0,47.85,478.5
5915,1895,4,,,20,0,47.95,959,,0,0,,0,0,959,,2026-09-08 09:30:43,2026-09-09 07:18:20,,1,0,47.85,957
5916,1895,2,,,80,0,47.95,3836,,0,0,,0,0,3836,,2026-09-08 09:30:43,2026-09-09 07:18:20,,1,0,47.85,3828
6283,1896,3,,,50,0,47.95,2397.5,,0,0,,0,0,2397.5,,2026-09-08 10:05:56,2026-09-08 10:55:59,2026-09-08 10:55:59,1,0,47.85,2392.5
6284,1896,4,,,50,0,47.95,2397.5,,0,0,,0,0,2397.5,,2026-09-08 10:05:56,2026-09-08 10:55:59,2026-09-08 10:55:59,1,0,47.85,2392.5
6285,1896,2,,,400,0,47.95,19180,,0,0,,0,0,19180,,2026-09-08 10:05:56,2026-09-08 10:55:59,2026-09-08 10:55:59,1,0,47.85,19140
6286,1896,1,,,500,0,47.95,23975,,0,0,,0,0,23975,,2026-09-08 10:05:56,2026-09-08 10:55:59,2026-09-08 10:55:59,1,0,47.85,23925
6287,1897,3,,,50,0,47.95,2397.5,,0,0,,0,0,2397.5,,2026-09-08 10:05:57,2026-09-08 10:56:00,2026-09-08 10:56:00,1,0,47.85,2392.5
6288,1897,4,,,50,0,47.95,2397.5,,0,0,,0,0,2397.5,,2026-09-08 10:05:57,2026-09-08 10:56:00,2026-09-08 10:56:00,1,0,47.85,2392.5
6289,1897,2,,,200,0,47.95,9590,,0,0,,0,0,9590,,2026-09-08 10:05:57,2026-09-08 10:56:00,2026-09-08 10:56:00,1,0,47.85,9570
6290,1897,1,,,200,0,47.95,9590,,0,0,,0,0,9590,,2026-09-08 10:05:57,2026-09-08 10:56:00,2026-09-08 10:56:00,1,0,47.85,9570
6291,1898,1,,,1000,0,47.95,47950,,0,0,,0,0,47950,,2026-09-08 10:05:57,2026-09-08 10:56:00,2026-09-08 10:56:00,1,0,47.85,47850
6292,1898,2,,,500,0,47.95,23975,,0,0,,0,0,23975,,2026-09-08 10:05:57,2026-09-08 10:56:00,2026-09-08 10:56:00,1,0,47.85,23925
6293,1899,3,,,30,0,47.95,1438.5,,0,0,,0,0,1438.5,,2026-09-08 10:05:58,2026-09-08 10:56:01,2026-09-08 10:56:01,1,0,47.85,1435.5
6294,1899,4,,,50,0,47.95,2397.5,,0,0,,0,0,2397.5,,2026-09-08 10:05:58,2026-09-08 10:56:01,2026-09-08 10:56:01,1,0,47.85,2392.5
6295,1899,2,,,180,0,47.95,8631,,0,0,,0,0,8631,,2026-09-08 10:05:58,2026-09-08 10:56:01,2026-09-08 10:56:01,1,0,47.85,8613
6296,1899,1,,,240,0,47.95,11508,,0,0,,0,0,11508,,2026-09-08 10:05:58,2026-09-08 10:56:01,2026-09-08 10:56:01,1,0,47.85,11484
6297,1900,3,,,20,0,47.95,959,,0,0,,0,0,959,,2026-09-08 10:05:59,2026-09-08 10:56:02,2026-09-08 10:56:02,1,0,47.85,957
6298,1900,4,,,30,0,47.95,1438.5,,0,0,,0,0,1438.5,,2026-09-08 10:05:59,2026-09-08 10:56:02,2026-09-08 10:56:02,1,0,47.85,1435.5
6299,1900,1,,,120,0,47.95,5754,,0,0,,0,0,5754,,2026-09-08 10:05:59,2026-09-08 10:56:02,2026-09-08 10:56:02,1,0,47.85,5742
6300,1900,2,,,30,0,47.95,1438.5,,0,0,,0,0,1438.5,,2026-09-08 10:05:59,2026-09-08 10:56:02,2026-09-08 10:56:02,1,0,47.85,1435.5
6301,1901,1,,,150,0,47.95,7192.5,,0,0,,0,0,7192.5,,2026-09-08 10:05:59,2026-09-08 10:56:02,2026-09-08 10:56:02,1,0,47.85,7177.5
6302,1901,3,,,10,0,47.95,479.5,,0,0,,0,0,479.5,,2026-09-08 10:05:59,2026-09-08 10:56:02,2026-09-08 10:56:02,1,0,47.85,478.5
6303,1901,4,,,20,0,47.95,959,,0,0,,0,0,959,,2026-09-08 10:05:59,2026-09-08 10:56:02,2026-09-08 10:56:02,1,0,47.85,957
6304,1901,2,,,20,0,47.95,959,,0,0,,0,0,959,,2026-09-08 10:05:59,2026-09-08 10:56:02,2026-09-08 10:56:02,1,0,47.85,957
6305,1902,1,,,100,0,47.95,4795,,0,0,,0,0,4795,,2026-09-08 10:06:00,2026-09-08 10:56:03,2026-09-08 10:56:03,1,0,47.85,4785
6306,1902,4,,,10,0,47.95,479.5,,0,0,,0,0,479.5,,2026-09-08 10:06:00,2026-09-08 10:56:03,2026-09-08 10:56:03,1,0,47.85,478.5
6307,1902,2,,,50,0,47.95,2397.5,,0,0,,0,0,2397.5,,2026-09-08 10:06:00,2026-09-08 10:56:03,2026-09-08 10:56:03,1,0,47.85,2392.5
6308,1903,3,,,10,0,47.95,479.5,,0,0,,0,0,479.5,,2026-09-08 10:06:00,2026-09-08 10:56:04,2026-09-08 10:56:04,1,0,47.85,478.5
6309,1903,4,,,20,0,47.95,959,,0,0,,0,0,959,,2026-09-08 10:06:00,2026-09-08 10:56:04,2026-09-08 10:56:04,1,0,47.85,957
6310,1903,1,,,80,0,47.95,3836,,0,0,,0,0,3836,,2026-09-08 10:06:00,2026-09-08 10:56:04,2026-09-08 10:56:04,1,0,47.85,3828
6311,1903,2,,,40,0,47.95,1918,,0,0,,0,0,1918,,2026-09-08 10:06:00,2026-09-08 10:56:04,2026-09-08 10:56:04,1,0,47.85,1914
6312,1904,1,,,50,0,47.95,2397.5,,0,0,,0,0,2397.5,,2026-09-08 10:06:01,2026-09-08 10:56:04,2026-09-08 10:56:04,1,0,47.85,2392.5
6313,1904,3,,,10,0,47.95,479.5,,0,0,,0,0,479.5,,2026-09-08 10:06:01,2026-09-08 10:56:04,2026-09-08 10:56:04,1,0,47.85,478.5
6314,1904,4,,,20,0,47.95,959,,0,0,,0,0,959,,2026-09-08 10:06:01,2026-09-08 10:56:04,2026-09-08 10:56:04,1,0,47.85,957
6315,1904,2,,,20,0,47.95,959,,0,0,,0,0,959,,2026-09-08 10:06:01,2026-09-08 10:56:04,2026-09-08 10:56:04,1,0,47.85,957
6316,1905,1,,,50,0,47.95,2397.5,,0,0,,0,0,2397.5,,2026-09-08 10:06:02,2026-09-08 10:56:05,2026-09-08 10:56:05,1,0,47.85,2392.5
6317,1905,2,,,20,0,47.95,959,,0,0,,0,0,959,,2026-09-08 10:06:02,2026-09-08 10:56:05,2026-09-08 10:56:05,1,0,47.85,957
6318,1905,3,,,10,0,47.95,479.5,,0,0,,0,0,479.5,,2026-09-08 10:06:02,2026-09-08 10:56:05,2026-09-08 10:56:05,1,0,47.85,478.5
6319,1905,4,,,20,0,47.95,959,,0,0,,0,0,959,,2026-09-08 10:06:02,2026-09-08 10:56:05,2026-09-08 10:56:05,1,0,47.85,957
6320,1906,1,,,150,0,47.95,7192.5,,0,0,,0,0,7192.5,,2026-09-08 10:06:02,2026-09-08 10:56:06,2026-09-08 10:56:06,1,0,47.85,7177.5
6321,1906,4,,,20,0,47.95,959,,0,0,,0,0,959,,2026-09-08 10:06:02,2026-09-08 10:56:06,2026-09-08 10:56:06,1,0,47.85,957
6322,1906,2,,,70,0,47.95,3356.5,,0,0,,0,0,3356.5,,2026-09-08 10:06:02,2026-09-08 10:56:06,2026-09-08 10:56:06,1,0,47.85,3349.5
6323,1906,3,,,10,0,47.95,479.5,,0,0,,0,0,479.5,,2026-09-08 10:06:02,2026-09-08 10:56:06,2026-09-08 10:56:06,1,0,47.85,478.5
6324,1907,1,,,500,0,47.95,23975,,0,0,,0,0,23975,,2026-09-08 10:06:03,2026-09-08 10:56:07,2026-09-08 10:56:07,1,0,47.85,23925
6325,1907,2,,,500,0,47.95,23975,,0,0,,0,0,23975,,2026-09-08 10:06:03,2026-09-08 10:56:07,2026-09-08 10:56:07,1,0,47.85,23925
6326,1907,3,,,50,0,47.95,2397.5,,0,0,,0,0,2397.5,,2026-09-08 10:06:03,2026-09-08 10:56:07,2026-09-08 10:56:07,1,0,47.85,2392.5
6327,1907,4,,,50,0,47.95,2397.5,,0,0,,0,0,2397.5,,2026-09-08 10:06:03,2026-09-08 10:56:07,2026-09-08 10:56:07,1,0,47.85,2392.5
6328,1908,1,,,70,0,47.95,3356.5,,0,0,,0,0,3356.5,,2026-09-08 10:06:03,2026-09-08 10:56:07,2026-09-08 10:56:07,1,0,47.85,3349.5
6329,1908,2,,,20,0,47.95,959,,0,0,,0,0,959,,2026-09-08 10:06:03,2026-09-08 10:56:07,2026-09-08 10:56:07,1,0,47.85,957
6330,1908,4,,,10,0,47.95,479.5,,0,0,,0,0,479.5,,2026-09-08 10:06:03,2026-09-08 10:56:07,2026-09-08 10:56:07,1,0,47.85,478.5
6331,1909,3,,,10,0,47.95,479.5,,0,0,,0,0,479.5,,2026-09-08 10:06:04,2026-09-08 10:56:08,2026-09-08 10:56:08,1,0,47.85,478.5
6332,1909,4,,,20,0,47.95,959,,0,0,,0,0,959,,2026-09-08 10:06:04,2026-09-08 10:56:08,2026-09-08 10:56:08,1,0,47.85,957
6333,1909,2,,,80,0,47.95,3836,,0,0,,0,0,3836,,2026-09-08 10:06:04,2026-09-08 10:56:08,2026-09-08 10:56:08,1,0,47.85,3828
6334,1909,1,,,140,0,47.95,6713,,0,0,,0,0,6713,,2026-09-08 10:06:04,2026-09-08 10:56:08,2026-09-08 10:56:08,1,0,47.85,6699
6335,1910,4,,,80,0,47.95,3836,,0,0,,0,0,3836,,2026-09-08 10:06:05,2026-09-08 10:56:09,2026-09-08 10:56:09,1,0,47.85,3828
6336,1910,3,,,10,0,47.95,479.5,,0,0,,0,0,479.5,,2026-09-08 10:06:05,2026-09-08 10:56:09,2026-09-08 10:56:09,1,0,47.85,478.5
6337,1910,2,,,10,0,47.95,479.5,,0,0,,0,0,479.5,,2026-09-08 10:06:05,2026-09-08 10:56:09,2026-09-08 10:56:09,1,0,47.85,478.5
6704,1896,3,,,50,0,47.95,2397.5,,0,0,,0,0,2397.5,,2026-09-08 10:55:59,2026-09-09 07:16:19,,1,0,47.85,2392.5
6705,1896,4,,,50,0,47.95,2397.5,,0,0,,0,0,2397.5,,2026-09-08 10:55:59,2026-09-09 07:16:19,,1,0,47.85,2392.5
6706,1896,2,,,400,0,47.95,19180,,0,0,,0,0,19180,,2026-09-08 10:55:59,2026-09-09 07:16:19,,1,0,47.85,19140
6707,1896,1,,,500,0,47.95,23975,,0,0,,0,0,23975,,2026-09-08 10:55:59,2026-09-09 07:16:19,,1,0,47.85,23925
6708,1897,3,,,50,0,47.95,2397.5,,0,0,,0,0,2397.5,,2026-09-08 10:56:00,2026-09-09 07:18:32,,1,0,47.85,2392.5
6709,1897,4,,,50,0,47.95,2397.5,,0,0,,0,0,2397.5,,2026-09-08 10:56:00,2026-09-09 07:18:32,,1,0,47.85,2392.5
6710,1897,2,,,200,0,47.95,9590,,0,0,,0,0,9590,,2026-09-08 10:56:00,2026-09-09 07:18:32,,1,0,47.85,9570
6711,1897,1,,,200,0,47.95,9590,,0,0,,0,0,9590,,2026-09-08 10:56:00,2026-09-09 07:18:32,,1,0,47.85,9570
6712,1898,1,,,1000,0,47.95,47950,,0,0,,0,0,47950,,2026-09-08 10:56:00,2026-09-09 07:18:00,,1,0,47.85,47850
6713,1898,2,,,500,0,47.95,23975,,0,0,,0,0,23975,,2026-09-08 10:56:00,2026-09-09 07:18:00,,1,0,47.85,23925
6714,1899,3,,,30,0,47.95,1438.5,,0,0,,0,0,1438.5,,2026-09-08 10:56:01,2026-09-09 07:18:01,,1,0,47.85,1435.5
6715,1899,4,,,50,0,47.95,2397.5,,0,0,,0,0,2397.5,,2026-09-08 10:56:01,2026-09-09 07:18:01,,1,0,47.85,2392.5
6716,1899,2,,,180,0,47.95,8631,,0,0,,0,0,8631,,2026-09-08 10:56:01,2026-09-09 07:18:01,,1,0,47.85,8613
6717,1899,1,,,240,0,47.95,11508,,0,0,,0,0,11508,,2026-09-08 10:56:01,2026-09-09 07:18:01,,1,0,47.85,11484
6718,1900,3,,,20,0,47.95,959,,0,0,,0,0,959,,2026-09-08 10:56:02,2026-09-09 07:18:02,,1,0,47.85,957
6719,1900,4,,,30,0,47.95,1438.5,,0,0,,0,0,1438.5,,2026-09-08 10:56:02,2026-09-09 07:18:02,,1,0,47.85,1435.5
6720,1900,1,,,120,0,47.95,5754,,0,0,,0,0,5754,,2026-09-08 10:56:02,2026-09-09 07:18:02,,1,0,47.85,5742
6721,1900,2,,,30,0,47.95,1438.5,,0,0,,0,0,1438.5,,2026-09-08 10:56:02,2026-09-09 07:18:02,,1,0,47.85,1435.5
6722,1901,1,,,150,0,47.95,7192.5,,0,0,,0,0,7192.5,,2026-09-08 10:56:02,2026-09-09 07:18:02,,1,0,47.85,7177.5
6723,1901,3,,,10,0,47.95,479.5,,0,0,,0,0,479.5,,2026-09-08 10:56:02,2026-09-09 07:18:02,,1,0,47.85,478.5
6724,1901,4,,,20,0,47.95,959,,0,0,,0,0,959,,2026-09-08 10:56:02,2026-09-09 07:18:02,,1,0,47.85,957
6725,1901,2,,,20,0,47.95,959,,0,0,,0,0,959,,2026-09-08 10:56:02,2026-09-09 07:18:02,,1,0,47.85,957
6726,1902,1,,,100,0,47.95,4795,,0,0,,0,0,4795,,2026-09-08 10:56:03,2026-09-09 07:18:03,,1,0,47.85,4785
6727,1902,4,,,10,0,47.95,479.5,,0,0,,0,0,479.5,,2026-09-08 10:56:03,2026-09-09 07:18:03,,1,0,47.85,478.5
6728,1902,2,,,50,0,47.95,2397.5,,0,0,,0,0,2397.5,,2026-09-08 10:56:03,2026-09-09 07:18:03,,1,0,47.85,2392.5
6729,1903,3,,,10,0,47.95,479.5,,0,0,,0,0,479.5,,2026-09-08 10:56:04,2026-09-09 07:18:04,,1,0,47.85,478.5
6730,1903,4,,,20,0,47.95,959,,0,0,,0,0,959,,2026-09-08 10:56:04,2026-09-09 07:18:04,,1,0,47.85,957
6731,1903,1,,,80,0,47.95,3836,,0,0,,0,0,3836,,2026-09-08 10:56:04,2026-09-09 07:18:04,,1,0,47.85,3828
6732,1903,2,,,40,0,47.95,1918,,0,0,,0,0,1918,,2026-09-08 10:56:04,2026-09-09 07:18:04,,1,0,47.85,1914
6733,1904,1,,,50,0,47.95,2397.5,,0,0,,0,0,2397.5,,2026-09-08 10:56:04,2026-09-09 07:18:05,,1,0,47.85,2392.5
6734,1904,3,,,10,0,47.95,479.5,,0,0,,0,0,479.5,,2026-09-08 10:56:04,2026-09-09 07:18:05,,1,0,47.85,478.5
6735,1904,4,,,20,0,47.95,959,,0,0,,0,0,959,,2026-09-08 10:56:04,2026-09-09 07:18:05,,1,0,47.85,957
6736,1904,2,,,20,0,47.95,959,,0,0,,0,0,959,,2026-09-08 10:56:04,2026-09-09 07:18:05,,1,0,47.85,957
6737,1905,1,,,50,0,47.95,2397.5,,0,0,,0,0,2397.5,,2026-09-08 10:56:05,2026-09-09 07:18:05,,1,0,47.85,2392.5
6738,1905,2,,,20,0,47.95,959,,0,0,,0,0,959,,2026-09-08 10:56:05,2026-09-09 07:18:05,,1,0,47.85,957
6739,1905,3,,,10,0,47.95,479.5,,0,0,,0,0,479.5,,2026-09-08 10:56:05,2026-09-09 07:18:05,,1,0,47.85,478.5
6740,1905,4,,,20,0,47.95,959,,0,0,,0,0,959,,2026-09-08 10:56:05,2026-09-09 07:18:05,,1,0,47.85,957
6741,1906,1,,,150,0,47.95,7192.5,,0,0,,0,0,7192.5,,2026-09-08 10:56:06,2026-09-09 07:18:06,,1,0,47.85,7177.5
6742,1906,4,,,20,0,47.95,959,,0,0,,0,0,959,,2026-09-08 10:56:06,2026-09-09 07:18:06,,1,0,47.85,957
6743,1906,2,,,70,0,47.95,3356.5,,0,0,,0,0,3356.5,,2026-09-08 10:56:06,2026-09-09 07:18:06,,1,0,47.85,3349.5
6744,1906,3,,,10,0,47.95,479.5,,0,0,,0,0,479.5,,2026-09-08 10:56:06,2026-09-09 07:18:06,,1,0,47.85,478.5
6745,1907,1,,,500,0,47.95,23975,,0,0,,0,0,23975,,2026-09-08 10:56:07,2026-09-09 07:18:07,,1,0,47.85,23925
6746,1907,2,,,500,0,47.95,23975,,0,0,,0,0,23975,,2026-09-08 10:56:07,2026-09-09 07:18:07,,1,0,47.85,23925
6747,1907,3,,,50,0,47.95,2397.5,,0,0,,0,0,2397.5,,2026-09-08 10:56:07,2026-09-09 07:18:07,,1,0,47.85,2392.5
6748,1907,4,,,50,0,47.95,2397.5,,0,0,,0,0,2397.5,,2026-09-08 10:56:07,2026-09-09 07:18:07,,1,0,47.85,2392.5
6749,1908,1,,,70,0,47.95,3356.5,,0,0,,0,0,3356.5,,2026-09-08 10:56:07,2026-09-09 07:18:08,,1,0,47.85,3349.5
6750,1908,2,,,20,0,47.95,959,,0,0,,0,0,959,,2026-09-08 10:56:07,2026-09-09 07:18:08,,1,0,47.85,957
6751,1908,4,,,10,0,47.95,479.5,,0,0,,0,0,479.5,,2026-09-08 10:56:07,2026-09-09 07:18:08,,1,0,47.85,478.5
6752,1909,3,,,10,0,47.95,479.5,,0,0,,0,0,479.5,,2026-09-08 10:56:08,2026-09-09 07:18:08,,1,0,47.85,478.5
6753,1909,4,,,20,0,47.95,959,,0,0,,0,0,959,,2026-09-08 10:56:08,2026-09-09 07:18:08,,1,0,47.85,957
6754,1909,2,,,80,0,47.95,3836,,0,0,,0,0,3836,,2026-09-08 10:56:08,2026-09-09 07:18:08,,1,0,47.85,3828
6755,1909,1,,,140,0,47.95,6713,,0,0,,0,0,6713,,2026-09-08 10:56:08,2026-09-09 07:18:08,,1,0,47.85,6699
6756,1910,4,,,80,0,47.95,3836,,0,0,,0,0,3836,,2026-09-08 10:56:09,2026-09-09 07:18:09,,1,0,47.85,3828
6757,1910,3,,,10,0,47.95,479.5,,0,0,,0,0,479.5,,2026-09-08 10:56:09,2026-09-09 07:18:09,,1,0,47.85,478.5
6758,1910,2,,,10,0,47.95,479.5,,0,0,,0,0,479.5,,2026-09-08 10:56:09,2026-09-09 07:18:09,,1,0,47.85,478.5
6759,1911,3,,,40,0,47.95,1918,,0,0,,0,0,1918,,2026-09-08 10:56:09,2026-09-09 07:18:20,,1,0,47.85,1914
6760,1911,4,,,60,0,47.95,2877,,0,0,,0,0,2877,,2026-09-08 10:56:09,2026-09-09 07:18:20,,1,0,47.85,2871
6761,1911,1,,,260,0,47.95,12467,,0,0,,0,0,12467,,2026-09-08 10:56:09,2026-09-09 07:18:20,,1,0,47.85,12441
6762,1911,2,,,200,0,47.95,9590,,0,0,,0,0,9590,,2026-09-08 10:56:09,2026-09-09 07:18:20,,1,0,47.85,9570
6763,1912,3,,,150,0,47.95,7192.5,,0,0,,0,0,7192.5,,2026-09-08 10:56:10,2026-09-09 07:18:21,,1,0,47.85,7177.5
6764,1912,4,,,150,0,47.95,7192.5,,0,0,,0,0,7192.5,,2026-09-08 10:56:10,2026-09-09 07:18:21,,1,0,47.85,7177.5
6765,1912,2,,,850,0,47.95,40757.5,,0,0,,0,0,40757.5,,2026-09-08 10:56:10,2026-09-09 07:18:21,,1,0,47.85,40672.5
6766,1912,1,,,850,0,47.95,40757.5,,0,0,,0,0,40757.5,,2026-09-08 10:56:10,2026-09-09 07:18:21,,1,0,47.85,40672.5
6767,1913,3,,,20,0,47.95,959,,0,0,,0,0,959,,2026-09-08 10:56:11,2026-09-09 07:18:22,,1,0,47.85,957
6768,1913,4,,,30,0,47.95,1438.5,,0,0,,0,0,1438.5,,2026-09-08 10:56:11,2026-09-09 07:18:22,,1,0,47.85,1435.5
6769,1913,2,,,110,0,47.95,5274.5,,0,0,,0,0,5274.5,,2026-09-08 10:56:11,2026-09-09 07:18:22,,1,0,47.85,5263.5
6770,1913,1,,,150,0,47.95,7192.5,,0,0,,0,0,7192.5,,2026-09-08 10:56:11,2026-09-09 07:18:22,,1,0,47.85,7177.5
6771,1914,3,,,10,0,47.95,479.5,,0,0,,0,0,479.5,,2026-09-08 10:56:12,2026-09-09 07:18:23,,1,0,47.85,478.5
6772,1914,4,,,10,0,47.95,479.5,,0,0,,0,0,479.5,,2026-09-08 10:56:12,2026-09-09 07:18:23,,1,0,47.85,478.5
6773,1914,2,,,50,0,47.95,2397.5,,0,0,,0,0,2397.5,,2026-09-08 10:56:12,2026-09-09 07:18:23,,1,0,47.85,2392.5
6774,1914,1,,,80,0,47.95,3836,,0,0,,0,0,3836,,2026-09-08 10:56:12,2026-09-09 07:18:23,,1,0,47.85,3828
6775,1915,3,,,30,0,47.95,1438.5,,0,0,,0,0,1438.5,,2026-09-08 10:56:13,2026-09-09 07:18:23,,1,0,47.85,1435.5
6776,1915,4,,,50,0,47.95,2397.5,,0,0,,0,0,2397.5,,2026-09-08 10:56:13,2026-09-09 07:18:23,,1,0,47.85,2392.5
6777,1915,2,,,200,0,47.95,9590,,0,0,,0,0,9590,,2026-09-08 10:56:13,2026-09-09 07:18:23,,1,0,47.85,9570
6778,1915,1,,,220,0,47.95,10549,,0,0,,0,0,10549,,2026-09-08 10:56:13,2026-09-09 07:18:23,,1,0,47.85,10527
6779,1916,3,,,30,0,47.95,1438.5,,0,0,,0,0,1438.5,,2026-09-08 10:56:14,2026-09-09 07:18:24,,1,0,47.85,1435.5
6780,1916,4,,,50,0,47.95,2397.5,,0,0,,0,0,2397.5,,2026-09-08 10:56:14,2026-09-09 07:18:24,,1,0,47.85,2392.5
6781,1916,2,,,120,0,47.95,5754,,0,0,,0,0,5754,,2026-09-08 10:56:14,2026-09-09 07:18:24,,1,0,47.85,5742
6782,1916,1,,,300,0,47.95,14385,,0,0,,0,0,14385,,2026-09-08 10:56:14,2026-09-09 07:18:24,,1,0,47.85,14355
6783,1917,1,,,700,0,47.95,33565,,0,0,,0,0,33565,,2026-09-08 11:00:42,2026-09-09 07:18:25,,1,0,47.85,33495
6784,1917,3,,,100,0,47.95,4795,,0,0,,0,0,4795,,2026-09-08 11:00:42,2026-09-09 07:18:25,,1,0,47.85,4785
6785,1917,4,,,100,0,47.95,4795,,0,0,,0,0,4795,,2026-09-08 11:00:42,2026-09-09 07:18:25,,1,0,47.85,4785
6786,1917,2,,,600,0,47.95,28770,,0,0,,0,0,28770,,2026-09-08 11:00:42,2026-09-09 07:18:25,,1,0,47.85,28710
6787,1918,1,1,1,26760,0,47.95,1283142,,0,0,,0,0,1283142,,2026-09-08 11:36:55,2026-09-15 18:24:22,,1,0,47.85,1280466
6788,1918,2,1,1,11520,0,47.95,552384,,0,0,,0,0,552384,,2026-09-08 11:36:55,2026-09-15 18:24:22,,1,0,47.85,551232
6789,1918,3,1,1,2160,0,47.95,103572,,0,0,,0,0,103572,,2026-09-08 11:36:55,2026-09-15 18:24:22,,1,0,47.85,103356
6790,1918,4,1,1,80,0,47.95,3836,,0,0,,0,0,3836,,2026-09-08 11:36:55,2026-09-15 18:24:22,,1,0,47.85,3828
6866,1919,3,,,750,0,47.95,35962.5,,0,0,,0,0,35962.5,,2026-09-08 11:39:57,2026-09-09 11:29:50,,1,0,47.85,35887.5
6867,1920,1,,,250,0,47.95,11987.5,,0,0,,0,0,11987.5,,2026-09-08 11:40:13,2026-09-09 11:29:51,,1,0,47.85,11962.5
6868,1920,2,,,200,0,47.95,9590,,0,0,,0,0,9590,,2026-09-08 11:40:13,2026-09-09 11:29:51,,1,0,47.85,9570
6869,1920,3,,,20,0,47.95,959,,0,0,,0,0,959,,2026-09-08 11:40:13,2026-09-09 11:29:51,,1,0,47.85,957
6870,1920,4,,,30,0,47.95,1438.5,,0,0,,0,0,1438.5,,2026-09-08 11:40:13,2026-09-09 11:29:51,,1,0,47.85,1435.5
6871,1921,1,,,2500,0,47.85,119625,,0,0,,0,0,119625,,2026-09-08 11:40:42,2026-09-09 11:29:51,,1,0,47.85,119625
6872,1921,2,,,5000,0,47.85,239250,,0,0,,0,0,239250,,2026-09-08 11:40:42,2026-09-09 11:29:51,,1,0,47.85,239250
6873,1921,3,,,500,0,47.85,23925,,0,0,,0,0,23925,,2026-09-08 11:40:42,2026-09-09 11:29:51,,1,0,47.85,23925
6874,1922,1,,,3000,0,47.95,143850,,0,0,,0,0,143850,,2026-09-08 11:43:42,2026-09-09 11:29:52,,1,0,47.85,143550
6875,1922,2,,,2000,0,47.95,95900,,0,0,,0,0,95900,,2026-09-08 11:43:42,2026-09-09 11:29:52,,1,0,47.85,95700
6876,1922,3,,,250,0,47.95,11987.5,,0,0,,0,0,11987.5,,2026-09-08 11:43:42,2026-09-09 11:29:52,,1,0,47.85,11962.5
6877,1923,1,,,5000,0,47.95,239750,,0,0,,0,0,239750,,2026-09-08 11:45:08,2026-09-09 11:29:53,,1,0,47.85,239250
6878,1923,2,,,2500,0,47.95,119875,,0,0,,0,0,119875,,2026-09-08 11:45:08,2026-09-09 11:29:53,,1,0,47.85,119625
6879,1923,3,,,350,0,47.95,16782.5,,0,0,,0,0,16782.5,,2026-09-08 11:45:08,2026-09-09 11:29:53,,1,0,47.85,16747.5
6880,1923,4,,,200,0,47.95,9590,,0,0,,0,0,9590,,2026-09-08 11:45:08,2026-09-09 11:29:53,,1,0,47.85,9570
6881,1924,1,,,1000,0,47.95,47950,,0,0,,0,0,47950,,2026-09-08 12:21:53,2026-09-09 11:29:54,,1,0,47.85,47850
6882,1924,2,,,1500,0,47.95,71925,,0,0,,0,0,71925,,2026-09-08 12:21:53,2026-09-09 11:29:54,,1,0,47.85,71775
6883,1924,3,,,130,0,47.95,6233.5,,0,0,,0,0,6233.5,,2026-09-08 12:21:53,2026-09-09 11:29:54,,1,0,47.85,6220.5
6884,1924,4,,,100,0,47.95,4795,,0,0,,0,0,4795,,2026-09-08 12:21:53,2026-09-09 11:29:54,,1,0,47.85,4785
6885,1925,1,1,1,250,0,47.95,11987.5,,0,0,,0,0,11987.5,,2026-09-08 12:36:15,2026-09-15 18:24:22,,1,0,47.85,11962.5
6886,1925,2,1,1,800,0,47.95,38360,,0,0,,0,0,38360,,2026-09-08 12:36:15,2026-09-15 18:24:23,,1,0,47.85,38280
6887,1925,3,1,1,0,0,47.95,0,,0,0,,0,0,0,,2026-09-08 12:36:15,2026-09-15 18:24:23,,1,0,47.85,0
6888,1925,4,1,1,170,0,47.95,8151.5,,0,0,,0,0,8151.5,,2026-09-08 12:36:15,2026-09-15 18:24:23,,1,0,47.85,8134.5
7406,1926,1,,,200,0,47.95,9590,,0,0,,0,0,9590,,2026-09-08 12:46:38,2026-09-09 06:32:19,,1,0,47.85,9570
7407,1926,3,,,40,0,47.95,1918,,0,0,,0,0,1918,,2026-09-08 12:46:39,2026-09-09 06:32:19,,1,0,47.85,1914
7408,1926,4,,,60,0,47.95,2877,,0,0,,0,0,2877,,2026-09-08 12:46:39,2026-09-09 06:32:19,,1,0,47.85,2871
7409,1926,2,,,700,0,47.95,33565,,0,0,,0,0,33565,,2026-09-08 12:46:39,2026-09-09 06:32:19,,1,0,47.85,33495
7410,1927,1,,,500,0,47.95,23975,,0,0,,0,0,23975,,2026-09-08 12:46:39,2026-09-09 06:32:20,,1,0,47.85,23925
7411,1927,2,,,500,0,47.95,23975,,0,0,,0,0,23975,,2026-09-08 12:46:39,2026-09-09 06:32:20,,1,0,47.85,23925
7412,1927,3,,,50,0,47.95,2397.5,,0,0,,0,0,2397.5,,2026-09-08 12:46:39,2026-09-09 06:32:20,,1,0,47.85,2392.5
7413,1927,4,,,50,0,47.95,2397.5,,0,0,,0,0,2397.5,,2026-09-08 12:46:39,2026-09-09 06:32:20,,1,0,47.85,2392.5
7414,1928,3,,,10,0,47.95,479.5,,0,0,,0,0,479.5,,2026-09-08 12:46:40,2026-09-09 06:32:21,,1,0,47.85,478.5
7415,1928,4,,,20,0,47.95,959,,0,0,,0,0,959,,2026-09-08 12:46:40,2026-09-09 06:32:21,,1,0,47.85,957
7416,1928,1,,,80,0,47.95,3836,,0,0,,0,0,3836,,2026-09-08 12:46:40,2026-09-09 06:32:21,,1,0,47.85,3828
7417,1928,2,,,100,0,47.95,4795,,0,0,,0,0,4795,,2026-09-08 12:46:40,2026-09-09 06:32:21,,1,0,47.85,4785
7418,1929,1,,,600,0,47.95,28770,,0,0,,0,0,28770,,2026-09-08 12:46:40,2026-09-09 06:32:22,,1,0,47.85,28710
7419,1929,2,,,300,0,47.95,14385,,0,0,,0,0,14385,,2026-09-08 12:46:40,2026-09-09 06:32:22,,1,0,47.85,14355
7420,1929,3,,,50,0,47.95,2397.5,,0,0,,0,0,2397.5,,2026-09-08 12:46:40,2026-09-09 06:32:22,,1,0,47.85,2392.5
7421,1929,4,,,50,0,47.95,2397.5,,0,0,,0,0,2397.5,,2026-09-08 12:46:40,2026-09-09 06:32:22,,1,0,47.85,2392.5
7422,1930,1,,,500,0,47.95,23975,,0,0,,0,0,23975,,2026-09-08 12:46:41,2026-09-09 06:32:23,,1,0,47.85,23925
7423,1930,2,,,150,0,47.95,7192.5,,0,0,,0,0,7192.5,,2026-09-08 12:46:41,2026-09-09 06:32:23,,1,0,47.85,7177.5
7424,1930,3,,,50,0,47.95,2397.5,,0,0,,0,0,2397.5,,2026-09-08 12:46:41,2026-09-09 06:32:23,,1,0,47.85,2392.5
7425,1930,4,,,50,0,47.95,2397.5,,0,0,,0,0,2397.5,,2026-09-08 12:46:41,2026-09-09 06:32:23,,1,0,47.85,2392.5
7426,1931,1,,,80,0,47.95,3836,,0,0,,0,0,3836,,2026-09-08 12:46:41,2026-09-09 06:32:24,,1,0,47.85,3828
7427,1931,2,,,40,0,47.95,1918,,0,0,,0,0,1918,,2026-09-08 12:46:41,2026-09-09 06:32:24,,1,0,47.85,1914
7428,1931,3,,,10,0,47.95,479.5,,0,0,,0,0,479.5,,2026-09-08 12:46:41,2026-09-09 06:32:24,,1,0,47.85,478.5
7429,1931,4,,,20,0,47.95,959,,0,0,,0,0,959,,2026-09-08 12:46:41,2026-09-09 06:32:24,,1,0,47.85,957
7430,1932,1,,,80,0,47.95,3836,,0,0,,0,0,3836,,2026-09-08 12:46:42,2026-09-09 06:32:25,,1,0,47.85,3828
7431,1932,2,,,40,0,47.95,1918,,0,0,,0,0,1918,,2026-09-08 12:46:42,2026-09-09 06:32:25,,1,0,47.85,1914
7432,1932,3,,,10,0,47.95,479.5,,0,0,,0,0,479.5,,2026-09-08 12:46:42,2026-09-09 06:32:25,,1,0,47.85,478.5
7433,1932,4,,,20,0,47.95,959,,0,0,,0,0,959,,2026-09-08 12:46:42,2026-09-09 06:32:25,,1,0,47.85,957
7434,1933,1,,,140,0,47.95,6713,,0,0,,0,0,6713,,2026-09-08 12:46:42,2026-09-09 06:32:26,,1,0,47.85,6699
7435,1933,2,,,10,0,47.95,479.5,,0,0,,0,0,479.5,,2026-09-08 12:46:42,2026-09-09 06:32:26,,1,0,47.85,478.5
7436,1933,3,,,20,0,47.95,959,,0,0,,0,0,959,,2026-09-08 12:46:42,2026-09-09 06:32:26,,1,0,47.85,957
7437,1933,4,,,30,0,47.95,1438.5,,0,0,,0,0,1438.5,,2026-09-08 12:46:42,2026-09-09 06:32:26,,1,0,47.85,1435.5
7438,1934,1,,,600,0,47.95,28770,,0,0,,0,0,28770,,2026-09-08 12:46:43,2026-09-09 06:32:26,,1,0,47.85,28710
7439,1934,2,,,300,0,47.95,14385,,0,0,,0,0,14385,,2026-09-08 12:46:43,2026-09-09 06:32:26,,1,0,47.85,14355
7440,1934,3,,,50,0,47.95,2397.5,,0,0,,0,0,2397.5,,2026-09-08 12:46:43,2026-09-09 06:32:26,,1,0,47.85,2392.5
7441,1934,4,,,50,0,47.95,2397.5,,0,0,,0,0,2397.5,,2026-09-08 12:46:43,2026-09-09 06:32:26,,1,0,47.85,2392.5
7442,1935,1,,,500,0,47.95,23975,,0,0,,0,0,23975,,2026-09-08 12:46:43,2026-09-09 06:32:27,,1,0,47.85,23925
7443,1935,2,,,500,0,47.95,23975,,0,0,,0,0,23975,,2026-09-08 12:46:43,2026-09-09 06:32:27,,1,0,47.85,23925
7444,1935,3,,,50,0,47.95,2397.5,,0,0,,0,0,2397.5,,2026-09-08 12:46:43,2026-09-09 06:32:27,,1,0,47.85,2392.5
7445,1935,4,,,50,0,47.95,2397.5,,0,0,,0,0,2397.5,,2026-09-08 12:46:43,2026-09-09 06:32:27,,1,0,47.85,2392.5
7446,1936,3,,,20,0,47.95,959,,0,0,,0,0,959,,2026-09-08 12:46:44,2026-09-09 06:32:28,,1,0,47.85,957
7447,1936,4,,,30,0,47.95,1438.5,,0,0,,0,0,1438.5,,2026-09-08 12:46:44,2026-09-09 06:32:28,,1,0,47.85,1435.5
7448,1936,1,,,200,0,47.95,9590,,0,0,,0,0,9590,,2026-09-08 12:46:44,2026-09-09 06:32:28,,1,0,47.85,9570
7449,1936,2,,,150,0,47.95,7192.5,,0,0,,0,0,7192.5,,2026-09-08 12:46:44,2026-09-09 06:32:28,,1,0,47.85,7177.5
7450,1937,3,,,20,0,47.95,959,,0,0,,0,0,959,,2026-09-08 12:46:45,2026-09-09 06:33:24,,1,0,47.85,957
7451,1937,4,,,30,0,47.95,1438.5,,0,0,,0,0,1438.5,,2026-09-08 12:46:45,2026-09-09 06:33:24,,1,0,47.85,1435.5
7452,1937,2,,,170,0,47.95,8151.5,,0,0,,0,0,8151.5,,2026-09-08 12:46:45,2026-09-09 06:33:24,,1,0,47.85,8134.5
7453,1937,1,,,200,0,47.95,9590,,0,0,,0,0,9590,,2026-09-08 12:46:45,2026-09-09 06:33:24,,1,0,47.85,9570
7454,1938,1,,,700,0,47.95,33565,,0,0,,0,0,33565,,2026-09-08 12:46:45,2026-09-09 06:33:24,,1,0,47.85,33495
7455,1938,2,,,200,0,47.95,9590,,0,0,,0,0,9590,,2026-09-08 12:46:45,2026-09-09 06:33:24,,1,0,47.85,9570
7456,1938,3,,,50,0,47.95,2397.5,,0,0,,0,0,2397.5,,2026-09-08 12:46:45,2026-09-09 06:33:24,,1,0,47.85,2392.5
7457,1938,4,,,50,0,47.95,2397.5,,0,0,,0,0,2397.5,,2026-09-08 12:46:45,2026-09-09 06:33:24,,1,0,47.85,2392.5
7458,1939,1,,,350,0,47.95,16782.5,,0,0,,0,0,16782.5,,2026-09-08 12:46:46,2026-09-09 06:33:25,,1,0,47.85,16747.5
7459,1939,3,,,20,0,47.95,959,,0,0,,0,0,959,,2026-09-08 12:46:46,2026-09-09 06:33:25,,1,0,47.85,957
7460,1939,4,,,30,0,47.95,1438.5,,0,0,,0,0,1438.5,,2026-09-08 12:46:46,2026-09-09 06:33:25,,1,0,47.85,1435.5
7461,1939,2,,,100,0,47.95,4795,,0,0,,0,0,4795,,2026-09-08 12:46:46,2026-09-09 06:33:25,,1,0,47.85,4785
7462,1940,3,,,10,0,47.95,479.5,,0,0,,0,0,479.5,,2026-09-08 12:46:46,2026-09-09 06:33:27,,1,0,47.85,478.5
7463,1940,4,,,20,0,47.95,959,,0,0,,0,0,959,,2026-09-08 12:46:46,2026-09-09 06:33:27,,1,0,47.85,957
7464,1940,1,,,170,0,47.95,8151.5,,0,0,,0,0,8151.5,,2026-09-08 12:46:46,2026-09-09 06:33:27,,1,0,47.85,8134.5
7465,1940,2,,,50,0,47.95,2397.5,,0,0,,0,0,2397.5,,2026-09-08 12:46:46,2026-09-09 06:33:27,,1,0,47.85,2392.5
7466,1941,1,,,230,0,47.95,11028.5,,0,0,,0,0,11028.5,,2026-09-08 12:46:47,2026-09-09 06:33:27,,1,0,47.85,11005.5
7467,1941,3,,,30,0,47.95,1438.5,,0,0,,0,0,1438.5,,2026-09-08 12:46:47,2026-09-09 06:33:27,,1,0,47.85,1435.5
7468,1941,4,,,40,0,47.95,1918,,0,0,,0,0,1918,,2026-09-08 12:46:47,2026-09-09 06:33:27,,1,0,47.85,1914
7469,1941,2,,,200,0,47.95,9590,,0,0,,0,0,9590,,2026-09-08 12:46:47,2026-09-09 06:33:27,,1,0,47.85,9570
7470,1942,3,,,30,0,47.95,1438.5,,0,0,,0,0,1438.5,,2026-09-08 12:46:47,2026-09-09 06:33:28,,1,0,47.85,1435.5
7471,1942,4,,,40,0,47.95,1918,,0,0,,0,0,1918,,2026-09-08 12:46:47,2026-09-09 06:33:28,,1,0,47.85,1914
7472,1942,1,,,230,0,47.95,11028.5,,0,0,,0,0,11028.5,,2026-09-08 12:46:47,2026-09-09 06:33:28,,1,0,47.85,11005.5
7473,1942,2,,,200,0,47.95,9590,,0,0,,0,0,9590,,2026-09-08 12:46:47,2026-09-09 06:33:28,,1,0,47.85,9570
7474,1943,1,,,80,0,47.95,3836,,0,0,,0,0,3836,,2026-09-08 12:46:48,2026-09-09 06:33:29,,1,0,47.85,3828
7475,1943,3,,,20,0,47.95,959,,0,0,,0,0,959,,2026-09-08 12:46:48,2026-09-09 06:33:29,,1,0,47.85,957
7476,1943,4,,,30,0,47.95,1438.5,,0,0,,0,0,1438.5,,2026-09-08 12:46:48,2026-09-09 06:33:29,,1,0,47.85,1435.5
7477,1943,2,,,20,0,47.95,959,,0,0,,0,0,959,,2026-09-08 12:46:48,2026-09-09 06:33:29,,1,0,47.85,957
7478,1944,3,,,30,0,47.95,1438.5,,0,0,,0,0,1438.5,,2026-09-08 12:46:48,2026-09-09 06:33:30,,1,0,47.85,1435.5
7479,1944,4,,,50,0,47.95,2397.5,,0,0,,0,0,2397.5,,2026-09-08 12:46:48,2026-09-09 06:33:30,,1,0,47.85,2392.5
7480,1944,1,,,150,0,47.95,7192.5,,0,0,,0,0,7192.5,,2026-09-08 12:46:48,2026-09-09 06:33:30,,1,0,47.85,7177.5
7481,1944,2,,,170,0,47.95,8151.5,,0,0,,0,0,8151.5,,2026-09-08 12:46:48,2026-09-09 06:33:30,,1,0,47.85,8134.5
7482,1945,3,,,30,0,47.95,1438.5,,0,0,,0,0,1438.5,,2026-09-08 12:46:49,2026-09-09 06:33:30,,1,0,47.85,1435.5
7483,1945,4,,,30,0,47.95,1438.5,,0,0,,0,0,1438.5,,2026-09-08 12:46:49,2026-09-09 06:33:30,,1,0,47.85,1435.5
7484,1945,1,,,220,0,47.95,10549,,0,0,,0,0,10549,,2026-09-08 12:46:49,2026-09-09 06:33:30,,1,0,47.85,10527
7485,1945,2,,,220,0,47.95,10549,,0,0,,0,0,10549,,2026-09-08 12:46:49,2026-09-09 06:33:30,,1,0,47.85,10527
7486,1946,2,,,10,0,47.95,479.5,,0,0,,0,0,479.5,,2026-09-08 12:46:49,2026-09-09 06:33:31,,1,0,47.85,478.5
7487,1947,3,,,100,0,47.95,4795,,0,0,,0,0,4795,,2026-09-08 12:46:50,2026-09-09 06:33:32,,1,0,47.85,4785
7488,1947,4,,,100,0,47.95,4795,,0,0,,0,0,4795,,2026-09-08 12:46:50,2026-09-09 06:33:32,,1,0,47.85,4785
7489,1947,1,,,1000,0,47.95,47950,,0,0,,0,0,47950,,2026-09-08 12:46:50,2026-09-09 06:33:32,,1,0,47.85,47850
7490,1947,2,,,300,0,47.95,14385,,0,0,,0,0,14385,,2026-09-08 12:46:50,2026-09-09 06:33:32,,1,0,47.85,14355
7491,1948,1,,,230,0,47.95,11028.5,,0,0,,0,0,11028.5,,2026-09-08 12:46:51,2026-09-09 06:33:32,,1,0,47.85,11005.5
7492,1948,3,,,30,0,47.95,1438.5,,0,0,,0,0,1438.5,,2026-09-08 12:46:51,2026-09-09 06:33:32,,1,0,47.85,1435.5
7493,1948,4,,,40,0,47.95,1918,,0,0,,0,0,1918,,2026-09-08 12:46:51,2026-09-09 06:33:32,,1,0,47.85,1914
7494,1948,2,,,200,0,47.95,9590,,0,0,,0,0,9590,,2026-09-08 12:46:51,2026-09-09 06:33:32,,1,0,47.85,9570
7495,1949,1,,,800,0,47.95,38360,,0,0,,0,0,38360,,2026-09-08 12:46:51,2026-09-09 06:33:33,,1,0,47.85,38280
7496,1949,3,,,100,0,47.95,4795,,0,0,,0,0,4795,,2026-09-08 12:46:51,2026-09-09 06:33:33,,1,0,47.85,4785
7497,1949,4,,,100,0,47.95,4795,,0,0,,0,0,4795,,2026-09-08 12:46:51,2026-09-09 06:33:33,,1,0,47.85,4785
7498,1949,2,,,500,0,47.95,23975,,0,0,,0,0,23975,,2026-09-08 12:46:51,2026-09-09 06:33:33,,1,0,47.85,23925
7499,1950,1,,,500,0,47.95,23975,,0,0,,0,0,23975,,2026-09-08 12:46:52,2026-09-09 06:33:34,,1,0,47.85,23925
7500,1950,2,,,250,0,47.95,11987.5,,0,0,,0,0,11987.5,,2026-09-08 12:46:52,2026-09-09 06:33:34,,1,0,47.85,11962.5
7501,1951,1,,,100,0,47.95,4795,,0,0,,0,0,4795,,2026-09-08 12:46:52,2026-09-09 06:33:35,,1,0,47.85,4785
7502,1951,3,,,20,0,47.95,959,,0,0,,0,0,959,,2026-09-08 12:46:52,2026-09-09 06:33:35,,1,0,47.85,957
7503,1951,4,,,30,0,47.95,1438.5,,0,0,,0,0,1438.5,,2026-09-08 12:46:52,2026-09-09 06:33:35,,1,0,47.85,1435.5
7504,1951,2,,,100,0,47.95,4795,,0,0,,0,0,4795,,2026-09-08 12:46:52,2026-09-09 06:33:35,,1,0,47.85,4785
7505,1952,1,,,500,0,47.95,23975,,0,0,,0,0,23975,,2026-09-08 12:46:53,2026-09-09 06:33:35,,1,0,47.85,23925
7506,1952,3,,,50,0,47.95,2397.5,,0,0,,0,0,2397.5,,2026-09-08 12:46:53,2026-09-09 06:33:35,,1,0,47.85,2392.5
7507,1952,4,,,50,0,47.95,2397.5,,0,0,,0,0,2397.5,,2026-09-08 12:46:53,2026-09-09 06:33:35,,1,0,47.85,2392.5
7508,1952,2,,,400,0,47.95,19180,,0,0,,0,0,19180,,2026-09-08 12:46:53,2026-09-09 06:33:35,,1,0,47.85,19140
7509,1953,1,,,50,0,47.95,2397.5,,0,0,,0,0,2397.5,,2026-09-08 12:46:53,2026-09-09 06:33:36,,1,0,47.85,2392.5
7510,1953,2,,,20,0,47.95,959,,0,0,,0,0,959,,2026-09-08 12:46:53,2026-09-09 06:33:36,,1,0,47.85,957
7511,1953,3,,,10,0,47.95,479.5,,0,0,,0,0,479.5,,2026-09-08 12:46:53,2026-09-09 06:33:36,,1,0,47.85,478.5
7512,1953,4,,,20,0,47.95,959,,0,0,,0,0,959,,2026-09-08 12:46:53,2026-09-09 06:33:36,,1,0,47.85,957
7513,1954,1,,,60,0,47.95,2877,,0,0,,0,0,2877,,2026-09-08 12:46:54,2026-09-09 06:33:37,,1,0,47.85,2871
7514,1954,2,,,30,0,47.95,1438.5,,0,0,,0,0,1438.5,,2026-09-08 12:46:54,2026-09-09 06:33:37,,1,0,47.85,1435.5
7515,1954,4,,,10,0,47.95,479.5,,0,0,,0,0,479.5,,2026-09-08 12:46:54,2026-09-09 06:33:37,,1,0,47.85,478.5
7516,1955,1,,,230,0,47.95,11028.5,,0,0,,0,0,11028.5,,2026-09-08 12:46:54,2026-09-09 06:33:37,,1,0,47.85,11005.5
7517,1955,3,,,30,0,47.95,1438.5,,0,0,,0,0,1438.5,,2026-09-08 12:46:54,2026-09-09 06:33:37,,1,0,47.85,1435.5
7518,1955,4,,,40,0,47.95,1918,,0,0,,0,0,1918,,2026-09-08 12:46:54,2026-09-09 06:33:37,,1,0,47.85,1914
7519,1955,2,,,200,0,47.95,9590,,0,0,,0,0,9590,,2026-09-08 12:46:54,2026-09-09 06:33:37,,1,0,47.85,9570
7520,1956,1,,,230,0,47.95,11028.5,,0,0,,0,0,11028.5,,2026-09-08 12:46:55,2026-09-09 06:33:38,,1,0,47.85,11005.5
7521,1956,2,,,200,0,47.95,9590,,0,0,,0,0,9590,,2026-09-08 12:46:55,2026-09-09 06:33:38,,1,0,47.85,9570
7522,1956,3,,,30,0,47.95,1438.5,,0,0,,0,0,1438.5,,2026-09-08 12:46:55,2026-09-09 06:33:38,,1,0,47.85,1435.5
7523,1956,4,,,40,0,47.95,1918,,0,0,,0,0,1918,,2026-09-08 12:46:55,2026-09-09 06:33:38,,1,0,47.85,1914
7524,1957,1,,,50,0,47.95,2397.5,,0,0,,0,0,2397.5,,2026-09-08 12:46:55,2026-09-09 06:33:39,,1,0,47.85,2392.5
7525,1957,2,,,20,0,47.95,959,,0,0,,0,0,959,,2026-09-08 12:46:55,2026-09-09 06:33:39,,1,0,47.85,957
7526,1957,3,,,10,0,47.95,479.5,,0,0,,0,0,479.5,,2026-09-08 12:46:55,2026-09-09 06:33:39,,1,0,47.85,478.5
7527,1957,4,,,20,0,47.95,959,,0,0,,0,0,959,,2026-09-08 12:46:55,2026-09-09 06:33:39,,1,0,47.85,957
7528,1958,1,,,230,0,47.95,11028.5,,0,0,,0,0,11028.5,,2026-09-08 12:46:56,2026-09-09 06:33:40,,1,0,47.85,11005.5
7529,1958,3,,,30,0,47.95,1438.5,,0,0,,0,0,1438.5,,2026-09-08 12:46:56,2026-09-09 06:33:40,,1,0,47.85,1435.5
7530,1958,4,,,40,0,47.95,1918,,0,0,,0,0,1918,,2026-09-08 12:46:56,2026-09-09 06:33:40,,1,0,47.85,1914
7531,1958,2,,,200,0,47.95,9590,,0,0,,0,0,9590,,2026-09-08 12:46:56,2026-09-09 06:33:40,,1,0,47.85,9570
7532,1959,1,,,650,0,47.95,31167.5,,0,0,,0,0,31167.5,,2026-09-08 12:46:56,2026-09-09 06:33:41,,1,0,47.85,31102.5
7533,1959,3,,,90,0,47.95,4315.5,,0,0,,0,0,4315.5,,2026-09-08 12:46:56,2026-09-09 06:33:41,,1,0,47.85,4306.5
7534,1959,4,,,110,0,47.95,5274.5,,0,0,,0,0,5274.5,,2026-09-08 12:46:56,2026-09-09 06:33:41,,1,0,47.85,5263.5
7535,1959,2,,,400,0,47.95,19180,,0,0,,0,0,19180,,2026-09-08 12:46:56,2026-09-09 06:33:41,,1,0,47.85,19140
7536,1960,1,,,100,0,47.95,4795,,0,0,,0,0,4795,,2026-09-08 12:46:57,2026-09-09 06:33:41,,1,0,47.85,4785
7537,1960,2,,,70,0,47.95,3356.5,,0,0,,0,0,3356.5,,2026-09-08 12:46:57,2026-09-09 06:33:41,,1,0,47.85,3349.5
7538,1960,3,,,10,0,47.95,479.5,,0,0,,0,0,479.5,,2026-09-08 12:46:57,2026-09-09 06:33:41,,1,0,47.85,478.5
7539,1960,4,,,20,0,47.95,959,,0,0,,0,0,959,,2026-09-08 12:46:57,2026-09-09 06:33:41,,1,0,47.85,957
7540,1961,1,,,140,0,47.95,6713,,0,0,,0,0,6713,,2026-09-08 12:46:57,2026-09-09 06:33:42,,1,0,47.85,6699
7541,1961,2,,,100,0,47.95,4795,,0,0,,0,0,4795,,2026-09-08 12:46:57,2026-09-09 06:33:42,,1,0,47.85,4785
7542,1961,4,,,40,0,47.95,1918,,0,0,,0,0,1918,,2026-09-08 12:46:58,2026-09-09 06:33:42,,1,0,47.85,1914
7543,1961,3,,,20,0,47.95,959,,0,0,,0,0,959,,2026-09-08 12:46:58,2026-09-09 06:33:42,,1,0,47.85,957
7544,1962,1,,,50,0,47.95,2397.5,,0,0,,0,0,2397.5,,2026-09-08 12:46:58,2026-09-09 06:33:43,,1,0,47.85,2392.5
7545,1962,2,,,20,0,47.95,959,,0,0,,0,0,959,,2026-09-08 12:46:58,2026-09-09 06:33:43,,1,0,47.85,957
7546,1962,3,,,10,0,47.95,479.5,,0,0,,0,0,479.5,,2026-09-08 12:46:58,2026-09-09 06:33:43,,1,0,47.85,478.5
7547,1962,4,,,20,0,47.95,959,,0,0,,0,0,959,,2026-09-08 12:46:58,2026-09-09 06:33:43,,1,0,47.85,957
7548,1963,1,,,550,0,47.95,26372.5,,0,0,,0,0,26372.5,,2026-09-08 12:46:59,2026-09-09 06:33:44,,1,0,47.85,26317.5
7549,1963,2,,,300,0,47.95,14385,,0,0,,0,0,14385,,2026-09-08 12:46:59,2026-09-09 06:33:44,,1,0,47.85,14355
7550,1963,3,,,70,0,47.95,3356.5,,0,0,,0,0,3356.5,,2026-09-08 12:46:59,2026-09-09 06:33:44,,1,0,47.85,3349.5
7551,1963,4,,,80,0,47.95,3836,,0,0,,0,0,3836,,2026-09-08 12:46:59,2026-09-09 06:33:44,,1,0,47.85,3828
7552,1964,3,,,20,0,47.95,959,,0,0,,0,0,959,,2026-09-08 12:46:59,2026-09-09 06:33:45,,1,0,47.85,957
7553,1964,4,,,20,0,47.95,959,,0,0,,0,0,959,,2026-09-08 12:46:59,2026-09-09 06:33:45,,1,0,47.85,957
7554,1964,1,,,110,0,47.95,5274.5,,0,0,,0,0,5274.5,,2026-09-08 12:46:59,2026-09-09 06:33:45,,1,0,47.85,5263.5
7555,1964,2,,,100,0,47.95,4795,,0,0,,0,0,4795,,2026-09-08 12:46:59,2026-09-09 06:33:45,,1,0,47.85,4785
7556,1965,3,,,10,0,47.95,479.5,,0,0,,0,0,479.5,,2026-09-08 12:47:00,2026-09-09 06:33:45,,1,0,47.85,478.5
7557,1965,4,,,20,0,47.95,959,,0,0,,0,0,959,,2026-09-08 12:47:00,2026-09-09 06:33:45,,1,0,47.85,957
7558,1965,1,,,100,0,47.95,4795,,0,0,,0,0,4795,,2026-09-08 12:47:00,2026-09-09 06:33:45,,1,0,47.85,4785
7559,1965,2,,,20,0,47.95,959,,0,0,,0,0,959,,2026-09-08 12:47:00,2026-09-09 06:33:45,,1,0,47.85,957
7560,1966,3,,,100,0,47.95,4795,,0,0,,0,0,4795,,2026-09-08 12:47:00,2026-09-09 06:33:46,,1,0,47.85,4785
7561,1966,4,,,100,0,47.95,4795,,0,0,,0,0,4795,,2026-09-08 12:47:00,2026-09-09 06:33:46,,1,0,47.85,4785
7562,1966,1,,,1000,0,47.95,47950,,0,0,,0,0,47950,,2026-09-08 12:47:00,2026-09-09 06:33:46,,1,0,47.85,47850
7563,1966,2,,,300,0,47.95,14385,,0,0,,0,0,14385,,2026-09-08 12:47:00,2026-09-09 06:33:46,,1,0,47.85,14355
7564,1967,1,,,80,0,47.95,3836,,0,0,,0,0,3836,,2026-09-08 12:47:01,2026-09-09 06:33:47,,1,0,47.85,3828
7565,1967,2,,,30,0,47.95,1438.5,,0,0,,0,0,1438.5,,2026-09-08 12:47:01,2026-09-09 06:33:47,,1,0,47.85,1435.5
7566,1967,4,,,10,0,47.95,479.5,,0,0,,0,0,479.5,,2026-09-08 12:47:01,2026-09-09 06:33:47,,1,0,47.85,478.5
7567,1968,1,,,40,0,47.95,1918,,0,0,,0,0,1918,,2026-09-08 12:47:01,2026-09-09 06:33:47,,1,0,47.85,1914
7568,1968,2,,,50,0,47.95,2397.5,,0,0,,0,0,2397.5,,2026-09-08 12:47:01,2026-09-09 06:33:47,,1,0,47.85,2392.5
7569,1968,4,,,10,0,47.95,479.5,,0,0,,0,0,479.5,,2026-09-08 12:47:01,2026-09-09 06:33:47,,1,0,47.85,478.5
7570,1969,1,,,500,0,47.95,23975,,0,0,,0,0,23975,,2026-09-08 12:47:02,2026-09-09 06:33:48,,1,0,47.85,23925
7571,1969,2,,,400,0,47.95,19180,,0,0,,0,0,19180,,2026-09-08 12:47:02,2026-09-09 06:33:48,,1,0,47.85,19140
7572,1969,3,,,50,0,47.95,2397.5,,0,0,,0,0,2397.5,,2026-09-08 12:47:02,2026-09-09 06:33:48,,1,0,47.85,2392.5
7573,1969,4,,,50,0,47.95,2397.5,,0,0,,0,0,2397.5,,2026-09-08 12:47:02,2026-09-09 06:33:48,,1,0,47.85,2392.5
7574,1970,1,,,100,0,47.95,4795,,0,0,,0,0,4795,,2026-09-08 12:47:02,2026-09-09 06:33:49,,1,0,47.85,4785
7575,1970,2,,,70,0,47.95,3356.5,,0,0,,0,0,3356.5,,2026-09-08 12:47:02,2026-09-09 06:33:49,,1,0,47.85,3349.5
7576,1970,3,,,10,0,47.95,479.5,,0,0,,0,0,479.5,,2026-09-08 12:47:02,2026-09-09 06:33:49,,1,0,47.85,478.5
7577,1970,4,,,20,0,47.95,959,,0,0,,0,0,959,,2026-09-08 12:47:02,2026-09-09 06:33:49,,1,0,47.85,957
7578,1971,1,,,100,0,47.95,4795,,0,0,,0,0,4795,,2026-09-08 12:47:03,2026-09-09 06:33:50,,1,0,47.85,4785
7579,1971,3,,,20,0,47.95,959,,0,0,,0,0,959,,2026-09-08 12:47:03,2026-09-09 06:33:50,,1,0,47.85,957
7580,1971,4,,,30,0,47.95,1438.5,,0,0,,0,0,1438.5,,2026-09-08 12:47:03,2026-09-09 06:33:50,,1,0,47.85,1435.5
7581,1971,2,,,100,0,47.95,4795,,0,0,,0,0,4795,,2026-09-08 12:47:03,2026-09-09 06:33:50,,1,0,47.85,4785
7582,1972,1,,,100,0,47.95,4795,,0,0,,0,0,4795,,2026-09-08 12:47:03,2026-09-09 06:33:51,,1,0,47.85,4785
7583,1972,2,,,40,0,47.95,1918,,0,0,,0,0,1918,,2026-09-08 12:47:03,2026-09-09 06:33:51,,1,0,47.85,1914
7584,1972,4,,,10,0,47.95,479.5,,0,0,,0,0,479.5,,2026-09-08 12:47:03,2026-09-09 06:33:51,,1,0,47.85,478.5
7585,1973,3,,,30,0,47.95,1438.5,,0,0,,0,0,1438.5,,2026-09-08 12:47:04,2026-09-09 06:33:51,,1,0,47.85,1435.5
7586,1973,4,,,30,0,47.95,1438.5,,0,0,,0,0,1438.5,,2026-09-08 12:47:04,2026-09-09 06:33:51,,1,0,47.85,1435.5
7587,1973,1,,,150,0,47.95,7192.5,,0,0,,0,0,7192.5,,2026-09-08 12:47:04,2026-09-09 06:33:51,,1,0,47.85,7177.5
7588,1973,2,,,200,0,47.95,9590,,0,0,,0,0,9590,,2026-09-08 12:47:04,2026-09-09 06:33:51,,1,0,47.85,9570
7589,1974,1,,,70,0,47.95,3356.5,,0,0,,0,0,3356.5,,2026-09-08 12:47:04,2026-09-09 06:33:52,,1,0,47.85,3349.5
7590,1974,2,,,40,0,47.95,1918,,0,0,,0,0,1918,,2026-09-08 12:47:04,2026-09-09 06:33:52,,1,0,47.85,1914
7591,1974,4,,,10,0,47.95,479.5,,0,0,,0,0,479.5,,2026-09-08 12:47:04,2026-09-09 06:33:52,,1,0,47.85,478.5
7592,1975,3,,,20,0,47.95,959,,0,0,,0,0,959,,2026-09-08 12:47:05,2026-09-09 06:33:53,,1,0,47.85,957
7593,1975,4,,,30,0,47.95,1438.5,,0,0,,0,0,1438.5,,2026-09-08 12:47:05,2026-09-09 06:33:53,,1,0,47.85,1435.5
7594,1975,2,,,60,0,47.95,2877,,0,0,,0,0,2877,,2026-09-08 12:47:05,2026-09-09 06:33:53,,1,0,47.85,2871
7595,1975,1,,,200,0,47.95,9590,,0,0,,0,0,9590,,2026-09-08 12:47:05,2026-09-09 06:33:53,,1,0,47.85,9570
7596,1976,1,,,130,0,47.95,6233.5,,0,0,,0,0,6233.5,,2026-09-08 12:47:05,2026-09-09 06:33:54,,1,0,47.85,6220.5
7597,1976,3,,,10,0,47.95,479.5,,0,0,,0,0,479.5,,2026-09-08 12:47:05,2026-09-09 06:33:54,,1,0,47.85,478.5
7598,1976,4,,,20,0,47.95,959,,0,0,,0,0,959,,2026-09-08 12:47:05,2026-09-09 06:33:54,,1,0,47.85,957
7599,1976,2,,,50,0,47.95,2397.5,,0,0,,0,0,2397.5,,2026-09-08 12:47:05,2026-09-09 06:33:54,,1,0,47.85,2392.5
7600,1977,1,,,110,0,47.95,5274.5,,0,0,,0,0,5274.5,,2026-09-08 12:47:08,2026-09-09 06:33:54,,1,0,47.85,5263.5
7601,1977,2,,,90,0,47.95,4315.5,,0,0,,0,0,4315.5,,2026-09-08 12:47:08,2026-09-09 06:33:54,,1,0,47.85,4306.5
7602,1977,4,,,10,0,47.95,479.5,,0,0,,0,0,479.5,,2026-09-08 12:47:08,2026-09-09 06:33:54,,1,0,47.85,478.5
7603,1978,3,,,50,0,47.95,2397.5,,0,0,,0,0,2397.5,,2026-09-08 12:47:09,2026-09-09 06:33:55,,1,0,47.85,2392.5
7604,1978,4,,,50,0,47.95,2397.5,,0,0,,0,0,2397.5,,2026-09-08 12:47:09,2026-09-09 06:33:55,,1,0,47.85,2392.5
7605,1978,1,,,900,0,47.95,43155,,0,0,,0,0,43155,,2026-09-08 12:47:09,2026-09-09 06:33:55,,1,0,47.85,43065
7606,1979,2,,,170,0,47.95,8151.5,,0,0,,0,0,8151.5,,2026-09-08 12:47:10,2026-09-09 06:33:56,,1,0,47.85,8134.5
7607,1979,3,,,10,0,47.95,479.5,,0,0,,0,0,479.5,,2026-09-08 12:47:10,2026-09-09 06:33:56,,1,0,47.85,478.5
7608,1979,4,,,20,0,47.95,959,,0,0,,0,0,959,,2026-09-08 12:47:10,2026-09-09 06:33:56,,1,0,47.85,957
7609,1980,3,,,20,0,47.95,959,,0,0,,0,0,959,,2026-09-08 12:47:10,2026-09-09 06:33:57,,1,0,47.85,957
7610,1980,4,,,30,0,47.95,1438.5,,0,0,,0,0,1438.5,,2026-09-08 12:47:10,2026-09-09 06:33:57,,1,0,47.85,1435.5
7611,1980,1,,,250,0,47.95,11987.5,,0,0,,0,0,11987.5,,2026-09-08 12:47:10,2026-09-09 06:33:57,,1,0,47.85,11962.5
7612,1980,2,,,100,0,47.95,4795,,0,0,,0,0,4795,,2026-09-08 12:47:10,2026-09-09 06:33:57,,1,0,47.85,4785
7613,1981,1,,,2000,0,47.95,95900,,0,0,,0,0,95900,,2026-09-08 12:47:11,2026-09-09 06:33:57,,1,0,47.85,95700
7614,1981,2,,,2000,0,47.95,95900,,0,0,,0,0,95900,,2026-09-08 12:47:11,2026-09-09 06:33:57,,1,0,47.85,95700
7615,1981,3,,,250,0,47.95,11987.5,,0,0,,0,0,11987.5,,2026-09-08 12:47:11,2026-09-09 06:33:57,,1,0,47.85,11962.5
7616,1981,4,,,250,0,47.95,11987.5,,0,0,,0,0,11987.5,,2026-09-08 12:47:11,2026-09-09 06:33:57,,1,0,47.85,11962.5
7617,1982,1,,,30,0,47.95,1438.5,,0,0,,0,0,1438.5,,2026-09-08 12:47:11,2026-09-09 06:33:58,,1,0,47.85,1435.5
7618,1982,2,,,20,0,47.95,959,,0,0,,0,0,959,,2026-09-08 12:47:11,2026-09-09 06:33:58,,1,0,47.85,957
7619,1983,1,,,500,0,47.95,23975,,0,0,,0,0,23975,,2026-09-08 12:47:12,2026-09-09 06:33:59,,1,0,47.85,23925
7620,1983,2,,,400,0,47.95,19180,,0,0,,0,0,19180,,2026-09-08 12:47:12,2026-09-09 06:33:59,,1,0,47.85,19140
7621,1983,3,,,50,0,47.95,2397.5,,0,0,,0,0,2397.5,,2026-09-08 12:47:12,2026-09-09 06:33:59,,1,0,47.85,2392.5
7622,1983,4,,,50,0,47.95,2397.5,,0,0,,0,0,2397.5,,2026-09-08 12:47:12,2026-09-09 06:33:59,,1,0,47.85,2392.5
7623,1984,1,1,1,1660,0,47.95,79597,,0,0,,0,0,79597,,2026-09-08 12:51:53,2026-09-15 18:24:23,,1,0,47.85,79431
7624,1984,2,1,1,3300,0,47.95,158235,,0,0,,0,0,158235,,2026-09-08 12:51:53,2026-09-15 18:24:23,,1,0,47.85,157905
7625,1984,3,1,1,110,0,47.95,5274.5,,0,0,,0,0,5274.5,,2026-09-08 12:51:53,2026-09-15 18:24:23,,1,0,47.85,5263.5
7626,1984,4,1,1,180,0,47.95,8631,,0,0,,0,0,8631,,2026-09-08 12:51:53,2026-09-15 18:24:23,,1,0,47.85,8613
8372,1985,1,,,300,0,47.95,14385,,0,0,,0,0,14385,,2026-09-09 06:33:59,2026-09-10 10:10:35,,1,0,47.85,14355
8373,1985,2,,,100,0,47.95,4795,,0,0,,0,0,4795,,2026-09-09 06:33:59,2026-09-10 10:10:35,,1,0,47.85,4785
8374,1985,3,,,30,0,47.95,1438.5,,0,0,,0,0,1438.5,,2026-09-09 06:33:59,2026-09-10 10:10:35,,1,0,47.85,1435.5
8375,1985,4,,,70,0,47.95,3356.5,,0,0,,0,0,3356.5,,2026-09-09 06:33:59,2026-09-10 10:10:35,,1,0,47.85,3349.5
8376,1986,1,,,110,0,47.95,5274.5,,0,0,,0,0,5274.5,,2026-09-09 06:34:00,2026-09-10 10:10:36,,1,0,47.85,5263.5
8377,1986,2,,,50,0,47.95,2397.5,,0,0,,0,0,2397.5,,2026-09-09 06:34:00,2026-09-10 10:10:36,,1,0,47.85,2392.5
8378,1986,3,,,10,0,47.95,479.5,,0,0,,0,0,479.5,,2026-09-09 06:34:00,2026-09-10 10:10:36,,1,0,47.85,478.5
8379,1986,4,,,30,0,47.95,1438.5,,0,0,,0,0,1438.5,,2026-09-09 06:34:00,2026-09-10 10:10:36,,1,0,47.85,1435.5
8380,1987,1,,,150,0,47.95,7192.5,,0,0,,0,0,7192.5,,2026-09-09 06:34:01,2026-09-10 10:10:37,,1,0,47.85,7177.5
8381,1987,2,,,60,0,47.95,2877,,0,0,,0,0,2877,,2026-09-09 06:34:02,2026-09-10 10:10:37,,1,0,47.85,2871
8382,1987,3,,,10,0,47.95,479.5,,0,0,,0,0,479.5,,2026-09-09 06:34:02,2026-09-10 10:10:37,,1,0,47.85,478.5
8383,1987,4,,,30,0,47.95,1438.5,,0,0,,0,0,1438.5,,2026-09-09 06:34:02,2026-09-10 10:10:37,,1,0,47.85,1435.5
8384,1988,1,,,80,0,47.95,3836,,0,0,,0,0,3836,,2026-09-09 06:46:17,2026-09-10 10:10:38,,1,0,47.85,3828
8385,1988,2,,,40,0,47.95,1918,,0,0,,0,0,1918,,2026-09-09 06:46:17,2026-09-10 10:10:38,,1,0,47.85,1914
8386,1988,3,,,10,0,47.95,479.5,,0,0,,0,0,479.5,,2026-09-09 06:46:17,2026-09-10 10:10:38,,1,0,47.85,478.5
8387,1988,4,,,20,0,47.95,959,,0,0,,0,0,959,,2026-09-09 06:46:17,2026-09-10 10:10:38,,1,0,47.85,957
8388,1989,1,,,60,0,47.95,2877,,0,0,,0,0,2877,,2026-09-09 06:54:53,2026-09-10 10:10:39,,1,0,47.85,2871
8389,1989,2,,,30,0,47.95,1438.5,,0,0,,0,0,1438.5,,2026-09-09 06:54:53,2026-09-10 10:10:39,,1,0,47.85,1435.5
8390,1989,4,,,10,0,47.95,479.5,,0,0,,0,0,479.5,,2026-09-09 06:54:53,2026-09-10 10:10:39,,1,0,47.85,478.5
8391,1990,1,,,80,0,47.95,3836,,0,0,,0,0,3836,,2026-09-09 06:56:50,2026-09-10 10:10:40,,1,0,47.85,3828
8392,1990,2,,,40,0,47.95,1918,,0,0,,0,0,1918,,2026-09-09 06:56:50,2026-09-10 10:10:40,,1,0,47.85,1914
8393,1990,3,,,10,0,47.95,479.5,,0,0,,0,0,479.5,,2026-09-09 06:56:50,2026-09-10 10:10:40,,1,0,47.85,478.5
8394,1990,4,,,20,0,47.95,959,,0,0,,0,0,959,,2026-09-09 06:56:50,2026-09-10 10:10:40,,1,0,47.85,957
8618,1991,1,,,60,0,47.95,2877,,0,0,,0,0,2877,,2026-09-09 07:02:35,2026-09-10 10:10:41,,1,0,47.85,2871
8619,1991,2,,,30,0,47.95,1438.5,,0,0,,0,0,1438.5,,2026-09-09 07:02:35,2026-09-10 10:10:41,,1,0,47.85,1435.5
8620,1991,4,,,10,0,47.95,479.5,,0,0,,0,0,479.5,,2026-09-09 07:02:35,2026-09-10 10:10:41,,1,0,47.85,478.5
8621,1992,3,,,10,0,47.95,479.5,,0,0,,0,0,479.5,,2026-09-09 07:03:51,2026-09-10 10:10:41,,1,0,47.85,478.5
8622,1992,4,,,10,0,47.95,479.5,,0,0,,0,0,479.5,,2026-09-09 07:03:51,2026-09-10 10:10:41,,1,0,47.85,478.5
8623,1992,1,,,40,0,47.95,1918,,0,0,,0,0,1918,,2026-09-09 07:03:51,2026-09-10 10:10:41,,1,0,47.85,1914
8624,1992,2,,,40,0,47.95,1918,,0,0,,0,0,1918,,2026-09-09 07:03:51,2026-09-10 10:10:41,,1,0,47.85,1914
8625,1993,1,,,10,0,47.95,479.5,,0,0,,0,0,479.5,,2026-09-09 07:06:19,2026-09-10 10:10:42,,1,0,47.85,478.5
8626,1993,2,,,10,0,47.95,479.5,,0,0,,0,0,479.5,,2026-09-09 07:06:19,2026-09-10 10:10:42,,1,0,47.85,478.5
8627,1994,1,,,110,0,47.95,5274.5,,0,0,,0,0,5274.5,,2026-09-09 07:07:31,2026-09-10 10:10:43,,1,0,47.85,5263.5
8628,1994,3,,,10,0,47.95,479.5,,0,0,,0,0,479.5,,2026-09-09 07:07:31,2026-09-10 10:10:43,,1,0,47.85,478.5
8629,1994,4,,,20,0,47.95,959,,0,0,,0,0,959,,2026-09-09 07:07:31,2026-09-10 10:10:43,,1,0,47.85,957
8630,1994,2,,,60,0,47.95,2877,,0,0,,0,0,2877,,2026-09-09 07:07:31,2026-09-10 10:10:43,,1,0,47.85,2871
8631,1995,2,,,470,0,47.95,22536.5,,0,0,,0,0,22536.5,,2026-09-09 07:08:45,2026-09-10 10:10:44,,1,0,47.85,22489.5
8632,1995,4,,,30,0,47.95,1438.5,,0,0,,0,0,1438.5,,2026-09-09 07:08:45,2026-09-10 10:10:44,,1,0,47.85,1435.5
8633,1996,1,,,300,0,47.95,14385,,0,0,,0,0,14385,,2026-09-09 07:09:35,2026-09-10 10:10:45,,1,0,47.85,14355
8634,1996,2,,,120,0,47.95,5754,,0,0,,0,0,5754,,2026-09-09 07:09:35,2026-09-10 10:10:45,,1,0,47.85,5742
8635,1996,3,,,30,0,47.95,1438.5,,0,0,,0,0,1438.5,,2026-09-09 07:09:35,2026-09-10 10:10:45,,1,0,47.85,1435.5
8636,1996,4,,,50,0,47.95,2397.5,,0,0,,0,0,2397.5,,2026-09-09 07:09:35,2026-09-10 10:10:45,,1,0,47.85,2392.5
8792,1997,1,,,300,0,47.95,14385,,0,0,,0,0,14385,,2026-09-09 07:17:49,2026-09-10 10:10:45,,1,0,47.85,14355
8793,1997,2,,,100,0,47.95,4795,,0,0,,0,0,4795,,2026-09-09 07:17:49,2026-09-10 10:10:45,,1,0,47.85,4785
8794,1997,3,,,40,0,47.95,1918,,0,0,,0,0,1918,,2026-09-09 07:17:49,2026-09-10 10:10:45,,1,0,47.85,1914
8795,1997,4,,,60,0,47.95,2877,,0,0,,0,0,2877,,2026-09-09 07:17:49,2026-09-10 10:10:45,,1,0,47.85,2871
8919,1998,3,,,10,0,47.95,479.5,,0,0,,0,0,479.5,,2026-09-09 07:18:26,2026-09-10 06:58:02,,1,0,47.85,478.5
8920,1998,4,,,20,0,47.95,959,,0,0,,0,0,959,,2026-09-09 07:18:26,2026-09-10 06:58:02,,1,0,47.85,957
8921,1998,1,,,120,0,47.95,5754,,0,0,,0,0,5754,,2026-09-09 07:18:26,2026-09-10 06:58:02,,1,0,47.85,5742
8922,1998,2,,,40,0,47.95,1918,,0,0,,0,0,1918,,2026-09-09 07:18:26,2026-09-10 06:58:02,,1,0,47.85,1914
8923,1999,3,,,10,0,47.95,479.5,,0,0,,0,0,479.5,,2026-09-09 07:18:26,2026-09-10 06:58:02,,1,0,47.85,478.5
8924,1999,4,,,20,0,47.95,959,,0,0,,0,0,959,,2026-09-09 07:18:26,2026-09-10 06:58:02,,1,0,47.85,957
8925,1999,1,,,100,0,47.95,4795,,0,0,,0,0,4795,,2026-09-09 07:18:26,2026-09-10 06:58:02,,1,0,47.85,4785
8926,1999,2,,,70,0,47.95,3356.5,,0,0,,0,0,3356.5,,2026-09-09 07:18:26,2026-09-10 06:58:02,,1,0,47.85,3349.5
8927,2000,1,,,50,0,47.95,2397.5,,0,0,,0,0,2397.5,,2026-09-09 07:18:27,2026-09-10 06:58:03,,1,0,47.85,2392.5
8928,2000,2,,,40,0,47.95,1918,,0,0,,0,0,1918,,2026-09-09 07:18:27,2026-09-10 06:58:03,,1,0,47.85,1914
8929,2000,4,,,10,0,47.95,479.5,,0,0,,0,0,479.5,,2026-09-09 07:18:27,2026-09-10 06:58:03,,1,0,47.85,478.5
8934,2001,3,,,20,0,47.95,959,,0,0,,0,0,959,,2026-09-09 07:18:33,2026-09-10 06:58:04,,1,0,47.85,957
8935,2001,4,,,40,0,47.95,1918,,0,0,,0,0,1918,,2026-09-09 07:18:33,2026-09-10 06:58:04,,1,0,47.85,1914
8936,2001,1,,,220,0,47.95,10549,,0,0,,0,0,10549,,2026-09-09 07:18:33,2026-09-10 06:58:04,,1,0,47.85,10527
8937,2001,2,,,220,0,47.95,10549,,0,0,,0,0,10549,,2026-09-09 07:18:33,2026-09-10 06:58:04,,1,0,47.85,10527
8938,2002,1,,,50,0,47.95,2397.5,,0,0,,0,0,2397.5,,2026-09-09 07:18:50,2026-09-10 10:10:46,,1,0,47.85,2392.5
8939,2002,2,,,20,0,47.95,959,,0,0,,0,0,959,,2026-09-09 07:18:50,2026-09-10 10:10:46,,1,0,47.85,957
8940,2002,3,,,10,0,47.95,479.5,,0,0,,0,0,479.5,,2026-09-09 07:18:50,2026-09-10 10:10:46,,1,0,47.85,478.5
8941,2002,4,,,20,0,47.95,959,,0,0,,0,0,959,,2026-09-09 07:18:50,2026-09-10 10:10:46,,1,0,47.85,957
8942,2003,4,,,10,0,47.95,479.5,,0,0,,0,0,479.5,,2026-09-09 07:20:08,2026-09-10 10:10:47,,1,0,47.85,478.5
8943,2003,1,,,60,0,47.95,2877,,0,0,,0,0,2877,,2026-09-09 07:20:08,2026-09-10 10:10:47,,1,0,47.85,2871
8944,2003,2,,,60,0,47.95,2877,,0,0,,0,0,2877,,2026-09-09 07:20:08,2026-09-10 10:10:47,,1,0,47.85,2871
8945,2004,1,,,20,0,47.95,959,,0,0,,0,0,959,,2026-09-09 07:22:14,2026-09-10 10:10:48,,1,0,47.85,957
8946,2004,2,,,10,0,47.95,479.5,,0,0,,0,0,479.5,,2026-09-09 07:22:14,2026-09-10 10:10:48,,1,0,47.85,478.5
8947,2005,3,,,10,0,47.95,479.5,,0,0,,0,0,479.5,,2026-09-09 07:24:14,2026-09-10 06:58:05,,1,0,47.85,478.5
8948,2005,4,,,20,0,47.95,959,,0,0,,0,0,959,,2026-09-09 07:24:14,2026-09-10 06:58:05,,1,0,47.85,957
8949,2005,1,,,70,0,47.95,3356.5,,0,0,,0,0,3356.5,,2026-09-09 07:24:14,2026-09-10 06:58:05,,1,0,47.85,3349.5
8950,2005,2,,,100,0,47.95,4795,,0,0,,0,0,4795,,2026-09-09 07:24:14,2026-09-10 06:58:05,,1,0,47.85,4785
8951,2006,1,,,70,0,47.95,3356.5,,0,0,,0,0,3356.5,,2026-09-09 07:25:26,2026-09-10 06:58:05,,1,0,47.85,3349.5
8952,2006,3,,,10,0,47.95,479.5,,0,0,,0,0,479.5,,2026-09-09 07:25:26,2026-09-10 06:58:05,,1,0,47.85,478.5
8953,2006,4,,,20,0,47.95,959,,0,0,,0,0,959,,2026-09-09 07:25:26,2026-09-10 06:58:05,,1,0,47.85,957
8954,2006,2,,,50,0,47.95,2397.5,,0,0,,0,0,2397.5,,2026-09-09 07:25:26,2026-09-10 06:58:05,,1,0,47.85,2392.5
8955,2007,1,,,50,0,47.95,2397.5,,0,0,,0,0,2397.5,,2026-09-09 07:26:11,2026-09-10 06:58:07,,1,0,47.85,2392.5
8956,2007,2,,,40,0,47.95,1918,,0,0,,0,0,1918,,2026-09-09 07:26:11,2026-09-10 06:58:07,,1,0,47.85,1914
8957,2007,4,,,10,0,47.95,479.5,,0,0,,0,0,479.5,,2026-09-09 07:26:11,2026-09-10 06:58:07,,1,0,47.85,478.5
8958,2008,1,,,70,0,47.95,3356.5,,0,0,,0,0,3356.5,,2026-09-09 07:27:21,2026-09-10 06:58:08,,1,0,47.85,3349.5
8959,2008,3,,,10,0,47.95,479.5,,0,0,,0,0,479.5,,2026-09-09 07:27:21,2026-09-10 06:58:08,,1,0,47.85,478.5
8960,2008,4,,,20,0,47.95,959,,0,0,,0,0,959,,2026-09-09 07:27:21,2026-09-10 06:58:08,,1,0,47.85,957
8961,2008,2,,,100,0,47.95,4795,,0,0,,0,0,4795,,2026-09-09 07:27:21,2026-09-10 06:58:08,,1,0,47.85,4785
8962,2009,1,,,500,0,47.95,23975,,0,0,,0,0,23975,,2026-09-09 07:28:59,2026-09-10 10:10:48,,1,0,47.85,23925
8963,2009,2,,,50,0,47.95,2397.5,,0,0,,0,0,2397.5,,2026-09-09 07:28:59,2026-09-10 10:10:48,,1,0,47.85,2392.5
8964,2009,3,,,30,0,47.95,1438.5,,0,0,,0,0,1438.5,,2026-09-09 07:28:59,2026-09-10 10:10:48,,1,0,47.85,1435.5
8965,2009,4,,,70,0,47.95,3356.5,,0,0,,0,0,3356.5,,2026-09-09 07:28:59,2026-09-10 10:10:48,,1,0,47.85,3349.5
8966,2010,1,,,70,0,47.95,3356.5,,0,0,,0,0,3356.5,,2026-09-09 07:29:45,2026-09-10 06:58:09,,1,0,47.85,3349.5
8967,2010,3,,,10,0,47.95,479.5,,0,0,,0,0,479.5,,2026-09-09 07:29:45,2026-09-10 06:58:09,,1,0,47.85,478.5
8968,2010,4,,,20,0,47.95,959,,0,0,,0,0,959,,2026-09-09 07:29:45,2026-09-10 06:58:09,,1,0,47.85,957
8969,2010,2,,,50,0,47.95,2397.5,,0,0,,0,0,2397.5,,2026-09-09 07:29:45,2026-09-10 06:58:09,,1,0,47.85,2392.5
8970,2011,3,,,10,0,47.95,479.5,,0,0,,0,0,479.5,,2026-09-09 07:31:08,2026-09-10 06:58:09,,1,0,47.85,478.5
8971,2011,4,,,20,0,47.95,959,,0,0,,0,0,959,,2026-09-09 07:31:08,2026-09-10 06:58:09,,1,0,47.85,957
8972,2011,1,,,170,0,47.95,8151.5,,0,0,,0,0,8151.5,,2026-09-09 07:31:08,2026-09-10 06:58:09,,1,0,47.85,8134.5
8973,2012,1,,,100,0,47.95,4795,,0,0,,0,0,4795,,2026-09-09 07:32:25,2026-09-10 10:10:49,,1,0,47.85,4785
8974,2012,2,,,170,0,47.95,8151.5,,0,0,,0,0,8151.5,,2026-09-09 07:32:25,2026-09-10 10:10:49,,1,0,47.85,8134.5
8975,2012,4,,,30,0,47.95,1438.5,,0,0,,0,0,1438.5,,2026-09-09 07:32:25,2026-09-10 10:10:49,,1,0,47.85,1435.5
8976,2013,1,,,500,0,47.95,23975,,0,0,,0,0,23975,,2026-09-09 07:38:01,2026-09-10 06:58:10,,1,0,47.85,23925
8977,2013,2,,,400,0,47.95,19180,,0,0,,0,0,19180,,2026-09-09 07:38:01,2026-09-10 06:58:10,,1,0,47.85,19140
8978,2013,3,,,50,0,47.95,2397.5,,0,0,,0,0,2397.5,,2026-09-09 07:38:01,2026-09-10 06:58:10,,1,0,47.85,2392.5
8979,2013,4,,,50,0,47.95,2397.5,,0,0,,0,0,2397.5,,2026-09-09 07:38:01,2026-09-10 06:58:10,,1,0,47.85,2392.5
8980,2014,1,,,300,0,47.95,14385,,0,0,,0,0,14385,,2026-09-09 07:46:59,2026-09-10 10:10:50,,1,0,47.85,14355
8981,2014,2,,,100,0,47.95,4795,,0,0,,0,0,4795,,2026-09-09 07:46:59,2026-09-10 10:10:50,,1,0,47.85,4785
8982,2014,3,,,30,0,47.95,1438.5,,0,0,,0,0,1438.5,,2026-09-09 07:46:59,2026-09-10 10:10:50,,1,0,47.85,1435.5
8983,2014,4,,,70,0,47.95,3356.5,,0,0,,0,0,3356.5,,2026-09-09 07:46:59,2026-09-10 10:10:50,,1,0,47.85,3349.5
8984,2015,1,,,30,0,47.95,1438.5,,0,0,,0,0,1438.5,,2026-09-09 07:47:37,2026-09-10 06:58:11,,1,0,47.85,1435.5
8985,2015,2,,,60,0,47.95,2877,,0,0,,0,0,2877,,2026-09-09 07:47:37,2026-09-10 06:58:11,,1,0,47.85,2871
8986,2015,4,,,10,0,47.95,479.5,,0,0,,0,0,479.5,,2026-09-09 07:47:37,2026-09-10 06:58:11,,1,0,47.85,478.5
8987,2016,3,,,20,0,47.95,959,,0,0,,0,0,959,,2026-09-09 07:48:32,2026-09-10 10:10:51,,1,0,47.85,957
8988,2016,4,,,20,0,47.95,959,,0,0,,0,0,959,,2026-09-09 07:48:32,2026-09-10 10:10:51,,1,0,47.85,957
8989,2016,1,,,200,0,47.95,9590,,0,0,,0,0,9590,,2026-09-09 07:48:32,2026-09-10 10:10:51,,1,0,47.85,9570
8990,2016,2,,,160,0,47.95,7672,,0,0,,0,0,7672,,2026-09-09 07:48:32,2026-09-10 10:10:51,,1,0,47.85,7656
8991,2017,1,,,500,0,47.95,23975,,0,0,,0,0,23975,,2026-09-09 08:01:11,2026-09-10 06:58:12,,1,0,47.85,23925
8992,2017,2,,,500,0,47.95,23975,,0,0,,0,0,23975,,2026-09-09 08:01:11,2026-09-10 06:58:12,,1,0,47.85,23925
8993,2017,3,,,120,0,47.95,5754,,0,0,,0,0,5754,,2026-09-09 08:01:11,2026-09-10 06:58:12,,1,0,47.85,5742
8994,2017,4,,,30,0,47.95,1438.5,,0,0,,0,0,1438.5,,2026-09-09 08:01:11,2026-09-10 06:58:12,,1,0,47.85,1435.5
8995,2018,1,,,150,0,47.95,7192.5,,0,0,,0,0,7192.5,,2026-09-09 08:01:53,2026-09-10 10:10:51,,1,0,47.85,7177.5
8996,2018,2,,,70,0,47.95,3356.5,,0,0,,0,0,3356.5,,2026-09-09 08:01:53,2026-09-10 10:10:51,,1,0,47.85,3349.5
8997,2018,3,,,10,0,47.95,479.5,,0,0,,0,0,479.5,,2026-09-09 08:01:53,2026-09-10 10:10:51,,1,0,47.85,478.5
8998,2018,4,,,20,0,47.95,959,,0,0,,0,0,959,,2026-09-09 08:01:53,2026-09-10 10:10:51,,1,0,47.85,957
8999,2019,1,,,1500,0,47.95,71925,,0,0,,0,0,71925,,2026-09-09 08:14:56,2026-09-10 10:10:52,,1,0,47.85,71775
9000,2019,2,,,500,0,47.95,23975,,0,0,,0,0,23975,,2026-09-09 08:14:56,2026-09-10 10:10:52,,1,0,47.85,23925
9001,2019,3,,,200,0,47.95,9590,,0,0,,0,0,9590,,2026-09-09 08:14:56,2026-09-10 10:10:52,,1,0,47.85,9570
9002,2019,4,,,300,0,47.95,14385,,0,0,,0,0,14385,,2026-09-09 08:14:56,2026-09-10 10:10:52,,1,0,47.85,14355
9003,2020,3,,,100,0,47.95,4795,,0,0,,0,0,4795,,2026-09-09 08:30:29,2026-09-09 08:41:03,2026-09-09 08:41:03,1,0,47.85,4785
9004,2020,4,,,150,0,47.95,7192.5,,0,0,,0,0,7192.5,,2026-09-09 08:30:29,2026-09-09 08:41:03,2026-09-09 08:41:03,1,0,47.85,7177.5
9005,2020,1,,,350,0,47.95,16782.5,,0,0,,0,0,16782.5,,2026-09-09 08:30:29,2026-09-09 08:41:03,2026-09-09 08:41:03,1,0,47.85,16747.5
9006,2020,2,,,400,0,47.95,19180,,0,0,,0,0,19180,,2026-09-09 08:30:29,2026-09-09 08:41:03,2026-09-09 08:41:03,1,0,47.85,19140
9007,2021,1,,,220,0,47.95,10549,,0,0,,0,0,10549,,2026-09-09 08:31:31,2026-09-10 06:58:13,,1,0,47.85,10527
9008,2021,3,,,20,0,47.95,959,,0,0,,0,0,959,,2026-09-09 08:31:31,2026-09-10 06:58:13,,1,0,47.85,957
9009,2021,4,,,40,0,47.95,1918,,0,0,,0,0,1918,,2026-09-09 08:31:31,2026-09-10 06:58:13,,1,0,47.85,1914
9010,2021,2,,,220,0,47.95,10549,,0,0,,0,0,10549,,2026-09-09 08:31:31,2026-09-10 06:58:13,,1,0,47.85,10527
9011,2022,3,,,20,0,47.95,959,,0,0,,0,0,959,,2026-09-09 08:32:06,2026-09-09 08:36:35,2026-09-09 08:36:35,1,0,47.85,957
9012,2022,4,,,40,0,47.95,1918,,0,0,,0,0,1918,,2026-09-09 08:32:06,2026-09-09 08:36:35,2026-09-09 08:36:35,1,0,47.85,1914
9013,2022,1,,,300,0,47.95,14385,,0,0,,0,0,14385,,2026-09-09 08:32:06,2026-09-09 08:36:35,2026-09-09 08:36:35,1,0,47.85,14355
9014,2022,2,,,140,0,47.95,6713,,0,0,,0,0,6713,,2026-09-09 08:32:06,2026-09-09 08:36:35,2026-09-09 08:36:35,1,0,47.85,6699
9015,2023,3,,,10,0,47.95,479.5,,0,0,,0,0,479.5,,2026-09-09 08:32:33,2026-09-10 06:58:13,,1,0,47.85,478.5
9016,2023,4,,,20,0,47.95,959,,0,0,,0,0,959,,2026-09-09 08:32:33,2026-09-10 06:58:13,,1,0,47.85,957
9017,2023,1,,,100,0,47.95,4795,,0,0,,0,0,4795,,2026-09-09 08:32:33,2026-09-10 06:58:13,,1,0,47.85,4785
9018,2023,2,,,70,0,47.95,3356.5,,0,0,,0,0,3356.5,,2026-09-09 08:32:33,2026-09-10 06:58:13,,1,0,47.85,3349.5
9019,2024,1,,,250,0,47.95,11987.5,,0,0,,0,0,11987.5,,2026-09-09 08:35:16,2026-09-10 10:10:53,,1,0,47.85,11962.5
9020,2024,2,,,150,0,47.95,7192.5,,0,0,,0,0,7192.5,,2026-09-09 08:35:16,2026-09-10 10:10:53,,1,0,47.85,7177.5
9021,2024,3,,,50,0,47.95,2397.5,,0,0,,0,0,2397.5,,2026-09-09 08:35:16,2026-09-10 10:10:53,,1,0,47.85,2392.5
9022,2024,4,,,50,0,47.95,2397.5,,0,0,,0,0,2397.5,,2026-09-09 08:35:16,2026-09-10 10:10:53,,1,0,47.85,2392.5
9023,2025,3,,,250,0,47.95,11987.5,,0,0,,0,0,11987.5,,2026-09-09 08:36:13,2026-09-10 06:58:14,,1,0,47.85,11962.5
9024,2025,4,,,250,0,47.95,11987.5,,0,0,,0,0,11987.5,,2026-09-09 08:36:13,2026-09-10 06:58:14,,1,0,47.85,11962.5
9025,2025,1,,,2000,0,47.95,95900,,0,0,,0,0,95900,,2026-09-09 08:36:13,2026-09-10 06:58:14,,1,0,47.85,95700
9026,2025,2,,,1500,0,47.95,71925,,0,0,,0,0,71925,,2026-09-09 08:36:13,2026-09-10 06:58:14,,1,0,47.85,71775
9027,2022,3,,,20,0,47.95,959,,0,0,,0,0,959,,2026-09-09 08:36:35,2026-09-10 06:58:15,,1,0,47.85,957
9028,2022,4,,,40,0,47.95,1918,,0,0,,0,0,1918,,2026-09-09 08:36:35,2026-09-10 06:58:15,,1,0,47.85,1914
9029,2022,1,,,140,0,47.95,6713,,0,0,,0,0,6713,,2026-09-09 08:36:35,2026-09-10 06:58:15,,1,0,47.85,6699
9030,2022,2,,,300,0,47.95,14385,,0,0,,0,0,14385,,2026-09-09 08:36:35,2026-09-10 06:58:15,,1,0,47.85,14355
9031,2026,1,,,300,0,47.95,14385,,0,0,,0,0,14385,,2026-09-09 08:37:20,2026-09-10 06:58:15,,1,0,47.85,14355
9032,2026,2,,,140,0,47.95,6713,,0,0,,0,0,6713,,2026-09-09 08:37:20,2026-09-10 06:58:15,,1,0,47.85,6699
9033,2026,3,,,20,0,47.95,959,,0,0,,0,0,959,,2026-09-09 08:37:20,2026-09-10 06:58:15,,1,0,47.85,957
9034,2026,4,,,40,0,47.95,1918,,0,0,,0,0,1918,,2026-09-09 08:37:20,2026-09-10 06:58:15,,1,0,47.85,1914
9035,2027,1,,,1500,0,47.95,71925,,0,0,,0,0,71925,,2026-09-09 08:38:48,2026-09-10 06:58:16,,1,0,47.85,71775
9036,2027,2,,,1400,0,47.95,67130,,0,0,,0,0,67130,,2026-09-09 08:38:48,2026-09-10 06:58:16,,1,0,47.85,66990
9037,2027,4,,,100,0,47.95,4795,,0,0,,0,0,4795,,2026-09-09 08:38:48,2026-09-10 06:58:16,,1,0,47.85,4785
9038,2020,3,,,30,0,47.95,1438.5,,0,0,,0,0,1438.5,,2026-09-09 08:41:03,2026-09-10 06:58:17,,1,0,47.85,1435.5
9039,2020,4,,,30,0,47.95,1438.5,,0,0,,0,0,1438.5,,2026-09-09 08:41:03,2026-09-10 06:58:17,,1,0,47.85,1435.5
9040,2020,1,,,130,0,47.95,6233.5,,0,0,,0,0,6233.5,,2026-09-09 08:41:03,2026-09-10 06:58:17,,1,0,47.85,6220.5
9041,2020,2,,,140,0,47.95,6713,,0,0,,0,0,6713,,2026-09-09 08:41:03,2026-09-10 06:58:17,,1,0,47.85,6699
9042,2028,1,,,130,0,47.95,6233.5,,0,0,,0,0,6233.5,,2026-09-09 08:41:44,2026-09-10 06:58:18,,1,0,47.85,6220.5
9043,2028,2,,,140,0,47.95,6713,,0,0,,0,0,6713,,2026-09-09 08:41:44,2026-09-10 06:58:18,,1,0,47.85,6699
9044,2028,3,,,30,0,47.95,1438.5,,0,0,,0,0,1438.5,,2026-09-09 08:41:44,2026-09-10 06:58:18,,1,0,47.85,1435.5
9045,2028,4,,,30,0,47.95,1438.5,,0,0,,0,0,1438.5,,2026-09-09 08:41:44,2026-09-10 06:58:18,,1,0,47.85,1435.5
9046,2029,1,,,90,0,47.95,4315.5,,0,0,,0,0,4315.5,,2026-09-09 08:43:58,2026-09-10 06:58:19,,1,0,47.85,4306.5
9047,2029,2,,,120,0,47.95,5754,,0,0,,0,0,5754,,2026-09-09 08:43:58,2026-09-10 06:58:19,,1,0,47.85,5742
9048,2029,3,,,40,0,47.95,1918,,0,0,,0,0,1918,,2026-09-09 08:43:58,2026-09-10 06:58:19,,1,0,47.85,1914
9049,2029,4,,,90,0,47.95,4315.5,,0,0,,0,0,4315.5,,2026-09-09 08:43:58,2026-09-10 06:58:19,,1,0,47.85,4306.5
9050,2030,3,,,30,0,47.95,1438.5,,0,0,,0,0,1438.5,,2026-09-09 08:44:56,2026-09-10 10:10:53,,1,0,47.85,1435.5
9051,2030,4,,,70,0,47.95,3356.5,,0,0,,0,0,3356.5,,2026-09-09 08:44:56,2026-09-10 10:10:53,,1,0,47.85,3349.5
9052,2030,1,,,200,0,47.95,9590,,0,0,,0,0,9590,,2026-09-09 08:44:56,2026-09-10 10:10:53,,1,0,47.85,9570
9053,2030,2,,,200,0,47.95,9590,,0,0,,0,0,9590,,2026-09-09 08:44:56,2026-09-10 10:10:53,,1,0,47.85,9570
9054,2031,2,,,40,0,47.95,1918,,0,0,,0,0,1918,,2026-09-09 08:45:27,2026-09-10 06:58:20,,1,0,47.85,1914
9055,2031,3,,,10,0,47.95,479.5,,0,0,,0,0,479.5,,2026-09-09 08:45:27,2026-09-10 06:58:20,,1,0,47.85,478.5
9056,2031,4,,,10,0,47.95,479.5,,0,0,,0,0,479.5,,2026-09-09 08:45:27,2026-09-10 06:58:20,,1,0,47.85,478.5
9057,2031,1,,,20,0,47.95,959,,0,0,,0,0,959,,2026-09-09 08:45:27,2026-09-10 06:58:20,,1,0,47.85,957
9058,2032,1,,,20,0,47.95,959,,0,0,,0,0,959,,2026-09-09 08:45:59,2026-09-10 06:58:20,,1,0,47.85,957
9059,2032,2,,,40,0,47.95,1918,,0,0,,0,0,1918,,2026-09-09 08:45:59,2026-09-10 06:58:20,,1,0,47.85,1914
9060,2032,4,,,10,0,47.95,479.5,,0,0,,0,0,479.5,,2026-09-09 08:45:59,2026-09-10 06:58:20,,1,0,47.85,478.5
9061,2033,1,,,500,0,47.95,23975,,0,0,,0,0,23975,,2026-09-09 08:46:36,2026-09-10 10:10:54,,1,0,47.85,23925
9062,2033,2,,,300,0,47.95,14385,,0,0,,0,0,14385,,2026-09-09 08:46:36,2026-09-10 10:10:54,,1,0,47.85,14355
9063,2033,3,,,70,0,47.95,3356.5,,0,0,,0,0,3356.5,,2026-09-09 08:46:36,2026-09-10 10:10:54,,1,0,47.85,3349.5
9064,2033,4,,,130,0,47.95,6233.5,,0,0,,0,0,6233.5,,2026-09-09 08:46:36,2026-09-10 10:10:54,,1,0,47.85,6220.5
9065,2034,1,,,240,0,47.95,11508,,0,0,,0,0,11508,,2026-09-09 08:48:58,2026-09-10 06:58:21,,1,0,47.85,11484
9066,2034,3,,,20,0,47.95,959,,0,0,,0,0,959,,2026-09-09 08:48:58,2026-09-10 06:58:21,,1,0,47.85,957
9067,2034,4,,,40,0,47.95,1918,,0,0,,0,0,1918,,2026-09-09 08:48:58,2026-09-10 06:58:21,,1,0,47.85,1914
9068,2034,2,,,200,0,47.95,9590,,0,0,,0,0,9590,,2026-09-09 08:48:58,2026-09-10 06:58:21,,1,0,47.85,9570
9069,2035,1,,,150,0,47.95,7192.5,,0,0,,0,0,7192.5,,2026-09-09 08:51:43,2026-09-10 10:10:55,,1,0,47.85,7177.5
9070,2035,2,,,30,0,47.95,1438.5,,0,0,,0,0,1438.5,,2026-09-09 08:51:43,2026-09-10 10:10:55,,1,0,47.85,1435.5
9071,2035,4,,,20,0,47.95,959,,0,0,,0,0,959,,2026-09-09 08:51:43,2026-09-10 10:10:55,,1,0,47.85,957
9072,2036,1,,,150,0,47.95,7192.5,,0,0,,0,0,7192.5,,2026-09-09 08:54:20,2026-09-09 09:07:22,2026-09-09 09:07:22,1,0,47.85,7177.5
9073,2036,2,,,100,0,47.95,4795,,0,0,,0,0,4795,,2026-09-09 08:54:20,2026-09-09 09:07:22,2026-09-09 09:07:22,1,0,47.85,4785
9074,2036,4,,,20,0,47.95,959,,0,0,,0,0,959,,2026-09-09 08:54:20,2026-09-09 09:07:22,2026-09-09 09:07:22,1,0,47.85,957
9075,2036,3,,,10,0,47.95,479.5,,0,0,,0,0,479.5,,2026-09-09 08:54:20,2026-09-09 09:07:22,2026-09-09 09:07:22,1,0,47.85,478.5
9076,2037,1,,,40,0,47.95,1918,,0,0,,0,0,1918,,2026-09-09 08:55:49,2026-09-10 10:10:56,,1,0,47.85,1914
9077,2037,2,,,30,0,47.95,1438.5,,0,0,,0,0,1438.5,,2026-09-09 08:55:49,2026-09-10 10:10:56,,1,0,47.85,1435.5
9078,2037,3,,,10,0,47.95,479.5,,0,0,,0,0,479.5,,2026-09-09 08:55:49,2026-09-10 10:10:56,,1,0,47.85,478.5
9079,2037,4,,,20,0,47.95,959,,0,0,,0,0,959,,2026-09-09 08:55:49,2026-09-10 10:10:56,,1,0,47.85,957
9080,2038,1,,,200,0,47.95,9590,,0,0,,0,0,9590,,2026-09-09 08:56:14,2026-09-10 06:58:22,,1,0,47.85,9570
9081,2038,2,,,220,0,47.95,10549,,0,0,,0,0,10549,,2026-09-09 08:56:14,2026-09-10 06:58:22,,1,0,47.85,10527
9082,2038,3,,,30,0,47.95,1438.5,,0,0,,0,0,1438.5,,2026-09-09 08:56:14,2026-09-10 06:58:22,,1,0,47.85,1435.5
9083,2038,4,,,50,0,47.95,2397.5,,0,0,,0,0,2397.5,,2026-09-09 08:56:14,2026-09-10 06:58:22,,1,0,47.85,2392.5
9084,2039,1,,,10,0,47.95,479.5,,0,0,,0,0,479.5,,2026-09-09 08:57:13,2026-09-10 10:10:56,,1,0,47.85,478.5
9085,2039,2,,,10,0,47.95,479.5,,0,0,,0,0,479.5,,2026-09-09 08:57:13,2026-09-10 10:10:56,,1,0,47.85,478.5
9086,2039,4,,,10,0,47.95,479.5,,0,0,,0,0,479.5,,2026-09-09 08:57:13,2026-09-10 10:10:56,,1,0,47.85,478.5
9087,2040,4,,,20,0,47.95,959,,0,0,,0,0,959,,2026-09-09 08:57:31,2026-09-10 06:58:23,,1,0,47.85,957
9088,2040,2,,,240,0,47.95,11508,,0,0,,0,0,11508,,2026-09-09 08:57:31,2026-09-10 06:58:23,,1,0,47.85,11484
9089,2040,1,,,200,0,47.95,9590,,0,0,,0,0,9590,,2026-09-09 08:57:31,2026-09-10 06:58:23,,1,0,47.85,9570
9090,2041,3,,,20,0,47.95,959,,0,0,,0,0,959,,2026-09-09 08:58:39,2026-09-10 10:10:57,,1,0,47.85,957
9091,2041,4,,,40,0,47.95,1918,,0,0,,0,0,1918,,2026-09-09 08:58:39,2026-09-10 10:10:57,,1,0,47.85,1914
9092,2041,2,,,40,0,47.95,1918,,0,0,,0,0,1918,,2026-09-09 08:58:39,2026-09-10 10:10:57,,1,0,47.85,1914
9093,2041,1,,,100,0,47.95,4795,,0,0,,0,0,4795,,2026-09-09 08:58:39,2026-09-10 10:10:57,,1,0,47.85,4785
9094,2042,3,,,70,0,47.95,3356.5,,0,0,,0,0,3356.5,,2026-09-09 08:59:05,2026-09-10 06:58:23,,1,0,47.85,3349.5
9095,2042,2,,,600,0,47.95,28770,,0,0,,0,0,28770,,2026-09-09 08:59:05,2026-09-10 06:58:23,,1,0,47.85,28710
9096,2042,4,,,30,0,47.95,1438.5,,0,0,,0,0,1438.5,,2026-09-09 08:59:05,2026-09-10 06:58:23,,1,0,47.85,1435.5
9097,2042,1,,,400,0,47.95,19180,,0,0,,0,0,19180,,2026-09-09 08:59:05,2026-09-10 06:58:23,,1,0,47.85,19140
9098,2043,1,,,50,0,47.95,2397.5,,0,0,,0,0,2397.5,,2026-09-09 09:06:16,2026-09-10 10:10:58,,1,0,47.85,2392.5
9099,2043,2,,,20,0,47.95,959,,0,0,,0,0,959,,2026-09-09 09:06:16,2026-09-10 10:10:58,,1,0,47.85,957
9100,2043,3,,,10,0,47.95,479.5,,0,0,,0,0,479.5,,2026-09-09 09:06:16,2026-09-10 10:10:58,,1,0,47.85,478.5
9101,2043,4,,,20,0,47.95,959,,0,0,,0,0,959,,2026-09-09 09:06:16,2026-09-10 10:10:58,,1,0,47.85,957
9102,2044,3,,,20,0,47.95,959,,0,0,,0,0,959,,2026-09-09 09:06:32,2026-09-10 06:58:24,,1,0,47.85,957
9103,2044,4,,,30,0,47.95,1438.5,,0,0,,0,0,1438.5,,2026-09-09 09:06:32,2026-09-10 06:58:24,,1,0,47.85,1435.5
9104,2044,1,,,80,0,47.95,3836,,0,0,,0,0,3836,,2026-09-09 09:06:32,2026-09-10 06:58:24,,1,0,47.85,3828
9105,2044,2,,,70,0,47.95,3356.5,,0,0,,0,0,3356.5,,2026-09-09 09:06:32,2026-09-10 06:58:24,,1,0,47.85,3349.5
9106,2036,1,,,200,0,47.95,9590,,0,0,,0,0,9590,,2026-09-09 09:07:22,2026-09-10 10:10:59,,1,0,47.85,9570
9107,2036,2,,,100,0,47.95,4795,,0,0,,0,0,4795,,2026-09-09 09:07:22,2026-09-10 10:10:59,,1,0,47.85,4785
9108,2036,4,,,20,0,47.95,959,,0,0,,0,0,959,,2026-09-09 09:07:22,2026-09-10 10:10:59,,1,0,47.85,957
9109,2036,3,,,10,0,47.95,479.5,,0,0,,0,0,479.5,,2026-09-09 09:07:22,2026-09-10 10:10:59,,1,0,47.85,478.5
9110,2045,3,,,10,0,47.95,479.5,,0,0,,0,0,479.5,,2026-09-09 09:09:38,2026-09-10 10:10:59,,1,0,47.85,478.5
9111,2045,4,,,20,0,47.95,959,,0,0,,0,0,959,,2026-09-09 09:09:38,2026-09-10 10:10:59,,1,0,47.85,957
9112,2045,1,,,60,0,47.95,2877,,0,0,,0,0,2877,,2026-09-09 09:09:38,2026-09-10 10:10:59,,1,0,47.85,2871
9113,2045,2,,,60,0,47.95,2877,,0,0,,0,0,2877,,2026-09-09 09:09:38,2026-09-10 10:10:59,,1,0,47.85,2871
9114,2046,3,,,50,0,47.95,2397.5,,0,0,,0,0,2397.5,,2026-09-09 09:10:11,2026-09-10 06:58:25,,1,0,47.85,2392.5
9115,2046,4,,,70,0,47.95,3356.5,,0,0,,0,0,3356.5,,2026-09-09 09:10:11,2026-09-10 06:58:25,,1,0,47.85,3349.5
9116,2046,2,,,380,0,47.95,18221,,0,0,,0,0,18221,,2026-09-09 09:10:11,2026-09-10 06:58:25,,1,0,47.85,18183
9117,2046,1,,,500,0,47.95,23975,,0,0,,0,0,23975,,2026-09-09 09:10:11,2026-09-10 06:58:25,,1,0,47.85,23925
9118,2047,3,,,10,0,47.95,479.5,,0,0,,0,0,479.5,,2026-09-09 09:11:22,2026-09-10 06:58:26,,1,0,47.85,478.5
9119,2047,4,,,20,0,47.95,959,,0,0,,0,0,959,,2026-09-09 09:11:22,2026-09-10 06:58:26,,1,0,47.85,957
9120,2047,1,,,200,0,47.95,9590,,0,0,,0,0,9590,,2026-09-09 09:11:22,2026-09-10 06:58:26,,1,0,47.85,9570
9121,2047,2,,,270,0,47.95,12946.5,,0,0,,0,0,12946.5,,2026-09-09 09:11:22,2026-09-10 06:58:26,,1,0,47.85,12919.5
9122,2048,4,,,30,0,47.95,1438.5,,0,0,,0,0,1438.5,,2026-09-09 09:12:25,2026-09-10 06:58:27,,1,0,47.85,1435.5
9123,2048,3,,,20,0,47.95,959,,0,0,,0,0,959,,2026-09-09 09:12:25,2026-09-10 06:58:27,,1,0,47.85,957
9124,2048,1,,,300,0,47.95,14385,,0,0,,0,0,14385,,2026-09-09 09:12:25,2026-09-10 06:58:27,,1,0,47.85,14355
9125,2048,2,,,300,0,47.95,14385,,0,0,,0,0,14385,,2026-09-09 09:12:25,2026-09-10 06:58:27,,1,0,47.85,14355
9126,2049,1,,,200,0,47.95,9590,,0,0,,0,0,9590,,2026-09-09 09:12:58,2026-09-10 06:58:28,,1,0,47.85,9570
9127,2049,3,,,10,0,47.95,479.5,,0,0,,0,0,479.5,,2026-09-09 09:12:58,2026-09-10 06:58:28,,1,0,47.85,478.5
9128,2049,4,,,20,0,47.95,959,,0,0,,0,0,959,,2026-09-09 09:12:58,2026-09-10 06:58:28,,1,0,47.85,957
9129,2049,2,,,270,0,47.95,12946.5,,0,0,,0,0,12946.5,,2026-09-09 09:12:58,2026-09-10 06:58:28,,1,0,47.85,12919.5
9130,2050,2,,,70,0,47.95,3356.5,,0,0,,0,0,3356.5,,2026-09-09 09:13:29,2026-09-10 06:58:29,,1,0,47.85,3349.5
9131,2050,1,,,40,0,47.95,1918,,0,0,,0,0,1918,,2026-09-09 09:13:29,2026-09-10 06:58:29,,1,0,47.85,1914
9132,2050,3,,,10,0,47.95,479.5,,0,0,,0,0,479.5,,2026-09-09 09:13:29,2026-09-10 06:58:29,,1,0,47.85,478.5
9133,2050,4,,,10,0,47.95,479.5,,0,0,,0,0,479.5,,2026-09-09 09:13:29,2026-09-10 06:58:29,,1,0,47.85,478.5
9134,2051,1,,,80,0,47.95,3836,,0,0,,0,0,3836,,2026-09-09 09:15:12,2026-09-10 06:58:30,,1,0,47.85,3828
9135,2051,4,,,20,0,47.95,959,,0,0,,0,0,959,,2026-09-09 09:15:12,2026-09-10 06:58:30,,1,0,47.85,957
9136,2051,3,,,10,0,47.95,479.5,,0,0,,0,0,479.5,,2026-09-09 09:15:12,2026-09-10 06:58:30,,1,0,47.85,478.5
9137,2051,2,,,140,0,47.95,6713,,0,0,,0,0,6713,,2026-09-09 09:15:12,2026-09-10 06:58:30,,1,0,47.85,6699
9138,2052,3,,,20,0,47.95,959,,0,0,,0,0,959,,2026-09-09 09:17:59,2026-09-10 06:58:30,,1,0,47.85,957
9139,2052,4,,,30,0,47.95,1438.5,,0,0,,0,0,1438.5,,2026-09-09 09:17:59,2026-09-10 06:58:30,,1,0,47.85,1435.5
9140,2052,1,,,300,0,47.95,14385,,0,0,,0,0,14385,,2026-09-09 09:17:59,2026-09-10 06:58:30,,1,0,47.85,14355
9141,2052,2,,,150,0,47.95,7192.5,,0,0,,0,0,7192.5,,2026-09-09 09:17:59,2026-09-10 06:58:30,,1,0,47.85,7177.5
9142,2053,1,,,220,0,47.95,10549,,0,0,,0,0,10549,,2026-09-09 09:18:15,2026-09-10 10:11:00,,1,0,47.85,10527
9143,2053,2,,,150,0,47.95,7192.5,,0,0,,0,0,7192.5,,2026-09-09 09:18:15,2026-09-10 10:11:00,,1,0,47.85,7177.5
9144,2053,3,,,20,0,47.95,959,,0,0,,0,0,959,,2026-09-09 09:18:15,2026-09-10 10:11:00,,1,0,47.85,957
9145,2053,4,,,50,0,47.95,2397.5,,0,0,,0,0,2397.5,,2026-09-09 09:18:15,2026-09-10 10:11:00,,1,0,47.85,2392.5
9146,2054,3,,,20,0,47.95,959,,0,0,,0,0,959,,2026-09-09 09:29:23,2026-09-10 06:58:31,,1,0,47.85,957
9147,2054,4,,,30,0,47.95,1438.5,,0,0,,0,0,1438.5,,2026-09-09 09:29:23,2026-09-10 06:58:31,,1,0,47.85,1435.5
9148,2054,1,,,200,0,47.95,9590,,0,0,,0,0,9590,,2026-09-09 09:29:23,2026-09-10 06:58:31,,1,0,47.85,9570
9149,2054,2,,,150,0,47.95,7192.5,,0,0,,0,0,7192.5,,2026-09-09 09:29:23,2026-09-10 06:58:31,,1,0,47.85,7177.5
9150,2055,1,,,400,0,47.95,19180,,0,0,,0,0,19180,,2026-09-09 09:30:07,2026-09-10 10:11:01,,1,0,47.85,19140
9151,2055,2,,,160,0,47.95,7672,,0,0,,0,0,7672,,2026-09-09 09:30:07,2026-09-10 10:11:01,,1,0,47.85,7656
9152,2055,3,,,40,0,47.95,1918,,0,0,,0,0,1918,,2026-09-09 09:30:07,2026-09-10 10:11:01,,1,0,47.85,1914
9153,2055,4,,,100,0,47.95,4795,,0,0,,0,0,4795,,2026-09-09 09:30:07,2026-09-10 10:11:01,,1,0,47.85,4785
9154,2056,1,,,600,0,47.95,28770,,0,0,,0,0,28770,,2026-09-09 09:35:35,2026-09-10 10:11:02,,1,0,47.85,28710
9155,2056,2,,,250,0,47.95,11987.5,,0,0,,0,0,11987.5,,2026-09-09 09:35:35,2026-09-10 10:11:02,,1,0,47.85,11962.5
9156,2056,3,,,50,0,47.95,2397.5,,0,0,,0,0,2397.5,,2026-09-09 09:35:35,2026-09-10 10:11:02,,1,0,47.85,2392.5
9157,2056,4,,,100,0,47.95,4795,,0,0,,0,0,4795,,2026-09-09 09:35:35,2026-09-10 10:11:02,,1,0,47.85,4785
9158,2057,3,,,130,0,47.95,6233.5,,0,0,,0,0,6233.5,,2026-09-09 09:35:47,2026-09-10 06:58:32,,1,0,47.85,6220.5
9159,2057,2,,,1300,0,47.95,62335,,0,0,,0,0,62335,,2026-09-09 09:35:47,2026-09-10 06:58:32,,1,0,47.85,62205
9160,2057,1,,,1000,0,47.95,47950,,0,0,,0,0,47950,,2026-09-09 09:35:47,2026-09-10 06:58:32,,1,0,47.85,47850
9161,2057,4,,,70,0,47.95,3356.5,,0,0,,0,0,3356.5,,2026-09-09 09:35:47,2026-09-10 06:58:32,,1,0,47.85,3349.5
9162,2058,4,,,20,0,47.95,959,,0,0,,0,0,959,,2026-09-09 09:36:53,2026-09-10 06:58:33,,1,0,47.85,957
9163,2058,1,,,250,0,47.95,11987.5,,0,0,,0,0,11987.5,,2026-09-09 09:36:53,2026-09-10 06:58:33,,1,0,47.85,11962.5
9164,2058,2,,,230,0,47.95,11028.5,,0,0,,0,0,11028.5,,2026-09-09 09:36:53,2026-09-10 06:58:33,,1,0,47.85,11005.5
9165,2059,3,,,10,0,47.95,479.5,,0,0,,0,0,479.5,,2026-09-09 09:38:42,2026-09-10 06:58:34,,1,0,47.85,478.5
9166,2059,4,,,20,0,47.95,959,,0,0,,0,0,959,,2026-09-09 09:38:42,2026-09-10 06:58:34,,1,0,47.85,957
9167,2059,1,,,100,0,47.95,4795,,0,0,,0,0,4795,,2026-09-09 09:38:42,2026-09-10 06:58:34,,1,0,47.85,4785
9168,2059,2,,,70,0,47.95,3356.5,,0,0,,0,0,3356.5,,2026-09-09 09:38:42,2026-09-10 06:58:34,,1,0,47.85,3349.5
9169,2060,1,,,50,0,47.95,2397.5,,0,0,,0,0,2397.5,,2026-09-09 09:39:06,2026-09-10 06:58:34,,1,0,47.85,2392.5
9170,2060,3,,,10,0,47.95,479.5,,0,0,,0,0,479.5,,2026-09-09 09:39:06,2026-09-10 06:58:34,,1,0,47.85,478.5
9171,2060,4,,,20,0,47.95,959,,0,0,,0,0,959,,2026-09-09 09:39:06,2026-09-10 06:58:34,,1,0,47.85,957
9172,2060,2,,,20,0,47.95,959,,0,0,,0,0,959,,2026-09-09 09:39:06,2026-09-10 06:58:34,,1,0,47.85,957
9173,2061,3,,,110,0,47.95,5274.5,,0,0,,0,0,5274.5,,2026-09-09 09:43:54,2026-09-10 06:58:35,,1,0,47.85,5263.5
9174,2061,4,,,70,0,47.95,3356.5,,0,0,,0,0,3356.5,,2026-09-09 09:43:54,2026-09-10 06:58:35,,1,0,47.85,3349.5
9175,2061,1,,,1000,0,47.95,47950,,0,0,,0,0,47950,,2026-09-09 09:43:54,2026-09-10 06:58:35,,1,0,47.85,47850
9176,2061,2,,,1320,0,47.95,63294,,0,0,,0,0,63294,,2026-09-09 09:43:54,2026-09-10 06:58:35,,1,0,47.85,63162
9177,2062,1,,,120,0,47.95,5754,,0,0,,0,0,5754,,2026-09-09 09:47:23,2026-09-10 10:11:02,,1,0,47.85,5742
9178,2062,2,,,50,0,47.95,2397.5,,0,0,,0,0,2397.5,,2026-09-09 09:47:23,2026-09-10 10:11:02,,1,0,47.85,2392.5
9179,2062,3,,,10,0,47.95,479.5,,0,0,,0,0,479.5,,2026-09-09 09:47:23,2026-09-10 10:11:02,,1,0,47.85,478.5
9180,2062,4,,,20,0,47.95,959,,0,0,,0,0,959,,2026-09-09 09:47:23,2026-09-10 10:11:02,,1,0,47.85,957
9181,2063,2,,,230,0,47.95,11028.5,,0,0,,0,0,11028.5,,2026-09-09 09:52:20,2026-09-10 06:58:36,,1,0,47.85,11005.5
9182,2063,4,,,20,0,47.95,959,,0,0,,0,0,959,,2026-09-09 09:52:20,2026-09-10 06:58:36,,1,0,47.85,957
9183,2063,1,,,80,0,47.95,3836,,0,0,,0,0,3836,,2026-09-09 09:52:20,2026-09-10 06:58:36,,1,0,47.85,3828
9184,2064,1,,,550,0,47.95,26372.5,,0,0,,0,0,26372.5,,2026-09-09 09:53:27,2026-09-10 10:11:03,,1,0,47.85,26317.5
9185,2064,2,,,100,0,47.95,4795,,0,0,,0,0,4795,,2026-09-09 09:53:27,2026-09-10 10:11:03,,1,0,47.85,4785
9186,2064,3,,,30,0,47.95,1438.5,,0,0,,0,0,1438.5,,2026-09-09 09:53:27,2026-09-10 10:11:03,,1,0,47.85,1435.5
9187,2064,4,,,70,0,47.95,3356.5,,0,0,,0,0,3356.5,,2026-09-09 09:53:27,2026-09-10 10:11:03,,1,0,47.85,3349.5
9188,2065,1,,,500,0,47.95,23975,,0,0,,0,0,23975,,2026-09-09 09:58:59,2026-09-10 10:11:04,,1,0,47.85,23925
9189,2065,2,,,500,0,47.95,23975,,0,0,,0,0,23975,,2026-09-09 09:58:59,2026-09-10 10:11:04,,1,0,47.85,23925
9190,2065,3,,,90,0,47.95,4315.5,,0,0,,0,0,4315.5,,2026-09-09 09:58:59,2026-09-10 10:11:04,,1,0,47.85,4306.5
9191,2065,4,,,110,0,47.95,5274.5,,0,0,,0,0,5274.5,,2026-09-09 09:58:59,2026-09-10 10:11:04,,1,0,47.85,5263.5
9192,2066,3,,,20,0,47.95,959,,0,0,,0,0,959,,2026-09-09 09:59:32,2026-09-10 06:58:37,,1,0,47.85,957
9193,2066,4,,,30,0,47.95,1438.5,,0,0,,0,0,1438.5,,2026-09-09 09:59:32,2026-09-10 06:58:37,,1,0,47.85,1435.5
9194,2066,1,,,150,0,47.95,7192.5,,0,0,,0,0,7192.5,,2026-09-09 09:59:32,2026-09-10 06:58:37,,1,0,47.85,7177.5
9195,2066,2,,,100,0,47.95,4795,,0,0,,0,0,4795,,2026-09-09 09:59:32,2026-09-10 06:58:37,,1,0,47.85,4785
9196,2067,1,,,50,0,47.95,2397.5,,0,0,,0,0,2397.5,,2026-09-09 09:59:42,2026-09-10 10:11:04,,1,0,47.85,2392.5
9197,2068,1,,,50,0,47.95,2397.5,,0,0,,0,0,2397.5,,2026-09-09 10:11:15,2026-09-10 10:11:05,,1,0,47.85,2392.5
9198,2068,2,,,20,0,47.95,959,,0,0,,0,0,959,,2026-09-09 10:11:15,2026-09-10 10:11:05,,1,0,47.85,957
9199,2068,3,,,10,0,47.95,479.5,,0,0,,0,0,479.5,,2026-09-09 10:11:15,2026-09-10 10:11:05,,1,0,47.85,478.5
9200,2068,4,,,20,0,47.95,959,,0,0,,0,0,959,,2026-09-09 10:11:15,2026-09-10 10:11:05,,1,0,47.85,957
9201,2069,1,,,20,0,47.95,959,,0,0,,0,0,959,,2026-09-09 10:14:53,2026-09-10 10:11:06,,1,0,47.85,957
9202,2069,2,,,10,0,47.95,479.5,,0,0,,0,0,479.5,,2026-09-09 10:14:53,2026-09-10 10:11:06,,1,0,47.85,478.5
9203,2070,1,,,500,0,47.95,23975,,0,0,,0,0,23975,,2026-09-09 10:36:58,2026-09-10 10:11:07,,1,0,47.85,23925
9204,2070,2,,,500,0,47.95,23975,,0,0,,0,0,23975,,2026-09-09 10:36:58,2026-09-10 10:11:07,,1,0,47.85,23925
9205,2070,3,,,80,0,47.95,3836,,0,0,,0,0,3836,,2026-09-09 10:36:58,2026-09-10 10:11:07,,1,0,47.85,3828
9206,2070,4,,,120,0,47.95,5754,,0,0,,0,0,5754,,2026-09-09 10:36:58,2026-09-10 10:11:07,,1,0,47.85,5742
9207,2071,1,1,1,10760,0,47.95,515942,,0,0,,0,0,515942,,2026-09-09 11:23:48,2026-09-15 18:24:23,,1,0,47.85,514866
9208,2071,2,1,1,5890,0,47.95,282425.5,,0,0,,0,0,282425.5,,2026-09-09 11:23:48,2026-09-15 18:24:23,,1,0,47.85,281836.5
9209,2071,3,1,1,740,0,47.95,35483,,0,0,,0,0,35483,,2026-09-09 11:23:48,2026-09-15 18:24:23,,1,0,47.85,35409
9210,2071,4,1,1,900,0,47.95,43155,,0,0,,0,0,43155,,2026-09-09 11:23:48,2026-09-15 18:24:23,,1,0,47.85,43065
9211,2072,1,1,1,950,0,47.95,45552.5,,0,0,,0,0,45552.5,,2026-09-09 11:25:23,2026-09-15 18:24:23,,1,0,47.85,45457.5
9212,2072,2,1,1,30,0,47.95,1438.5,,0,0,,0,0,1438.5,,2026-09-09 11:25:23,2026-09-15 18:24:23,,1,0,47.85,1435.5
9213,2072,3,1,1,0,0,47.95,0,,0,0,,0,0,0,,2026-09-09 11:25:23,2026-09-15 18:24:23,,1,0,47.85,0
9214,2072,4,1,1,110,0,47.95,5274.5,,0,0,,0,0,5274.5,,2026-09-09 11:25:23,2026-09-15 18:24:23,,1,0,47.85,5263.5
9286,2073,1,,,3500,0,47.95,167825,,0,0,,0,0,167825,,2026-09-09 11:29:55,2026-09-15 18:24:23,,1,0,47.85,167475
9287,2073,2,,,1500,0,47.95,71925,,0,0,,0,0,71925,,2026-09-09 11:29:55,2026-09-15 18:24:23,,1,0,47.85,71775
9288,2073,3,,,250,0,47.95,11987.5,,0,0,,0,0,11987.5,,2026-09-09 11:29:55,2026-09-15 18:24:23,,1,0,47.85,11962.5
9289,2073,4,,,250,0,47.95,11987.5,,0,0,,0,0,11987.5,,2026-09-09 11:29:55,2026-09-15 18:24:23,,1,0,47.85,11962.5
9290,2074,1,,,2500,0,47.95,119875,,0,0,,0,0,119875,,2026-09-09 11:30:12,2026-09-15 18:24:23,,1,0,47.85,119625
9291,2074,2,,,2400,0,47.95,115080,,0,0,,0,0,115080,,2026-09-09 11:30:12,2026-09-15 18:24:23,,1,0,47.85,114840
9292,2074,4,,,100,0,47.95,4795,,0,0,,0,0,4795,,2026-09-09 11:30:12,2026-09-15 18:24:23,,1,0,47.85,4785
9293,2075,1,,,350,0,47.95,16782.5,,0,0,,0,0,16782.5,,2026-09-09 11:30:29,2026-09-15 18:24:23,,1,0,47.85,16747.5
9294,2075,2,,,150,0,47.95,7192.5,,0,0,,0,0,7192.5,,2026-09-09 11:30:29,2026-09-15 18:24:23,,1,0,47.85,7177.5
9295,2076,1,1,1,150,0,47.95,7192.5,,0,0,,0,0,7192.5,,2026-09-09 11:32:28,2026-09-15 18:24:23,,1,0,47.85,7177.5
9296,2076,2,1,1,450,0,47.95,21577.5,,0,0,,0,0,21577.5,,2026-09-09 11:32:28,2026-09-15 18:24:23,,1,0,47.85,21532.5
9297,2076,3,1,1,250,0,47.95,11987.5,,0,0,,0,0,11987.5,,2026-09-09 11:32:28,2026-09-15 18:24:23,,1,0,47.85,11962.5
9298,2076,4,1,1,150,0,47.95,7192.5,,0,0,,0,0,7192.5,,2026-09-09 11:32:28,2026-09-15 18:24:23,,1,0,47.85,7177.5
9990,2077,1,,,40,0,47.95,1918,,0,0,,0,0,1918,,2026-09-10 06:58:37,2026-09-13 07:10:55,,1,0,47.85,1914
9991,2077,2,,,30,0,47.95,1438.5,,0,0,,0,0,1438.5,,2026-09-10 06:58:37,2026-09-13 07:10:55,,1,0,47.85,1435.5
9992,2077,3,,,10,0,47.95,479.5,,0,0,,0,0,479.5,,2026-09-10 06:58:37,2026-09-13 07:10:55,,1,0,47.85,478.5
9993,2077,4,,,20,0,47.95,959,,0,0,,0,0,959,,2026-09-10 06:58:37,2026-09-13 07:10:55,,1,0,47.85,957
9994,2078,3,,,10,0,47.95,479.5,,0,0,,0,0,479.5,,2026-09-10 06:58:38,2026-09-13 07:10:56,,1,0,47.85,478.5
9995,2078,4,,,20,0,47.95,959,,0,0,,0,0,959,,2026-09-10 06:58:38,2026-09-13 07:10:56,,1,0,47.85,957
9996,2078,1,,,120,0,47.95,5754,,0,0,,0,0,5754,,2026-09-10 06:58:38,2026-09-13 07:10:56,,1,0,47.85,5742
9997,2078,2,,,60,0,47.95,2877,,0,0,,0,0,2877,,2026-09-10 06:58:38,2026-09-13 07:10:56,,1,0,47.85,2871
9998,2079,3,,,50,0,47.95,2397.5,,0,0,,0,0,2397.5,,2026-09-10 06:58:50,2026-09-13 07:10:57,,1,0,47.85,2392.5
9999,2079,4,,,100,0,47.95,4795,,0,0,,0,0,4795,,2026-09-10 06:58:50,2026-09-13 07:10:57,,1,0,47.85,4785
10000,2079,2,,,300,0,47.95,14385,,0,0,,0,0,14385,,2026-09-10 06:58:50,2026-09-13 07:10:57,,1,0,47.85,14355
10001,2079,1,,,300,0,47.95,14385,,0,0,,0,0,14385,,2026-09-10 06:58:50,2026-09-13 07:10:57,,1,0,47.85,14355
10002,2080,3,,,20,0,47.95,959,,0,0,,0,0,959,,2026-09-10 07:01:40,2026-09-13 07:10:58,,1,0,47.85,957
10003,2080,4,,,40,0,47.95,1918,,0,0,,0,0,1918,,2026-09-10 07:01:40,2026-09-13 07:10:58,,1,0,47.85,1914
10004,2080,2,,,50,0,47.95,2397.5,,0,0,,0,0,2397.5,,2026-09-10 07:01:40,2026-09-13 07:10:58,,1,0,47.85,2392.5
10005,2080,1,,,60,0,47.95,2877,,0,0,,0,0,2877,,2026-09-10 07:01:40,2026-09-13 07:10:58,,1,0,47.85,2871
10006,2081,1,,,1500,0,47.95,71925,,0,0,,0,0,71925,,2026-09-10 07:07:08,2026-09-13 07:11:26,,1,0,47.85,71775
10007,2081,4,,,200,0,47.95,9590,,0,0,,0,0,9590,,2026-09-10 07:07:08,2026-09-13 07:11:26,,1,0,47.85,9570
10008,2081,3,,,100,0,47.95,4795,,0,0,,0,0,4795,,2026-09-10 07:07:08,2026-09-13 07:11:26,,1,0,47.85,4785
10009,2081,2,,,2500,0,47.95,119875,,0,0,,0,0,119875,,2026-09-10 07:07:08,2026-09-13 07:11:26,,1,0,47.85,119625
10010,2082,3,,,10,0,47.95,479.5,,0,0,,0,0,479.5,,2026-09-10 07:24:08,2026-09-13 07:11:27,,1,0,47.85,478.5
10011,2082,4,,,20,0,47.95,959,,0,0,,0,0,959,,2026-09-10 07:24:08,2026-09-13 07:11:27,,1,0,47.85,957
10012,2082,2,,,30,0,47.95,1438.5,,0,0,,0,0,1438.5,,2026-09-10 07:24:08,2026-09-13 07:11:27,,1,0,47.85,1435.5
10013,2082,1,,,50,0,47.95,2397.5,,0,0,,0,0,2397.5,,2026-09-10 07:24:08,2026-09-13 07:11:27,,1,0,47.85,2392.5
10014,2083,3,,,30,0,47.95,1438.5,,0,0,,0,0,1438.5,,2026-09-10 07:25:46,2026-09-13 07:11:28,,1,0,47.85,1435.5
10015,2083,4,,,50,0,47.95,2397.5,,0,0,,0,0,2397.5,,2026-09-10 07:25:46,2026-09-13 07:11:28,,1,0,47.85,2392.5
10016,2083,1,,,180,0,47.95,8631,,0,0,,0,0,8631,,2026-09-10 07:25:46,2026-09-13 07:11:28,,1,0,47.85,8613
10017,2083,2,,,240,0,47.95,11508,,0,0,,0,0,11508,,2026-09-10 07:25:46,2026-09-13 07:11:28,,1,0,47.85,11484
10018,2084,3,,,30,0,47.95,1438.5,,0,0,,0,0,1438.5,,2026-09-10 07:27:11,2026-09-13 07:11:29,,1,0,47.85,1435.5
10019,2084,4,,,50,0,47.95,2397.5,,0,0,,0,0,2397.5,,2026-09-10 07:27:11,2026-09-13 07:11:29,,1,0,47.85,2392.5
10020,2084,2,,,120,0,47.95,5754,,0,0,,0,0,5754,,2026-09-10 07:27:11,2026-09-13 07:11:29,,1,0,47.85,5742
10021,2084,1,,,300,0,47.95,14385,,0,0,,0,0,14385,,2026-09-10 07:27:11,2026-09-13 07:11:29,,1,0,47.85,14355
10022,2085,3,,,50,0,47.95,2397.5,,0,0,,0,0,2397.5,,2026-09-10 07:33:44,2026-09-13 07:11:30,,1,0,47.85,2392.5
10023,2085,4,,,100,0,47.95,4795,,0,0,,0,0,4795,,2026-09-10 07:33:44,2026-09-13 07:11:30,,1,0,47.85,4785
10024,2085,2,,,500,0,47.95,23975,,0,0,,0,0,23975,,2026-09-10 07:33:44,2026-09-13 07:11:30,,1,0,47.85,23925
10025,2085,1,,,850,0,47.95,40757.5,,0,0,,0,0,40757.5,,2026-09-10 07:33:44,2026-09-13 07:11:30,,1,0,47.85,40672.5
10026,2086,2,,,60,0,47.95,2877,,0,0,,0,0,2877,,2026-09-10 07:34:16,2026-09-13 07:11:31,,1,0,47.85,2871
10027,2086,4,,,20,0,47.95,959,,0,0,,0,0,959,,2026-09-10 07:34:16,2026-09-13 07:11:31,,1,0,47.85,957
10028,2086,1,,,130,0,47.95,6233.5,,0,0,,0,0,6233.5,,2026-09-10 07:34:16,2026-09-13 07:11:31,,1,0,47.85,6220.5
10029,2087,3,,,30,0,47.95,1438.5,,0,0,,0,0,1438.5,,2026-09-10 07:35:38,2026-09-13 07:11:32,,1,0,47.85,1435.5
10030,2087,4,,,60,0,47.95,2877,,0,0,,0,0,2877,,2026-09-10 07:35:38,2026-09-13 07:11:32,,1,0,47.85,2871
10031,2087,2,,,150,0,47.95,7192.5,,0,0,,0,0,7192.5,,2026-09-10 07:35:38,2026-09-13 07:11:32,,1,0,47.85,7177.5
10032,2087,1,,,260,0,47.95,12467,,0,0,,0,0,12467,,2026-09-10 07:35:38,2026-09-13 07:11:32,,1,0,47.85,12441
10033,2088,4,,,10,0,47.95,479.5,,0,0,,0,0,479.5,,2026-09-10 07:37:57,2026-09-13 07:11:33,,1,0,47.85,478.5
10034,2088,2,,,40,0,47.95,1918,,0,0,,0,0,1918,,2026-09-10 07:37:57,2026-09-13 07:11:33,,1,0,47.85,1914
10035,2088,1,,,60,0,47.95,2877,,0,0,,0,0,2877,,2026-09-10 07:37:57,2026-09-13 07:11:33,,1,0,47.85,2871
10036,2089,3,,,10,0,47.95,479.5,,0,0,,0,0,479.5,,2026-09-10 07:39:07,2026-09-13 07:11:34,,1,0,47.85,478.5
10037,2089,4,,,20,0,47.95,959,,0,0,,0,0,959,,2026-09-10 07:39:07,2026-09-13 07:11:34,,1,0,47.85,957
10038,2089,2,,,20,0,47.95,959,,0,0,,0,0,959,,2026-09-10 07:39:07,2026-09-13 07:11:34,,1,0,47.85,957
10039,2089,1,,,50,0,47.95,2397.5,,0,0,,0,0,2397.5,,2026-09-10 07:39:07,2026-09-13 07:11:34,,1,0,47.85,2392.5
10040,2090,1,,,30,0,47.95,1438.5,,0,0,,0,0,1438.5,,2026-09-10 07:50:01,2026-09-13 07:11:35,,1,0,47.85,1435.5
10041,2090,2,,,10,0,47.95,479.5,,0,0,,0,0,479.5,,2026-09-10 07:50:01,2026-09-13 07:11:35,,1,0,47.85,478.5
10042,2091,1,,,500,0,47.95,23975,,0,0,,0,0,23975,,2026-09-10 07:52:24,2026-09-13 07:11:36,,1,0,47.85,23925
10043,2091,2,,,450,0,47.95,21577.5,,0,0,,0,0,21577.5,,2026-09-10 07:52:24,2026-09-13 07:11:36,,1,0,47.85,21532.5
10044,2091,3,,,50,0,47.95,2397.5,,0,0,,0,0,2397.5,,2026-09-10 07:52:24,2026-09-13 07:11:36,,1,0,47.85,2392.5
10045,2091,4,,,50,0,47.95,2397.5,,0,0,,0,0,2397.5,,2026-09-10 07:52:24,2026-09-13 07:11:36,,1,0,47.85,2392.5
10046,2092,3,,,80,0,47.95,3836,,0,0,,0,0,3836,,2026-09-10 08:05:35,2026-09-13 07:11:37,,1,0,47.85,3828
10047,2092,4,,,120,0,47.95,5754,,0,0,,0,0,5754,,2026-09-10 08:05:35,2026-09-13 07:11:37,,1,0,47.85,5742
10048,2092,1,,,280,0,47.95,13426,,0,0,,0,0,13426,,2026-09-10 08:05:35,2026-09-13 07:11:37,,1,0,47.85,13398
10049,2092,2,,,250,0,47.95,11987.5,,0,0,,0,0,11987.5,,2026-09-10 08:05:35,2026-09-13 07:11:37,,1,0,47.85,11962.5
10050,2093,4,,,20,0,47.95,959,,0,0,,0,0,959,,2026-09-10 08:21:54,2026-09-13 07:11:38,,1,0,47.85,957
10051,2093,2,,,80,0,47.95,3836,,0,0,,0,0,3836,,2026-09-10 08:21:54,2026-09-13 07:11:38,,1,0,47.85,3828
10052,2093,1,,,110,0,47.95,5274.5,,0,0,,0,0,5274.5,,2026-09-10 08:21:54,2026-09-13 07:11:38,,1,0,47.85,5263.5
10053,2094,1,,,40,0,47.95,1918,,0,0,,0,0,1918,,2026-09-10 08:23:03,2026-09-13 07:11:39,,1,0,47.85,1914
10054,2094,2,,,40,0,47.95,1918,,0,0,,0,0,1918,,2026-09-10 08:23:03,2026-09-13 07:11:39,,1,0,47.85,1914
10055,2094,4,,,10,0,47.95,479.5,,0,0,,0,0,479.5,,2026-09-10 08:23:03,2026-09-13 07:11:39,,1,0,47.85,478.5
10056,2095,3,,,50,0,47.95,2397.5,,0,0,,0,0,2397.5,,2026-09-10 08:29:43,2026-09-10 09:40:47,2026-09-10 09:40:47,1,0,47.85,2392.5
10057,2095,4,,,100,0,47.95,4795,,0,0,,0,0,4795,,2026-09-10 08:29:43,2026-09-10 09:40:47,2026-09-10 09:40:47,1,0,47.85,4785
10058,2095,2,,,300,0,47.95,14385,,0,0,,0,0,14385,,2026-09-10 08:29:43,2026-09-10 09:40:47,2026-09-10 09:40:47,1,0,47.85,14355
10059,2095,1,,,300,0,47.95,14385,,0,0,,0,0,14385,,2026-09-10 08:29:43,2026-09-10 09:40:47,2026-09-10 09:40:47,1,0,47.85,14355
10060,2096,3,,,20,0,47.95,959,,0,0,,0,0,959,,2026-09-10 08:40:26,2026-09-13 07:11:40,,1,0,47.85,957
10061,2096,4,,,30,0,47.95,1438.5,,0,0,,0,0,1438.5,,2026-09-10 08:40:26,2026-09-13 07:11:40,,1,0,47.85,1435.5
10062,2096,2,,,100,0,47.95,4795,,0,0,,0,0,4795,,2026-09-10 08:40:26,2026-09-13 07:11:40,,1,0,47.85,4785
10063,2096,1,,,100,0,47.95,4795,,0,0,,0,0,4795,,2026-09-10 08:40:26,2026-09-13 07:11:40,,1,0,47.85,4785
10064,2097,1,,,250,0,47.95,11987.5,,0,0,,0,0,11987.5,,2026-09-10 08:42:01,2026-09-13 07:11:40,,1,0,47.85,11962.5
10065,2097,2,,,180,0,47.95,8631,,0,0,,0,0,8631,,2026-09-10 08:42:01,2026-09-13 07:11:40,,1,0,47.85,8613
10066,2097,4,,,50,0,47.95,2397.5,,0,0,,0,0,2397.5,,2026-09-10 08:42:01,2026-09-13 07:11:40,,1,0,47.85,2392.5
10067,2097,3,,,20,0,47.95,959,,0,0,,0,0,959,,2026-09-10 08:42:01,2026-09-13 07:11:40,,1,0,47.85,957
10068,2098,1,,,1000,0,47.95,47950,,0,0,,0,0,47950,,2026-09-10 08:45:11,2026-09-13 07:11:41,,1,0,47.85,47850
10069,2098,4,,,50,0,47.95,2397.5,,0,0,,0,0,2397.5,,2026-09-10 08:45:11,2026-09-13 07:11:41,,1,0,47.85,2392.5
10070,2098,3,,,100,0,47.95,4795,,0,0,,0,0,4795,,2026-09-10 08:45:11,2026-09-13 07:11:41,,1,0,47.85,4785
10071,2098,2,,,500,0,47.95,23975,,0,0,,0,0,23975,,2026-09-10 08:45:11,2026-09-13 07:11:41,,1,0,47.85,23925
10072,2099,3,,,10,0,47.95,479.5,,0,0,,0,0,479.5,,2026-09-10 08:46:39,2026-09-13 07:11:42,,1,0,47.85,478.5
10073,2099,4,,,30,0,47.95,1438.5,,0,0,,0,0,1438.5,,2026-09-10 08:46:39,2026-09-13 07:11:42,,1,0,47.85,1435.5
10074,2099,2,,,70,0,47.95,3356.5,,0,0,,0,0,3356.5,,2026-09-10 08:46:39,2026-09-13 07:11:42,,1,0,47.85,3349.5
10075,2099,1,,,90,0,47.95,4315.5,,0,0,,0,0,4315.5,,2026-09-10 08:46:39,2026-09-13 07:11:42,,1,0,47.85,4306.5
10076,2100,3,,,30,0,47.95,1438.5,,0,0,,0,0,1438.5,,2026-09-10 08:48:21,2026-09-13 07:11:43,,1,0,47.85,1435.5
10077,2100,4,,,50,0,47.95,2397.5,,0,0,,0,0,2397.5,,2026-09-10 08:48:21,2026-09-13 07:11:43,,1,0,47.85,2392.5
10078,2100,2,,,100,0,47.95,4795,,0,0,,0,0,4795,,2026-09-10 08:48:21,2026-09-13 07:11:43,,1,0,47.85,4785
10079,2100,1,,,170,0,47.95,8151.5,,0,0,,0,0,8151.5,,2026-09-10 08:48:21,2026-09-13 07:11:43,,1,0,47.85,8134.5
10080,2101,3,,,40,0,47.95,1918,,0,0,,0,0,1918,,2026-09-10 08:50:20,2026-09-13 07:11:44,,1,0,47.85,1914
10081,2101,4,,,80,0,47.95,3836,,0,0,,0,0,3836,,2026-09-10 08:50:20,2026-09-13 07:11:44,,1,0,47.85,3828
10082,2101,2,,,120,0,47.95,5754,,0,0,,0,0,5754,,2026-09-10 08:50:20,2026-09-13 07:11:44,,1,0,47.85,5742
10083,2101,1,,,160,0,47.95,7672,,0,0,,0,0,7672,,2026-09-10 08:50:20,2026-09-13 07:11:44,,1,0,47.85,7656
10084,2095,3,,,50,0,47.95,2397.5,,0,0,,0,0,2397.5,,2026-09-10 09:40:47,2026-09-13 07:11:44,,1,0,47.85,2392.5
10085,2095,4,,,100,0,47.95,4795,,0,0,,0,0,4795,,2026-09-10 09:40:47,2026-09-13 07:11:44,,1,0,47.85,4785
10086,2095,2,,,300,0,47.95,14385,,0,0,,0,0,14385,,2026-09-10 09:40:47,2026-09-13 07:11:44,,1,0,47.85,14355
10087,2095,1,,,290,0,47.95,13905.5,,0,0,,0,0,13905.5,,2026-09-10 09:40:47,2026-09-13 07:11:44,,1,0,47.85,13876.5
10088,2102,1,1,1,5580,0,47.95,267561,,0,0,,0,0,267561,,2026-09-10 09:50:44,2026-09-15 18:24:24,,1,0,47.85,267003
10089,2102,2,1,1,1200,0,47.95,57540,,0,0,,0,0,57540,,2026-09-10 09:50:44,2026-09-15 18:24:24,,1,0,47.85,57420
10090,2102,3,1,1,0,0,47.95,0,,0,0,,0,0,0,,2026-09-10 09:50:44,2026-09-15 18:24:24,,1,0,47.85,0
10091,2102,4,1,1,200,0,47.95,9590,,0,0,,0,0,9590,,2026-09-10 09:50:44,2026-09-15 18:24:24,,1,0,47.85,9570
10984,2103,1,,,9500,0,47.95,455525,,0,0,,0,0,455525,,2026-09-10 10:11:08,2026-09-13 06:34:07,,1,0,47.85,454575
10985,2103,2,,,4500,0,47.95,215775,,0,0,,0,0,215775,,2026-09-10 10:11:08,2026-09-13 06:34:07,,1,0,47.85,215325
10986,2103,3,,,600,0,47.95,28770,,0,0,,0,0,28770,,2026-09-10 10:11:08,2026-09-13 06:34:07,,1,0,47.85,28710
10987,2103,4,,,400,0,47.95,19180,,0,0,,0,0,19180,,2026-09-10 10:11:08,2026-09-13 06:34:07,,1,0,47.85,19140
10988,2104,1,,,3000,0,47.95,143850,,0,0,,0,0,143850,,2026-09-10 10:11:09,2026-09-13 06:34:08,,1,0,47.85,143550
10989,2104,2,,,2200,0,47.95,105490,,0,0,,0,0,105490,,2026-09-10 10:11:09,2026-09-13 06:34:08,,1,0,47.85,105270
10990,2104,3,,,500,0,47.95,23975,,0,0,,0,0,23975,,2026-09-10 10:11:09,2026-09-13 06:34:08,,1,0,47.85,23925
10991,2104,4,,,300,0,47.95,14385,,0,0,,0,0,14385,,2026-09-10 10:11:09,2026-09-13 06:34:08,,1,0,47.85,14355
10992,2105,1,,,300,0,47.95,14385,,0,0,,0,0,14385,,2026-09-10 10:11:09,2026-09-13 06:34:09,,1,0,47.85,14355
10993,2105,2,,,150,0,47.95,7192.5,,0,0,,0,0,7192.5,,2026-09-10 10:11:09,2026-09-13 06:34:09,,1,0,47.85,7177.5
10994,2105,4,,,50,0,47.95,2397.5,,0,0,,0,0,2397.5,,2026-09-10 10:11:09,2026-09-13 06:34:09,,1,0,47.85,2392.5
10995,2106,1,,,50,0,47.95,2397.5,,0,0,,0,0,2397.5,,2026-09-10 10:11:10,2026-09-13 06:34:09,,1,0,47.85,2392.5
10996,2106,2,,,50,0,47.95,2397.5,,0,0,,0,0,2397.5,,2026-09-10 10:11:10,2026-09-13 06:34:09,,1,0,47.85,2392.5
10997,2107,1,1,1,0,0,47.95,0,,0,0,,0,0,0,,2026-09-10 11:07:11,2026-09-15 18:24:24,,1,0,47.85,0
10998,2107,2,1,1,0,0,47.95,0,,0,0,,0,0,0,,2026-09-10 11:07:11,2026-09-15 18:24:24,,1,0,47.85,0
10999,2107,3,1,1,0,0,47.95,0,,0,0,,0,0,0,,2026-09-10 11:07:11,2026-09-15 18:24:24,,1,0,47.85,0
11000,2107,4,1,1,0,0,47.95,0,,0,0,,0,0,0,,2026-09-10 11:07:11,2026-09-15 18:24:24,,1,0,47.85,0
11939,2108,1,,,15000,0,47.85,717750,,0,0,,0,0,717750,,2026-09-13 06:34:10,2026-09-14 06:28:45,,1,0,47.85,717750
11940,2108,2,,,13000,0,47.85,622050,,0,0,,0,0,622050,,2026-09-13 06:34:10,2026-09-14 06:28:45,,1,0,47.85,622050
11941,2108,3,,,2420,0,47.85,115797,,0,0,,0,0,115797,,2026-09-13 06:34:10,2026-09-14 06:28:45,,1,0,47.85,115797
11942,2109,1,,,3000,0,47.95,143850,,0,0,,0,0,143850,,2026-09-13 06:34:11,2026-09-14 06:28:45,,1,0,47.85,143550
11943,2109,2,,,2000,0,47.95,95900,,0,0,,0,0,95900,,2026-09-13 06:34:11,2026-09-14 06:28:45,,1,0,47.85,95700
11944,2109,4,,,150,0,47.95,7192.5,,0,0,,0,0,7192.5,,2026-09-13 06:34:11,2026-09-14 06:28:45,,1,0,47.85,7177.5
11945,2110,1,,,14000,0,47.95,671300,,0,0,,0,0,671300,,2026-09-13 06:34:12,2026-09-14 06:28:46,,1,0,47.85,669900
11946,2110,2,,,7400,0,47.95,354830,,0,0,,0,0,354830,,2026-09-13 06:34:12,2026-09-14 06:28:46,,1,0,47.85,354090
11947,2110,4,,,600,0,47.95,28770,,0,0,,0,0,28770,,2026-09-13 06:34:12,2026-09-14 06:28:46,,1,0,47.85,28710
11948,2111,1,,,7000,0,47.95,335650,,0,0,,0,0,335650,,2026-09-13 06:34:28,2026-09-14 06:28:47,,1,0,47.85,334950
11949,2111,2,,,3000,0,47.95,143850,,0,0,,0,0,143850,,2026-09-13 06:34:28,2026-09-14 06:28:47,,1,0,47.85,143550
11950,2111,4,,,300,0,47.95,14385,,0,0,,0,0,14385,,2026-09-13 06:34:28,2026-09-14 06:28:47,,1,0,47.85,14355
11951,2112,1,,,300,0,47.95,14385,,0,0,,0,0,14385,,2026-09-13 06:35:07,2026-09-13 10:42:04,2026-09-13 10:42:04,1,0,47.85,14355
11952,2112,2,,,170,0,47.95,8151.5,,0,0,,0,0,8151.5,,2026-09-13 06:35:07,2026-09-13 10:42:04,2026-09-13 10:42:04,1,0,47.85,8134.5
11953,2112,4,,,30,0,47.95,1438.5,,0,0,,0,0,1438.5,,2026-09-13 06:35:07,2026-09-13 10:42:04,2026-09-13 10:42:04,1,0,47.85,1435.5
11954,2113,1,,,5000,0,47.95,239750,,0,0,,0,0,239750,,2026-09-13 06:35:52,2026-09-14 06:28:47,,1,0,47.85,239250
11955,2113,4,,,150,0,47.95,7192.5,,0,0,,0,0,7192.5,,2026-09-13 06:35:52,2026-09-14 06:28:47,,1,0,47.85,7177.5
11956,2114,2,,,350,0,47.95,16782.5,,0,0,,0,0,16782.5,,2026-09-13 06:45:52,2026-09-14 06:28:48,,1,0,47.85,16747.5
11957,2114,4,,,150,0,47.95,7192.5,,0,0,,0,0,7192.5,,2026-09-13 06:45:52,2026-09-14 06:28:48,,1,0,47.85,7177.5
12033,2115,1,,,80,0,47.95,3836,,0,0,,0,0,3836,,2026-09-13 07:04:44,2026-09-14 06:28:49,,1,0,47.85,3828
12034,2115,2,,,30,0,47.95,1438.5,,0,0,,0,0,1438.5,,2026-09-13 07:04:44,2026-09-14 06:28:49,,1,0,47.85,1435.5
12035,2115,4,,,10,0,47.95,479.5,,0,0,,0,0,479.5,,2026-09-13 07:04:44,2026-09-14 06:28:49,,1,0,47.85,478.5
12071,2116,1,,,100,0,47.95,4795,,0,0,,0,0,4795,,2026-09-13 07:06:47,2026-09-14 06:28:49,,1,0,47.85,4785
12072,2116,2,,,40,0,47.95,1918,,0,0,,0,0,1918,,2026-09-13 07:06:47,2026-09-14 06:28:49,,1,0,47.85,1914
12073,2116,4,,,10,0,47.95,479.5,,0,0,,0,0,479.5,,2026-09-13 07:06:47,2026-09-14 06:28:49,,1,0,47.85,478.5
12251,2117,1,,,130,0,47.95,6233.5,,0,0,,0,0,6233.5,,2026-09-13 07:08:10,2026-09-14 06:28:50,,1,0,47.85,6220.5
12252,2117,2,,,50,0,47.95,2397.5,,0,0,,0,0,2397.5,,2026-09-13 07:08:10,2026-09-14 06:28:50,,1,0,47.85,2392.5
12253,2117,4,,,20,0,47.95,959,,0,0,,0,0,959,,2026-09-13 07:08:10,2026-09-14 06:28:50,,1,0,47.85,957
12698,2118,1,,,120,0,47.95,5754,,0,0,,0,0,5754,,2026-09-13 07:11:45,2026-09-14 07:30:37,,1,0,47.85,5742
12699,2118,2,,,80,0,47.95,3836,,0,0,,0,0,3836,,2026-09-13 07:11:45,2026-09-14 07:30:37,,1,0,47.85,3828
12700,2118,4,,,20,0,47.95,959,,0,0,,0,0,959,,2026-09-13 07:11:45,2026-09-14 07:30:37,,1,0,47.85,957
12701,2119,1,,,80,0,47.95,3836,,0,0,,0,0,3836,,2026-09-13 07:11:46,2026-09-14 07:30:38,,1,0,47.85,3828
12702,2119,2,,,50,0,47.95,2397.5,,0,0,,0,0,2397.5,,2026-09-13 07:11:46,2026-09-14 07:30:38,,1,0,47.85,2392.5
12703,2119,4,,,20,0,47.95,959,,0,0,,0,0,959,,2026-09-13 07:11:46,2026-09-14 07:30:38,,1,0,47.85,957
12704,2120,1,,,30,0,47.95,1438.5,,0,0,,0,0,1438.5,,2026-09-13 07:11:47,2026-09-14 07:30:39,,1,0,47.85,1435.5
12705,2120,2,,,10,0,47.95,479.5,,0,0,,0,0,479.5,,2026-09-13 07:11:47,2026-09-14 07:30:39,,1,0,47.85,478.5
12706,2120,4,,,10,0,47.95,479.5,,0,0,,0,0,479.5,,2026-09-13 07:11:47,2026-09-14 07:30:39,,1,0,47.85,478.5
12707,2121,1,,,80,0,47.95,3836,,0,0,,0,0,3836,,2026-09-13 07:11:48,2026-09-14 07:30:39,,1,0,47.85,3828
12708,2121,2,,,50,0,47.95,2397.5,,0,0,,0,0,2397.5,,2026-09-13 07:11:48,2026-09-14 07:30:39,,1,0,47.85,2392.5
12709,2121,4,,,20,0,47.95,959,,0,0,,0,0,959,,2026-09-13 07:11:48,2026-09-14 07:30:39,,1,0,47.85,957
12710,2122,1,,,180,0,47.95,8631,,0,0,,0,0,8631,,2026-09-13 07:12:14,2026-09-14 06:28:51,,1,0,47.85,8613
12711,2122,4,,,30,0,47.95,1438.5,,0,0,,0,0,1438.5,,2026-09-13 07:12:14,2026-09-14 06:28:51,,1,0,47.85,1435.5
12712,2122,2,,,70,0,47.95,3356.5,,0,0,,0,0,3356.5,,2026-09-13 07:12:14,2026-09-14 06:28:51,,1,0,47.85,3349.5
12713,2123,1,,,300,0,47.95,14385,,0,0,,0,0,14385,,2026-09-13 07:13:04,2026-09-14 07:30:40,,1,0,47.85,14355
12714,2123,2,,,150,0,47.95,7192.5,,0,0,,0,0,7192.5,,2026-09-13 07:13:04,2026-09-14 07:30:40,,1,0,47.85,7177.5
12715,2123,4,,,50,0,47.95,2397.5,,0,0,,0,0,2397.5,,2026-09-13 07:13:04,2026-09-14 07:30:40,,1,0,47.85,2392.5
12716,2124,1,,,440,0,47.95,21098,,0,0,,0,0,21098,,2026-09-13 07:15:50,2026-09-14 06:28:52,,1,0,47.85,21054
12717,2124,2,,,30,0,47.95,1438.5,,0,0,,0,0,1438.5,,2026-09-13 07:15:50,2026-09-14 06:28:52,,1,0,47.85,1435.5
12718,2124,4,,,30,0,47.95,1438.5,,0,0,,0,0,1438.5,,2026-09-13 07:15:50,2026-09-14 06:28:52,,1,0,47.85,1435.5
12719,2125,2,,,500,0,47.95,23975,,0,0,,0,0,23975,,2026-09-13 07:16:09,2026-09-14 07:30:41,,1,0,47.85,23925
12720,2125,4,,,200,0,47.95,9590,,0,0,,0,0,9590,,2026-09-13 07:16:09,2026-09-14 07:30:41,,1,0,47.85,9570
12721,2125,1,,,1300,0,47.95,62335,,0,0,,0,0,62335,,2026-09-13 07:16:09,2026-09-14 07:30:41,,1,0,47.85,62205
12722,2126,1,,,300,0,47.95,14385,,0,0,,0,0,14385,,2026-09-13 07:20:50,2026-09-14 06:28:52,,1,0,47.85,14355
12723,2126,2,,,150,0,47.95,7192.5,,0,0,,0,0,7192.5,,2026-09-13 07:20:50,2026-09-14 06:28:52,,1,0,47.85,7177.5
12724,2126,4,,,50,0,47.95,2397.5,,0,0,,0,0,2397.5,,2026-09-13 07:20:50,2026-09-14 06:28:52,,1,0,47.85,2392.5
12725,2127,1,,,90,0,47.95,4315.5,,0,0,,0,0,4315.5,,2026-09-13 07:22:05,2026-09-14 06:28:53,,1,0,47.85,4306.5
12726,2127,4,,,10,0,47.95,479.5,,0,0,,0,0,479.5,,2026-09-13 07:22:05,2026-09-14 06:28:53,,1,0,47.85,478.5
12727,2128,1,,,300,0,47.95,14385,,0,0,,0,0,14385,,2026-09-13 07:23:44,2026-09-14 07:30:42,,1,0,47.85,14355
12728,2128,2,,,150,0,47.95,7192.5,,0,0,,0,0,7192.5,,2026-09-13 07:23:44,2026-09-14 07:30:42,,1,0,47.85,7177.5
12729,2128,4,,,50,0,47.95,2397.5,,0,0,,0,0,2397.5,,2026-09-13 07:23:44,2026-09-14 07:30:42,,1,0,47.85,2392.5
12730,2129,1,,,60,0,47.95,2877,,0,0,,0,0,2877,,2026-09-13 07:24:30,2026-09-14 07:30:43,,1,0,47.85,2871
12731,2129,2,,,30,0,47.95,1438.5,,0,0,,0,0,1438.5,,2026-09-13 07:24:30,2026-09-14 07:30:43,,1,0,47.85,1435.5
12732,2129,4,,,20,0,47.95,959,,0,0,,0,0,959,,2026-09-13 07:24:30,2026-09-14 07:30:43,,1,0,47.85,957
12733,2130,1,,,750,0,47.95,35962.5,,0,0,,0,0,35962.5,,2026-09-13 07:25:01,2026-09-14 06:28:54,,1,0,47.85,35887.5
12734,2130,2,,,150,0,47.95,7192.5,,0,0,,0,0,7192.5,,2026-09-13 07:25:01,2026-09-14 06:28:54,,1,0,47.85,7177.5
12735,2130,4,,,100,0,47.95,4795,,0,0,,0,0,4795,,2026-09-13 07:25:01,2026-09-14 06:28:54,,1,0,47.85,4785
12736,2131,2,,,140,0,47.95,6713,,0,0,,0,0,6713,,2026-09-13 07:26:29,2026-09-14 07:30:44,,1,0,47.85,6699
12737,2131,4,,,30,0,47.95,1438.5,,0,0,,0,0,1438.5,,2026-09-13 07:26:29,2026-09-14 07:30:44,,1,0,47.85,1435.5
12738,2131,1,,,100,0,47.95,4795,,0,0,,0,0,4795,,2026-09-13 07:26:29,2026-09-14 07:30:44,,1,0,47.85,4785
12739,2132,1,,,70,0,47.95,3356.5,,0,0,,0,0,3356.5,,2026-09-13 07:27:55,2026-09-14 07:30:45,,1,0,47.85,3349.5
12740,2132,2,,,30,0,47.95,1438.5,,0,0,,0,0,1438.5,,2026-09-13 07:27:55,2026-09-14 07:30:45,,1,0,47.85,1435.5
12741,2132,4,,,20,0,47.95,959,,0,0,,0,0,959,,2026-09-13 07:27:55,2026-09-14 07:30:45,,1,0,47.85,957
12742,2133,4,,,70,0,47.95,3356.5,,0,0,,0,0,3356.5,,2026-09-13 07:37:13,2026-09-14 07:30:46,,1,0,47.85,3349.5
12743,2133,2,,,230,0,47.95,11028.5,,0,0,,0,0,11028.5,,2026-09-13 07:37:13,2026-09-14 07:30:46,,1,0,47.85,11005.5
12744,2133,1,,,400,0,47.95,19180,,0,0,,0,0,19180,,2026-09-13 07:37:13,2026-09-14 07:30:46,,1,0,47.85,19140
12745,2134,1,,,120,0,47.95,5754,,0,0,,0,0,5754,,2026-09-13 07:41:03,2026-09-14 07:30:46,,1,0,47.85,5742
12746,2134,2,,,60,0,47.95,2877,,0,0,,0,0,2877,,2026-09-13 07:41:03,2026-09-14 07:30:46,,1,0,47.85,2871
12747,2134,4,,,20,0,47.95,959,,0,0,,0,0,959,,2026-09-13 07:41:03,2026-09-14 07:30:46,,1,0,47.85,957
12748,2135,1,,,120,0,47.95,5754,,0,0,,0,0,5754,,2026-09-13 07:43:47,2026-09-14 07:30:47,,1,0,47.85,5742
12749,2135,2,,,60,0,47.95,2877,,0,0,,0,0,2877,,2026-09-13 07:43:47,2026-09-14 07:30:47,,1,0,47.85,2871
12750,2135,4,,,30,0,47.95,1438.5,,0,0,,0,0,1438.5,,2026-09-13 07:43:47,2026-09-14 07:30:47,,1,0,47.85,1435.5
12751,2136,1,,,70,0,47.95,3356.5,,0,0,,0,0,3356.5,,2026-09-13 07:45:06,2026-09-14 06:28:54,,1,0,47.85,3349.5
12752,2136,2,,,60,0,47.95,2877,,0,0,,0,0,2877,,2026-09-13 07:45:06,2026-09-14 06:28:54,,1,0,47.85,2871
12753,2136,4,,,20,0,47.95,959,,0,0,,0,0,959,,2026-09-13 07:45:06,2026-09-14 06:28:54,,1,0,47.85,957
12754,2137,1,,,450,0,47.95,21577.5,,0,0,,0,0,21577.5,,2026-09-13 07:45:31,2026-09-14 07:30:48,,1,0,47.85,21532.5
12755,2137,4,,,70,0,47.95,3356.5,,0,0,,0,0,3356.5,,2026-09-13 07:45:31,2026-09-14 07:30:48,,1,0,47.85,3349.5
12756,2137,2,,,230,0,47.95,11028.5,,0,0,,0,0,11028.5,,2026-09-13 07:45:31,2026-09-14 07:30:48,,1,0,47.85,11005.5
12757,2138,1,,,90,0,47.95,4315.5,,0,0,,0,0,4315.5,,2026-09-13 07:46:36,2026-09-14 06:28:55,,1,0,47.85,4306.5
12758,2138,4,,,10,0,47.95,479.5,,0,0,,0,0,479.5,,2026-09-13 07:46:36,2026-09-14 06:28:55,,1,0,47.85,478.5
12759,2139,1,,,150,0,47.95,7192.5,,0,0,,0,0,7192.5,,2026-09-13 07:48:49,2026-09-14 06:28:56,,1,0,47.85,7177.5
12760,2139,2,,,70,0,47.95,3356.5,,0,0,,0,0,3356.5,,2026-09-13 07:48:49,2026-09-14 06:28:56,,1,0,47.85,3349.5
12761,2139,4,,,30,0,47.95,1438.5,,0,0,,0,0,1438.5,,2026-09-13 07:48:49,2026-09-14 06:28:56,,1,0,47.85,1435.5
12762,2140,4,,,250,0,47.95,11987.5,,0,0,,0,0,11987.5,,2026-09-13 07:48:57,2026-09-14 07:30:49,,1,0,47.85,11962.5
12763,2140,2,,,500,0,47.95,23975,,0,0,,0,0,23975,,2026-09-13 07:48:57,2026-09-14 07:30:49,,1,0,47.85,23925
12764,2140,1,,,2500,0,47.95,119875,,0,0,,0,0,119875,,2026-09-13 07:48:57,2026-09-14 07:30:49,,1,0,47.85,119625
12765,2141,1,,,300,0,47.95,14385,,0,0,,0,0,14385,,2026-09-13 07:50:50,2026-09-14 06:28:57,,1,0,47.85,14355
12766,2141,2,,,150,0,47.95,7192.5,,0,0,,0,0,7192.5,,2026-09-13 07:50:50,2026-09-14 06:28:57,,1,0,47.85,7177.5
12767,2141,4,,,50,0,47.95,2397.5,,0,0,,0,0,2397.5,,2026-09-13 07:50:50,2026-09-14 06:28:57,,1,0,47.85,2392.5
12768,2142,4,,,60,0,47.95,2877,,0,0,,0,0,2877,,2026-09-13 07:54:04,2026-09-14 07:30:50,,1,0,47.85,2871
12769,2142,2,,,200,0,47.95,9590,,0,0,,0,0,9590,,2026-09-13 07:54:04,2026-09-14 07:30:50,,1,0,47.85,9570
12770,2142,1,,,340,0,47.95,16303,,0,0,,0,0,16303,,2026-09-13 07:54:04,2026-09-14 07:30:50,,1,0,47.85,16269
12771,2143,1,,,150,0,47.95,7192.5,,0,0,,0,0,7192.5,,2026-09-13 07:58:43,2026-09-14 07:30:51,,1,0,47.85,7177.5
12772,2143,2,,,70,0,47.95,3356.5,,0,0,,0,0,3356.5,,2026-09-13 07:58:43,2026-09-14 07:30:51,,1,0,47.85,3349.5
12773,2143,4,,,30,0,47.95,1438.5,,0,0,,0,0,1438.5,,2026-09-13 07:58:43,2026-09-14 07:30:51,,1,0,47.85,1435.5
12774,2144,1,,,150,0,47.95,7192.5,,0,0,,0,0,7192.5,,2026-09-13 08:02:50,2026-09-14 07:30:52,,1,0,47.85,7177.5
12775,2144,2,,,80,0,47.95,3836,,0,0,,0,0,3836,,2026-09-13 08:02:50,2026-09-14 07:30:52,,1,0,47.85,3828
12776,2144,4,,,20,0,47.95,959,,0,0,,0,0,959,,2026-09-13 08:02:50,2026-09-14 07:30:52,,1,0,47.85,957
12777,2145,1,,,410,0,47.95,19659.5,,0,0,,0,0,19659.5,,2026-09-13 08:04:34,2026-09-14 06:28:57,,1,0,47.85,19618.5
12778,2145,2,,,300,0,47.95,14385,,0,0,,0,0,14385,,2026-09-13 08:04:34,2026-09-14 06:28:57,,1,0,47.85,14355
12779,2145,4,,,100,0,47.95,4795,,0,0,,0,0,4795,,2026-09-13 08:04:34,2026-09-14 06:28:57,,1,0,47.85,4785
12780,2146,1,,,270,0,47.95,12946.5,,0,0,,0,0,12946.5,,2026-09-13 08:05:05,2026-09-14 07:30:52,,1,0,47.85,12919.5
12781,2146,2,,,180,0,47.95,8631,,0,0,,0,0,8631,,2026-09-13 08:05:05,2026-09-14 07:30:52,,1,0,47.85,8613
12782,2146,4,,,50,0,47.95,2397.5,,0,0,,0,0,2397.5,,2026-09-13 08:05:05,2026-09-14 07:30:52,,1,0,47.85,2392.5
12783,2147,1,,,30,0,47.95,1438.5,,0,0,,0,0,1438.5,,2026-09-13 08:06:32,2026-09-14 06:28:58,,1,0,47.85,1435.5
12784,2147,2,,,20,0,47.95,959,,0,0,,0,0,959,,2026-09-13 08:06:32,2026-09-14 06:28:58,,1,0,47.85,957
12785,2148,1,,,250,0,47.95,11987.5,,0,0,,0,0,11987.5,,2026-09-13 08:08:15,2026-09-14 06:28:59,,1,0,47.85,11962.5
12786,2148,2,,,100,0,47.95,4795,,0,0,,0,0,4795,,2026-09-13 08:08:15,2026-09-14 06:28:59,,1,0,47.85,4785
12787,2148,4,,,50,0,47.95,2397.5,,0,0,,0,0,2397.5,,2026-09-13 08:08:15,2026-09-14 06:28:59,,1,0,47.85,2392.5
12788,2149,4,,,60,0,47.95,2877,,0,0,,0,0,2877,,2026-09-13 08:09:37,2026-09-14 07:30:53,,1,0,47.85,2871
12789,2149,2,,,310,0,47.95,14864.5,,0,0,,0,0,14864.5,,2026-09-13 08:09:37,2026-09-14 07:30:53,,1,0,47.85,14833.5
12790,2149,1,,,200,0,47.95,9590,,0,0,,0,0,9590,,2026-09-13 08:09:37,2026-09-14 07:30:53,,1,0,47.85,9570
12791,2150,1,,,500,0,47.95,23975,,0,0,,0,0,23975,,2026-09-13 08:13:11,2026-09-14 06:28:59,,1,0,47.85,23925
12792,2150,2,,,1400,0,47.95,67130,,0,0,,0,0,67130,,2026-09-13 08:13:11,2026-09-14 06:28:59,,1,0,47.85,66990
12793,2150,4,,,100,0,47.95,4795,,0,0,,0,0,4795,,2026-09-13 08:13:11,2026-09-14 06:28:59,,1,0,47.85,4785
12794,2151,1,,,70,0,47.95,3356.5,,0,0,,0,0,3356.5,,2026-09-13 08:17:16,2026-09-14 06:29:00,,1,0,47.85,3349.5
12795,2151,2,,,20,0,47.95,959,,0,0,,0,0,959,,2026-09-13 08:17:16,2026-09-14 06:29:00,,1,0,47.85,957
12796,2151,4,,,10,0,47.95,479.5,,0,0,,0,0,479.5,,2026-09-13 08:17:16,2026-09-14 06:29:00,,1,0,47.85,478.5
12797,2152,1,,,130,0,47.95,6233.5,,0,0,,0,0,6233.5,,2026-09-13 08:17:52,2026-09-14 06:29:01,,1,0,47.85,6220.5
12798,2152,2,,,50,0,47.95,2397.5,,0,0,,0,0,2397.5,,2026-09-13 08:17:52,2026-09-14 06:29:01,,1,0,47.85,2392.5
12799,2152,4,,,20,0,47.95,959,,0,0,,0,0,959,,2026-09-13 08:17:52,2026-09-14 06:29:01,,1,0,47.85,957
12800,2153,1,,,400,0,47.95,19180,,0,0,,0,0,19180,,2026-09-13 08:21:17,2026-09-14 07:30:54,,1,0,47.85,19140
12801,2153,2,,,60,0,47.95,2877,,0,0,,0,0,2877,,2026-09-13 08:21:17,2026-09-14 07:30:54,,1,0,47.85,2871
12802,2153,4,,,40,0,47.95,1918,,0,0,,0,0,1918,,2026-09-13 08:21:17,2026-09-14 07:30:54,,1,0,47.85,1914
12803,2154,1,,,40,0,47.95,1918,,0,0,,0,0,1918,,2026-09-13 08:22:06,2026-09-14 07:30:55,,1,0,47.85,1914
12804,2154,2,,,30,0,47.95,1438.5,,0,0,,0,0,1438.5,,2026-09-13 08:22:06,2026-09-14 07:30:55,,1,0,47.85,1435.5
12805,2154,4,,,10,0,47.95,479.5,,0,0,,0,0,479.5,,2026-09-13 08:22:06,2026-09-14 07:30:55,,1,0,47.85,478.5
12806,2155,1,,,130,0,47.95,6233.5,,0,0,,0,0,6233.5,,2026-09-13 08:24:31,2026-09-14 07:30:56,,1,0,47.85,6220.5
12807,2155,2,,,50,0,47.95,2397.5,,0,0,,0,0,2397.5,,2026-09-13 08:24:31,2026-09-14 07:30:56,,1,0,47.85,2392.5
12808,2155,4,,,20,0,47.95,959,,0,0,,0,0,959,,2026-09-13 08:24:31,2026-09-14 07:30:56,,1,0,47.85,957
12809,2156,1,,,60,0,47.95,2877,,0,0,,0,0,2877,,2026-09-13 08:25:32,2026-09-14 07:30:56,,1,0,47.85,2871
12810,2156,2,,,30,0,47.95,1438.5,,0,0,,0,0,1438.5,,2026-09-13 08:25:32,2026-09-14 07:30:56,,1,0,47.85,1435.5
12811,2156,4,,,10,0,47.95,479.5,,0,0,,0,0,479.5,,2026-09-13 08:25:32,2026-09-14 07:30:56,,1,0,47.85,478.5
12812,2157,1,,,150,0,47.95,7192.5,,0,0,,0,0,7192.5,,2026-09-13 08:26:27,2026-09-14 07:30:57,,1,0,47.85,7177.5
12813,2157,2,,,120,0,47.95,5754,,0,0,,0,0,5754,,2026-09-13 08:26:27,2026-09-14 07:30:57,,1,0,47.85,5742
12814,2157,4,,,30,0,47.95,1438.5,,0,0,,0,0,1438.5,,2026-09-13 08:26:27,2026-09-14 07:30:57,,1,0,47.85,1435.5
12815,2158,1,,,60,0,47.95,2877,,0,0,,0,0,2877,,2026-09-13 08:27:06,2026-09-14 07:30:58,,1,0,47.85,2871
12816,2158,2,,,30,0,47.95,1438.5,,0,0,,0,0,1438.5,,2026-09-13 08:27:06,2026-09-14 07:30:58,,1,0,47.85,1435.5
12817,2158,4,,,10,0,47.95,479.5,,0,0,,0,0,479.5,,2026-09-13 08:27:06,2026-09-14 07:30:58,,1,0,47.85,478.5
12818,2159,1,,,50,0,47.95,2397.5,,0,0,,0,0,2397.5,,2026-09-13 08:28:27,2026-09-14 07:30:59,,1,0,47.85,2392.5
12819,2159,2,,,40,0,47.95,1918,,0,0,,0,0,1918,,2026-09-13 08:28:27,2026-09-14 07:30:59,,1,0,47.85,1914
12820,2159,4,,,10,0,47.95,479.5,,0,0,,0,0,479.5,,2026-09-13 08:28:27,2026-09-14 07:30:59,,1,0,47.85,478.5
12821,2160,1,,,30,0,47.95,1438.5,,0,0,,0,0,1438.5,,2026-09-13 08:28:46,2026-09-14 07:31:00,,1,0,47.85,1435.5
12822,2160,2,,,30,0,47.95,1438.5,,0,0,,0,0,1438.5,,2026-09-13 08:28:46,2026-09-14 07:31:00,,1,0,47.85,1435.5
12823,2161,1,,,170,0,47.95,8151.5,,0,0,,0,0,8151.5,,2026-09-13 08:29:33,2026-09-14 06:29:01,,1,0,47.85,8134.5
12824,2161,2,,,50,0,47.95,2397.5,,0,0,,0,0,2397.5,,2026-09-13 08:29:33,2026-09-14 06:29:01,,1,0,47.85,2392.5
12825,2161,4,,,30,0,47.95,1438.5,,0,0,,0,0,1438.5,,2026-09-13 08:29:33,2026-09-14 06:29:01,,1,0,47.85,1435.5
12826,2162,1,,,80,0,47.95,3836,,0,0,,0,0,3836,,2026-09-13 08:30:38,2026-09-14 07:31:01,,1,0,47.85,3828
12827,2162,2,,,50,0,47.95,2397.5,,0,0,,0,0,2397.5,,2026-09-13 08:30:38,2026-09-14 07:31:01,,1,0,47.85,2392.5
12828,2162,4,,,10,0,47.95,479.5,,0,0,,0,0,479.5,,2026-09-13 08:30:38,2026-09-14 07:31:01,,1,0,47.85,478.5
12829,2163,1,,,60,0,47.95,2877,,0,0,,0,0,2877,,2026-09-13 08:31:37,2026-09-14 07:31:02,,1,0,47.85,2871
12830,2163,2,,,30,0,47.95,1438.5,,0,0,,0,0,1438.5,,2026-09-13 08:31:37,2026-09-14 07:31:02,,1,0,47.85,1435.5
12831,2163,4,,,10,0,47.95,479.5,,0,0,,0,0,479.5,,2026-09-13 08:31:37,2026-09-14 07:31:02,,1,0,47.85,478.5
12832,2164,1,,,60,0,47.95,2877,,0,0,,0,0,2877,,2026-09-13 08:32:12,2026-09-14 07:31:02,,1,0,47.85,2871
12833,2164,2,,,30,0,47.95,1438.5,,0,0,,0,0,1438.5,,2026-09-13 08:32:12,2026-09-14 07:31:02,,1,0,47.85,1435.5
12834,2164,4,,,10,0,47.95,479.5,,0,0,,0,0,479.5,,2026-09-13 08:32:12,2026-09-14 07:31:02,,1,0,47.85,478.5
12835,2165,1,,,50,0,47.95,2397.5,,0,0,,0,0,2397.5,,2026-09-13 08:33:07,2026-09-14 07:31:03,,1,0,47.85,2392.5
12836,2165,2,,,40,0,47.95,1918,,0,0,,0,0,1918,,2026-09-13 08:33:07,2026-09-14 07:31:03,,1,0,47.85,1914
12837,2165,4,,,10,0,47.95,479.5,,0,0,,0,0,479.5,,2026-09-13 08:33:07,2026-09-14 07:31:03,,1,0,47.85,478.5
12838,2166,1,,,50,0,47.95,2397.5,,0,0,,0,0,2397.5,,2026-09-13 08:34:02,2026-09-14 07:31:04,,1,0,47.85,2392.5
12839,2166,2,,,40,0,47.95,1918,,0,0,,0,0,1918,,2026-09-13 08:34:02,2026-09-14 07:31:04,,1,0,47.85,1914
12840,2166,4,,,10,0,47.95,479.5,,0,0,,0,0,479.5,,2026-09-13 08:34:02,2026-09-14 07:31:04,,1,0,47.85,478.5
12841,2167,1,,,140,0,47.95,6713,,0,0,,0,0,6713,,2026-09-13 08:34:24,2026-09-14 06:29:02,,1,0,47.85,6699
12842,2167,4,,,20,0,47.95,959,,0,0,,0,0,959,,2026-09-13 08:34:24,2026-09-14 06:29:02,,1,0,47.85,957
12843,2167,2,,,50,0,47.95,2397.5,,0,0,,0,0,2397.5,,2026-09-13 08:34:24,2026-09-14 06:29:02,,1,0,47.85,2392.5
12844,2168,1,,,580,0,47.95,27811,,0,0,,0,0,27811,,2026-09-13 08:34:58,2026-09-14 07:31:05,,1,0,47.85,27753
12845,2168,4,,,70,0,47.95,3356.5,,0,0,,0,0,3356.5,,2026-09-13 08:34:58,2026-09-14 07:31:05,,1,0,47.85,3349.5
12846,2169,1,,,130,0,47.95,6233.5,,0,0,,0,0,6233.5,,2026-09-13 08:37:16,2026-09-14 07:31:05,,1,0,47.85,6220.5
12847,2169,2,,,80,0,47.95,3836,,0,0,,0,0,3836,,2026-09-13 08:37:16,2026-09-14 07:31:05,,1,0,47.85,3828
12848,2169,4,,,20,0,47.95,959,,0,0,,0,0,959,,2026-09-13 08:37:16,2026-09-14 07:31:05,,1,0,47.85,957
12849,2170,1,,,800,0,47.95,38360,,0,0,,0,0,38360,,2026-09-13 08:38:17,2026-09-14 07:31:06,,1,0,47.85,38280
12850,2170,2,,,100,0,47.95,4795,,0,0,,0,0,4795,,2026-09-13 08:38:17,2026-09-14 07:31:06,,1,0,47.85,4785
12851,2170,4,,,100,0,47.95,4795,,0,0,,0,0,4795,,2026-09-13 08:38:17,2026-09-14 07:31:06,,1,0,47.85,4785
12852,2171,1,,,300,0,47.95,14385,,0,0,,0,0,14385,,2026-09-13 08:41:11,2026-09-14 07:31:07,,1,0,47.85,14355
12853,2171,2,,,240,0,47.95,11508,,0,0,,0,0,11508,,2026-09-13 08:41:11,2026-09-14 07:31:07,,1,0,47.85,11484
12854,2171,4,,,60,0,47.95,2877,,0,0,,0,0,2877,,2026-09-13 08:41:11,2026-09-14 07:31:07,,1,0,47.85,2871
12855,2172,1,,,100,0,47.95,4795,,0,0,,0,0,4795,,2026-09-13 08:45:44,2026-09-14 06:29:03,,1,0,47.85,4785
12856,2172,2,,,30,0,47.95,1438.5,,0,0,,0,0,1438.5,,2026-09-13 08:45:44,2026-09-14 06:29:03,,1,0,47.85,1435.5
12857,2172,4,,,20,0,47.95,959,,0,0,,0,0,959,,2026-09-13 08:45:44,2026-09-14 06:29:03,,1,0,47.85,957
12858,2173,1,,,1850,0,47.95,88707.5,,0,0,,0,0,88707.5,,2026-09-13 08:46:02,2026-09-14 07:31:08,,1,0,47.85,88522.5
12859,2173,4,,,150,0,47.95,7192.5,,0,0,,0,0,7192.5,,2026-09-13 08:46:02,2026-09-14 07:31:08,,1,0,47.85,7177.5
12860,2174,1,,,70,0,47.95,3356.5,,0,0,,0,0,3356.5,,2026-09-13 08:47:12,2026-09-14 07:31:08,,1,0,47.85,3349.5
12861,2174,2,,,40,0,47.95,1918,,0,0,,0,0,1918,,2026-09-13 08:47:12,2026-09-14 07:31:08,,1,0,47.85,1914
12862,2174,4,,,10,0,47.95,479.5,,0,0,,0,0,479.5,,2026-09-13 08:47:12,2026-09-14 07:31:08,,1,0,47.85,478.5
12863,2175,1,,,80,0,47.95,3836,,0,0,,0,0,3836,,2026-09-13 08:49:20,2026-09-14 06:29:04,,1,0,47.85,3828
12864,2175,2,,,50,0,47.95,2397.5,,0,0,,0,0,2397.5,,2026-09-13 08:49:20,2026-09-14 06:29:04,,1,0,47.85,2392.5
12865,2175,4,,,10,0,47.95,479.5,,0,0,,0,0,479.5,,2026-09-13 08:49:20,2026-09-14 06:29:04,,1,0,47.85,478.5
12866,2176,1,,,150,0,47.95,7192.5,,0,0,,0,0,7192.5,,2026-09-13 08:52:01,2026-09-14 06:29:04,,1,0,47.85,7177.5
12867,2176,2,,,80,0,47.95,3836,,0,0,,0,0,3836,,2026-09-13 08:52:01,2026-09-14 06:29:04,,1,0,47.85,3828
12868,2176,4,,,20,0,47.95,959,,0,0,,0,0,959,,2026-09-13 08:52:01,2026-09-14 06:29:04,,1,0,47.85,957
12869,2177,1,,,100,0,47.95,4795,,0,0,,0,0,4795,,2026-09-13 08:52:55,2026-09-14 07:31:09,,1,0,47.85,4785
12870,2177,2,,,40,0,47.95,1918,,0,0,,0,0,1918,,2026-09-13 08:52:55,2026-09-14 07:31:09,,1,0,47.85,1914
12871,2177,4,,,10,0,47.95,479.5,,0,0,,0,0,479.5,,2026-09-13 08:52:55,2026-09-14 07:31:09,,1,0,47.85,478.5
12872,2178,1,,,60,0,47.95,2877,,0,0,,0,0,2877,,2026-09-13 08:54:23,2026-09-14 07:31:10,,1,0,47.85,2871
12873,2178,2,,,30,0,47.95,1438.5,,0,0,,0,0,1438.5,,2026-09-13 08:54:23,2026-09-14 07:31:10,,1,0,47.85,1435.5
12874,2178,4,,,10,0,47.95,479.5,,0,0,,0,0,479.5,,2026-09-13 08:54:23,2026-09-14 07:31:10,,1,0,47.85,478.5
12875,2179,4,,,40,0,47.95,1918,,0,0,,0,0,1918,,2026-09-13 08:54:55,2026-09-14 07:31:11,,1,0,47.85,1914
12876,2179,1,,,140,0,47.95,6713,,0,0,,0,0,6713,,2026-09-13 08:54:55,2026-09-14 07:31:11,,1,0,47.85,6699
12877,2179,2,,,220,0,47.95,10549,,0,0,,0,0,10549,,2026-09-13 08:54:55,2026-09-14 07:31:11,,1,0,47.85,10527
12878,2180,1,,,140,0,47.95,6713,,0,0,,0,0,6713,,2026-09-13 08:55:07,2026-09-14 06:29:05,,1,0,47.85,6699
12879,2180,2,,,50,0,47.95,2397.5,,0,0,,0,0,2397.5,,2026-09-13 08:55:07,2026-09-14 06:29:05,,1,0,47.85,2392.5
12880,2180,4,,,20,0,47.95,959,,0,0,,0,0,959,,2026-09-13 08:55:08,2026-09-14 06:29:05,,1,0,47.85,957
12881,2181,1,,,60,0,47.95,2877,,0,0,,0,0,2877,,2026-09-13 08:57:30,2026-09-14 07:31:11,,1,0,47.85,2871
12882,2181,2,,,40,0,47.95,1918,,0,0,,0,0,1918,,2026-09-13 08:57:30,2026-09-14 07:31:11,,1,0,47.85,1914
12883,2181,4,,,10,0,47.95,479.5,,0,0,,0,0,479.5,,2026-09-13 08:57:30,2026-09-14 07:31:11,,1,0,47.85,478.5
12884,2182,4,,,70,0,47.95,3356.5,,0,0,,0,0,3356.5,,2026-09-13 08:58:29,2026-09-14 07:31:12,,1,0,47.85,3349.5
12885,2182,2,,,180,0,47.95,8631,,0,0,,0,0,8631,,2026-09-13 08:58:29,2026-09-14 07:31:12,,1,0,47.85,8613
12886,2182,1,,,500,0,47.95,23975,,0,0,,0,0,23975,,2026-09-13 08:58:29,2026-09-14 07:31:12,,1,0,47.85,23925
12887,2183,1,,,60,0,47.95,2877,,0,0,,0,0,2877,,2026-09-13 09:00:49,2026-09-14 06:29:06,,1,0,47.85,2871
12888,2183,2,,,30,0,47.95,1438.5,,0,0,,0,0,1438.5,,2026-09-13 09:00:49,2026-09-14 06:29:06,,1,0,47.85,1435.5
12889,2183,4,,,10,0,47.95,479.5,,0,0,,0,0,479.5,,2026-09-13 09:00:49,2026-09-14 06:29:06,,1,0,47.85,478.5
12890,2184,4,,,10,0,47.95,479.5,,0,0,,0,0,479.5,,2026-09-13 09:01:02,2026-09-14 07:31:13,,1,0,47.85,478.5
12891,2184,2,,,20,0,47.95,959,,0,0,,0,0,959,,2026-09-13 09:01:02,2026-09-14 07:31:13,,1,0,47.85,957
12892,2184,1,,,40,0,47.95,1918,,0,0,,0,0,1918,,2026-09-13 09:01:02,2026-09-14 07:31:13,,1,0,47.85,1914
12893,2185,4,,,50,0,47.95,2397.5,,0,0,,0,0,2397.5,,2026-09-13 09:01:38,2026-09-14 07:31:14,,1,0,47.85,2392.5
12894,2185,2,,,150,0,47.95,7192.5,,0,0,,0,0,7192.5,,2026-09-13 09:01:38,2026-09-14 07:31:14,,1,0,47.85,7177.5
12895,2185,1,,,300,0,47.95,14385,,0,0,,0,0,14385,,2026-09-13 09:01:38,2026-09-14 07:31:14,,1,0,47.85,14355
12896,2186,1,,,70,0,47.95,3356.5,,0,0,,0,0,3356.5,,2026-09-13 09:03:48,2026-09-14 06:29:06,,1,0,47.85,3349.5
12897,2186,2,,,40,0,47.95,1918,,0,0,,0,0,1918,,2026-09-13 09:03:48,2026-09-14 06:29:06,,1,0,47.85,1914
12898,2186,4,,,40,0,47.95,1918,,0,0,,0,0,1918,,2026-09-13 09:03:48,2026-09-14 06:29:06,,1,0,47.85,1914
12899,2187,4,,,20,0,47.95,959,,0,0,,0,0,959,,2026-09-13 09:05:55,2026-09-14 06:29:07,,1,0,47.85,957
12900,2187,2,,,50,0,47.95,2397.5,,0,0,,0,0,2397.5,,2026-09-13 09:05:55,2026-09-14 06:29:07,,1,0,47.85,2392.5
12901,2187,1,,,130,0,47.95,6233.5,,0,0,,0,0,6233.5,,2026-09-13 09:05:55,2026-09-14 06:29:07,,1,0,47.85,6220.5
12902,2188,1,,,200,0,47.95,9590,,0,0,,0,0,9590,,2026-09-13 09:11:11,2026-09-14 07:31:15,,1,0,47.85,9570
12903,2188,2,,,70,0,47.95,3356.5,,0,0,,0,0,3356.5,,2026-09-13 09:11:11,2026-09-14 07:31:15,,1,0,47.85,3349.5
12904,2188,4,,,30,0,47.95,1438.5,,0,0,,0,0,1438.5,,2026-09-13 09:11:11,2026-09-14 07:31:15,,1,0,47.85,1435.5
12905,2189,1,,,350,0,47.95,16782.5,,0,0,,0,0,16782.5,,2026-09-13 09:16:22,2026-09-14 06:29:08,,1,0,47.85,16747.5
12906,2189,2,,,100,0,47.95,4795,,0,0,,0,0,4795,,2026-09-13 09:16:22,2026-09-14 06:29:08,,1,0,47.85,4785
12907,2189,4,,,50,0,47.95,2397.5,,0,0,,0,0,2397.5,,2026-09-13 09:16:22,2026-09-14 06:29:08,,1,0,47.85,2392.5
12908,2190,1,,,80,0,47.95,3836,,0,0,,0,0,3836,,2026-09-13 09:19:38,2026-09-14 07:31:16,,1,0,47.85,3828
12909,2190,2,,,60,0,47.95,2877,,0,0,,0,0,2877,,2026-09-13 09:19:38,2026-09-14 07:31:16,,1,0,47.85,2871
12910,2190,4,,,10,0,47.95,479.5,,0,0,,0,0,479.5,,2026-09-13 09:19:38,2026-09-14 07:31:16,,1,0,47.85,478.5
12911,2191,4,,,100,0,47.95,4795,,0,0,,0,0,4795,,2026-09-13 09:20:33,2026-09-14 07:31:17,,1,0,47.85,4785
12912,2191,2,,,300,0,47.95,14385,,0,0,,0,0,14385,,2026-09-13 09:20:33,2026-09-14 07:31:17,,1,0,47.85,14355
12913,2191,1,,,600,0,47.95,28770,,0,0,,0,0,28770,,2026-09-13 09:20:33,2026-09-14 07:31:17,,1,0,47.85,28710
12914,2192,1,,,300,0,47.95,14385,,0,0,,0,0,14385,,2026-09-13 09:21:43,2026-09-14 06:29:09,,1,0,47.85,14355
12915,2192,2,,,150,0,47.95,7192.5,,0,0,,0,0,7192.5,,2026-09-13 09:21:43,2026-09-14 06:29:09,,1,0,47.85,7177.5
12916,2192,4,,,50,0,47.95,2397.5,,0,0,,0,0,2397.5,,2026-09-13 09:21:43,2026-09-14 06:29:09,,1,0,47.85,2392.5
12917,2193,1,,,300,0,47.95,14385,,0,0,,0,0,14385,,2026-09-13 09:24:58,2026-09-14 06:29:09,,1,0,47.85,14355
12918,2193,2,,,150,0,47.95,7192.5,,0,0,,0,0,7192.5,,2026-09-13 09:24:58,2026-09-14 06:29:09,,1,0,47.85,7177.5
12919,2193,4,,,50,0,47.95,2397.5,,0,0,,0,0,2397.5,,2026-09-13 09:24:58,2026-09-14 06:29:09,,1,0,47.85,2392.5
12920,2194,1,,,150,0,47.95,7192.5,,0,0,,0,0,7192.5,,2026-09-13 09:28:20,2026-09-14 06:29:10,,1,0,47.85,7177.5
12921,2194,2,,,30,0,47.95,1438.5,,0,0,,0,0,1438.5,,2026-09-13 09:28:20,2026-09-14 06:29:10,,1,0,47.85,1435.5
12922,2194,4,,,20,0,47.95,959,,0,0,,0,0,959,,2026-09-13 09:28:20,2026-09-14 06:29:10,,1,0,47.85,957
12923,2195,4,,,250,0,47.95,11987.5,,0,0,,0,0,11987.5,,2026-09-13 09:33:29,2026-09-14 07:31:18,,1,0,47.85,11962.5
12924,2195,2,,,1500,0,47.95,71925,,0,0,,0,0,71925,,2026-09-13 09:33:29,2026-09-14 07:31:18,,1,0,47.85,71775
12925,2195,1,,,6500,0,47.95,311675,,0,0,,0,0,311675,,2026-09-13 09:33:29,2026-09-14 07:31:18,,1,0,47.85,311025
12926,2196,1,,,150,0,47.95,7192.5,,0,0,,0,0,7192.5,,2026-09-13 09:40:13,2026-09-14 06:29:11,,1,0,47.85,7177.5
12927,2196,2,,,70,0,47.95,3356.5,,0,0,,0,0,3356.5,,2026-09-13 09:40:13,2026-09-14 06:29:11,,1,0,47.85,3349.5
12928,2197,1,,,450,0,47.95,21577.5,,0,0,,0,0,21577.5,,2026-09-13 09:46:00,2026-09-14 06:29:12,,1,0,47.85,21532.5
12929,2197,4,,,50,0,47.95,2397.5,,0,0,,0,0,2397.5,,2026-09-13 09:46:00,2026-09-14 06:29:12,,1,0,47.85,2392.5
12930,2198,4,,,70,0,47.95,3356.5,,0,0,,0,0,3356.5,,2026-09-13 09:47:04,2026-09-14 07:31:18,,1,0,47.85,3349.5
12931,2198,2,,,230,0,47.95,11028.5,,0,0,,0,0,11028.5,,2026-09-13 09:47:04,2026-09-14 07:31:18,,1,0,47.85,11005.5
12932,2198,1,,,400,0,47.95,19180,,0,0,,0,0,19180,,2026-09-13 09:47:04,2026-09-14 07:31:18,,1,0,47.85,19140
12933,2199,1,,,300,0,47.95,14385,,0,0,,0,0,14385,,2026-09-13 09:57:28,2026-09-14 06:29:12,,1,0,47.85,14355
12934,2199,2,,,30,0,47.95,1438.5,,0,0,,0,0,1438.5,,2026-09-13 09:57:28,2026-09-14 06:29:12,,1,0,47.85,1435.5
12935,2199,4,,,20,0,47.95,959,,0,0,,0,0,959,,2026-09-13 09:57:28,2026-09-14 06:29:12,,1,0,47.85,957
12936,2200,1,,,300,0,47.95,14385,,0,0,,0,0,14385,,2026-09-13 10:02:48,2026-09-14 06:29:13,,1,0,47.85,14355
12937,2200,4,,,200,0,47.95,9590,,0,0,,0,0,9590,,2026-09-13 10:02:48,2026-09-14 06:29:13,,1,0,47.85,9570
12938,2201,1,,,1500,0,47.95,71925,,0,0,,0,0,71925,,2026-09-13 10:10:13,2026-09-14 06:29:14,,1,0,47.85,71775
12939,2202,1,,,300,0,47.95,14385,,0,0,,0,0,14385,,2026-09-13 10:17:43,2026-09-14 07:31:19,,1,0,47.85,14355
12940,2202,2,,,200,0,47.95,9590,,0,0,,0,0,9590,,2026-09-13 10:17:43,2026-09-14 07:31:19,,1,0,47.85,9570
12941,2203,1,,,130,0,47.95,6233.5,,0,0,,0,0,6233.5,,2026-09-13 10:21:44,2026-09-14 06:29:15,,1,0,47.85,6220.5
12942,2203,2,,,50,0,47.95,2397.5,,0,0,,0,0,2397.5,,2026-09-13 10:21:44,2026-09-14 06:29:15,,1,0,47.85,2392.5
12943,2203,4,,,20,0,47.95,959,,0,0,,0,0,959,,2026-09-13 10:21:44,2026-09-14 06:29:15,,1,0,47.85,957
12944,2204,1,,,800,0,47.95,38360,,0,0,,0,0,38360,,2026-09-13 10:23:25,2026-09-14 06:29:15,,1,0,47.85,38280
12945,2204,2,,,250,0,47.95,11987.5,,0,0,,0,0,11987.5,,2026-09-13 10:23:25,2026-09-14 06:29:15,,1,0,47.85,11962.5
12946,2205,1,,,400,0,47.95,19180,,0,0,,0,0,19180,,2026-09-13 10:30:41,2026-09-14 06:30:15,,1,0,47.85,19140
12947,2205,2,,,50,0,47.95,2397.5,,0,0,,0,0,2397.5,,2026-09-13 10:30:41,2026-09-14 06:30:15,,1,0,47.85,2392.5
12948,2205,4,,,50,0,47.95,2397.5,,0,0,,0,0,2397.5,,2026-09-13 10:30:41,2026-09-14 06:30:15,,1,0,47.85,2392.5
12949,2112,1,,,650,0,47.95,31167.5,,0,0,,0,0,31167.5,,2026-09-13 10:42:04,2026-09-14 06:30:16,,1,0,47.85,31102.5
12950,2112,2,,,320,0,47.95,15344,,0,0,,0,0,15344,,2026-09-13 10:42:04,2026-09-14 06:30:16,,1,0,47.85,15312
12951,2112,4,,,30,0,47.95,1438.5,,0,0,,0,0,1438.5,,2026-09-13 10:42:04,2026-09-14 06:30:16,,1,0,47.85,1435.5
12952,2206,1,1,1,410,0,47.95,19659.5,,0,0,,0,0,19659.5,,2026-09-13 11:10:08,2026-09-15 18:24:24,,1,0,47.85,19618.5
12953,2206,2,1,1,0,0,47.95,0,,0,0,,0,0,0,,2026-09-13 11:10:08,2026-09-15 18:24:24,,1,0,47.85,0
12954,2206,3,1,1,0,0,47.95,0,,0,0,,0,0,0,,2026-09-13 11:10:08,2026-09-15 18:24:24,,1,0,47.85,0
12955,2206,4,1,1,0,0,47.95,0,,0,0,,0,0,0,,2026-09-13 11:10:08,2026-09-15 18:24:24,,1,0,47.85,0
12956,2207,1,1,1,3630,0,47.95,174058.5,,0,0,,0,0,174058.5,,2026-09-13 11:10:42,2026-09-15 18:24:24,,1,0,47.85,173695.5
12957,2207,2,1,1,2810,0,47.95,134739.5,,0,0,,0,0,134739.5,,2026-09-13 11:10:42,2026-09-15 18:24:24,,1,0,47.85,134458.5
12958,2207,4,1,1,150,0,47.95,7192.5,,0,0,,0,0,7192.5,,2026-09-13 11:10:42,2026-09-15 18:24:24,,1,0,47.85,7177.5
13995,2208,1,,,30,0,47.95,1438.5,,0,0,,0,0,1438.5,,2026-09-14 06:30:16,2026-09-15 07:19:49,,1,0,47.85,1435.5
13996,2208,2,,,20,0,47.95,959,,0,0,,0,0,959,,2026-09-14 06:30:16,2026-09-15 07:19:49,,1,0,47.85,957
13997,2208,4,,,10,0,47.95,479.5,,0,0,,0,0,479.5,,2026-09-14 06:30:16,2026-09-15 07:19:49,,1,0,47.85,478.5
13998,2209,1,,,30,0,47.95,1438.5,,0,0,,0,0,1438.5,,2026-09-14 06:30:17,2026-09-15 07:19:50,,1,0,47.85,1435.5
13999,2209,2,,,10,0,47.95,479.5,,0,0,,0,0,479.5,,2026-09-14 06:30:17,2026-09-15 07:19:50,,1,0,47.85,478.5
14000,2209,4,,,10,0,47.95,479.5,,0,0,,0,0,479.5,,2026-09-14 06:30:17,2026-09-15 07:19:50,,1,0,47.85,478.5
14001,2210,1,,,50,0,47.95,2397.5,,0,0,,0,0,2397.5,,2026-09-14 06:30:18,2026-09-15 07:19:50,,1,0,47.85,2392.5
14002,2210,2,,,30,0,47.95,1438.5,,0,0,,0,0,1438.5,,2026-09-14 06:30:18,2026-09-15 07:19:50,,1,0,47.85,1435.5
14003,2210,4,,,20,0,47.95,959,,0,0,,0,0,959,,2026-09-14 06:30:18,2026-09-15 07:19:50,,1,0,47.85,957
14004,2211,1,,,50,0,47.95,2397.5,,0,0,,0,0,2397.5,,2026-09-14 06:33:13,2026-09-15 07:19:51,,1,0,47.85,2392.5
14005,2211,2,,,20,0,47.95,959,,0,0,,0,0,959,,2026-09-14 06:33:13,2026-09-15 07:19:51,,1,0,47.85,957
14006,2212,1,,,60,0,47.95,2877,,0,0,,0,0,2877,,2026-09-14 06:37:05,2026-09-15 07:19:52,,1,0,47.85,2871
14007,2212,2,,,30,0,47.95,1438.5,,0,0,,0,0,1438.5,,2026-09-14 06:37:05,2026-09-15 07:19:52,,1,0,47.85,1435.5
14008,2212,4,,,10,0,47.95,479.5,,0,0,,0,0,479.5,,2026-09-14 06:37:05,2026-09-15 07:19:52,,1,0,47.85,478.5
14009,2213,1,,,50,0,47.95,2397.5,,0,0,,0,0,2397.5,,2026-09-14 06:46:03,2026-09-14 06:47:21,2026-09-14 06:47:21,1,0,47.85,2392.5
14010,2213,2,,,20,0,47.95,959,,0,0,,0,0,959,,2026-09-14 06:46:03,2026-09-14 06:47:21,2026-09-14 06:47:21,1,0,47.85,957
14011,2213,4,,,10,0,47.95,479.5,,0,0,,0,0,479.5,,2026-09-14 06:46:03,2026-09-14 06:47:21,2026-09-14 06:47:21,1,0,47.85,478.5
14012,2213,1,,,40,0,47.95,1918,,0,0,,0,0,1918,,2026-09-14 06:47:21,2026-09-15 07:19:53,,1,0,47.85,1914
14013,2213,2,,,20,0,47.95,959,,0,0,,0,0,959,,2026-09-14 06:47:21,2026-09-15 07:19:53,,1,0,47.85,957
14014,2213,4,,,20,0,47.95,959,,0,0,,0,0,959,,2026-09-14 06:47:21,2026-09-15 07:19:53,,1,0,47.85,957
14015,2214,1,,,50,0,47.95,2397.5,,0,0,,0,0,2397.5,,2026-09-14 06:48:17,2026-09-15 07:19:54,,1,0,47.85,2392.5
14016,2214,2,,,80,0,47.95,3836,,0,0,,0,0,3836,,2026-09-14 06:48:17,2026-09-15 07:19:54,,1,0,47.85,3828
14017,2214,4,,,20,0,47.95,959,,0,0,,0,0,959,,2026-09-14 06:48:17,2026-09-15 07:19:54,,1,0,47.85,957
14018,2215,1,,,60,0,47.95,2877,,0,0,,0,0,2877,,2026-09-14 06:49:27,2026-09-15 07:19:55,,1,0,47.85,2871
14019,2215,2,,,30,0,47.95,1438.5,,0,0,,0,0,1438.5,,2026-09-14 06:49:27,2026-09-15 07:19:55,,1,0,47.85,1435.5
14020,2215,4,,,10,0,47.95,479.5,,0,0,,0,0,479.5,,2026-09-14 06:49:27,2026-09-15 07:19:55,,1,0,47.85,478.5
14185,2216,1,,,100,0,47.95,4795,,0,0,,0,0,4795,,2026-09-14 06:52:45,2026-09-15 07:19:56,,1,0,47.85,4785
14186,2216,2,,,80,0,47.95,3836,,0,0,,0,0,3836,,2026-09-14 06:52:45,2026-09-15 07:19:56,,1,0,47.85,3828
14187,2216,4,,,20,0,47.95,959,,0,0,,0,0,959,,2026-09-14 06:52:45,2026-09-15 07:19:56,,1,0,47.85,957
14188,2217,1,,,60,0,47.95,2877,,0,0,,0,0,2877,,2026-09-14 06:54:41,2026-09-15 07:19:57,,1,0,47.85,2871
14189,2217,2,,,30,0,47.95,1438.5,,0,0,,0,0,1438.5,,2026-09-14 06:54:41,2026-09-15 07:19:57,,1,0,47.85,1435.5
14190,2217,4,,,10,0,47.95,479.5,,0,0,,0,0,479.5,,2026-09-14 06:54:41,2026-09-15 07:19:57,,1,0,47.85,478.5
14191,2218,1,,,20,0,47.95,959,,0,0,,0,0,959,,2026-09-14 06:57:42,2026-09-14 06:57:55,2026-09-14 06:57:55,1,0,47.85,957
14192,2218,1,,,20,0,47.95,959,,0,0,,0,0,959,,2026-09-14 06:57:55,2026-09-15 07:19:58,,1,0,47.85,957
14193,2219,1,,,60,0,47.95,2877,,0,0,,0,0,2877,,2026-09-14 07:09:00,2026-09-15 07:19:59,,1,0,47.85,2871
14194,2219,2,,,20,0,47.95,959,,0,0,,0,0,959,,2026-09-14 07:09:00,2026-09-15 07:19:59,,1,0,47.85,957
14195,2219,4,,,10,0,47.95,479.5,,0,0,,0,0,479.5,,2026-09-14 07:09:00,2026-09-15 07:19:59,,1,0,47.85,478.5
14196,2220,1,,,80,0,47.95,3836,,0,0,,0,0,3836,,2026-09-14 07:10:05,2026-09-15 07:20:00,,1,0,47.85,3828
14197,2220,4,,,20,0,47.95,959,,0,0,,0,0,959,,2026-09-14 07:10:05,2026-09-15 07:20:00,,1,0,47.85,957
14198,2221,1,,,120,0,47.95,5754,,0,0,,0,0,5754,,2026-09-14 07:11:01,2026-09-15 07:20:00,,1,0,47.85,5742
14199,2221,2,,,50,0,47.95,2397.5,,0,0,,0,0,2397.5,,2026-09-14 07:11:01,2026-09-15 07:20:00,,1,0,47.85,2392.5
14200,2221,4,,,30,0,47.95,1438.5,,0,0,,0,0,1438.5,,2026-09-14 07:11:01,2026-09-15 07:20:00,,1,0,47.85,1435.5
14201,2222,1,,,250,0,47.95,11987.5,,0,0,,0,0,11987.5,,2026-09-14 07:13:08,2026-09-15 07:20:01,,1,0,47.85,11962.5
14202,2222,2,,,120,0,47.95,5754,,0,0,,0,0,5754,,2026-09-14 07:13:08,2026-09-15 07:20:01,,1,0,47.85,5742
14203,2222,4,,,30,0,47.95,1438.5,,0,0,,0,0,1438.5,,2026-09-14 07:13:08,2026-09-15 07:20:01,,1,0,47.85,1435.5
14204,2223,1,,,60,0,47.95,2877,,0,0,,0,0,2877,,2026-09-14 07:14:47,2026-09-15 07:20:04,,1,0,47.85,2871
14205,2223,2,,,30,0,47.95,1438.5,,0,0,,0,0,1438.5,,2026-09-14 07:14:47,2026-09-15 07:20:04,,1,0,47.85,1435.5
14206,2223,4,,,10,0,47.95,479.5,,0,0,,0,0,479.5,,2026-09-14 07:14:47,2026-09-15 07:20:04,,1,0,47.85,478.5
14207,2224,1,,,50,0,47.95,2397.5,,0,0,,0,0,2397.5,,2026-09-14 07:17:27,2026-09-15 07:20:04,,1,0,47.85,2392.5
14208,2224,2,,,40,0,47.95,1918,,0,0,,0,0,1918,,2026-09-14 07:17:27,2026-09-15 07:20:04,,1,0,47.85,1914
14209,2224,4,,,10,0,47.95,479.5,,0,0,,0,0,479.5,,2026-09-14 07:17:27,2026-09-15 07:20:04,,1,0,47.85,478.5
14210,2225,1,,,1250,0,47.95,59937.5,,0,0,,0,0,59937.5,,2026-09-14 07:18:21,2026-09-15 07:20:07,,1,0,47.85,59812.5
14211,2225,2,,,1000,0,47.95,47950,,0,0,,0,0,47950,,2026-09-14 07:18:21,2026-09-15 07:20:07,,1,0,47.85,47850
14212,2225,4,,,250,0,47.95,11987.5,,0,0,,0,0,11987.5,,2026-09-14 07:18:21,2026-09-15 07:20:07,,1,0,47.85,11962.5
14213,2226,1,,,1250,0,47.95,59937.5,,0,0,,0,0,59937.5,,2026-09-14 07:19:14,2026-09-15 07:20:07,,1,0,47.85,59812.5
14214,2226,2,,,1050,0,47.95,50347.5,,0,0,,0,0,50347.5,,2026-09-14 07:19:14,2026-09-15 07:20:07,,1,0,47.85,50242.5
14215,2226,4,,,200,0,47.95,9590,,0,0,,0,0,9590,,2026-09-14 07:19:14,2026-09-15 07:20:07,,1,0,47.85,9570
14216,2227,1,,,300,0,47.95,14385,,0,0,,0,0,14385,,2026-09-14 07:19:51,2026-09-15 07:20:08,,1,0,47.85,14355
14217,2227,2,,,150,0,47.95,7192.5,,0,0,,0,0,7192.5,,2026-09-14 07:19:51,2026-09-15 07:20:08,,1,0,47.85,7177.5
14218,2227,4,,,50,0,47.95,2397.5,,0,0,,0,0,2397.5,,2026-09-14 07:19:51,2026-09-15 07:20:08,,1,0,47.85,2392.5
14219,2228,1,,,80,0,47.95,3836,,0,0,,0,0,3836,,2026-09-14 07:24:12,2026-09-15 07:20:09,,1,0,47.85,3828
14220,2228,4,,,20,0,47.95,959,,0,0,,0,0,959,,2026-09-14 07:24:12,2026-09-15 07:20:09,,1,0,47.85,957
14221,2229,1,,,250,0,47.95,11987.5,,0,0,,0,0,11987.5,,2026-09-14 07:25:02,2026-09-15 07:20:10,,1,0,47.85,11962.5
14222,2229,2,,,220,0,47.95,10549,,0,0,,0,0,10549,,2026-09-14 07:25:02,2026-09-15 07:20:10,,1,0,47.85,10527
14223,2229,4,,,30,0,47.95,1438.5,,0,0,,0,0,1438.5,,2026-09-14 07:25:02,2026-09-15 07:20:10,,1,0,47.85,1435.5
14329,2230,1,,,150,0,47.95,7192.5,,0,0,,0,0,7192.5,,2026-09-14 07:27:08,2026-09-15 07:20:10,,1,0,47.85,7177.5
14330,2230,2,,,70,0,47.95,3356.5,,0,0,,0,0,3356.5,,2026-09-14 07:27:08,2026-09-15 07:20:10,,1,0,47.85,3349.5
14331,2230,4,,,30,0,47.95,1438.5,,0,0,,0,0,1438.5,,2026-09-14 07:27:08,2026-09-15 07:20:10,,1,0,47.85,1435.5
14425,2231,1,,,3000,0,47.95,143850,,0,0,,0,0,143850,,2026-09-14 07:27:56,2026-09-15 07:20:11,,1,0,47.85,143550
14426,2231,2,,,1750,0,47.95,83912.5,,0,0,,0,0,83912.5,,2026-09-14 07:27:56,2026-09-15 07:20:11,,1,0,47.85,83737.5
14427,2231,4,,,250,0,47.95,11987.5,,0,0,,0,0,11987.5,,2026-09-14 07:27:56,2026-09-15 07:20:11,,1,0,47.85,11962.5
14762,2232,2,,,80,0,47.95,3836,,0,0,,0,0,3836,,2026-09-14 07:29:37,2026-09-15 07:20:12,,1,0,47.85,3828
14763,2232,4,,,20,0,47.95,959,,0,0,,0,0,959,,2026-09-14 07:29:37,2026-09-15 07:20:12,,1,0,47.85,957
14764,2233,2,,,370,0,47.95,17741.5,,0,0,,0,0,17741.5,,2026-09-14 07:30:04,2026-09-15 07:20:12,,1,0,47.85,17704.5
14765,2233,4,,,30,0,47.95,1438.5,,0,0,,0,0,1438.5,,2026-09-14 07:30:04,2026-09-15 07:20:12,,1,0,47.85,1435.5
14980,2234,1,,,40,0,47.95,1918,,0,0,,0,0,1918,,2026-09-14 07:31:20,2026-09-15 06:56:17,,1,0,47.85,1914
14981,2234,2,,,20,0,47.95,959,,0,0,,0,0,959,,2026-09-14 07:31:20,2026-09-15 06:56:17,,1,0,47.85,957
14982,2234,4,,,10,0,47.95,479.5,,0,0,,0,0,479.5,,2026-09-14 07:31:20,2026-09-15 06:56:17,,1,0,47.85,478.5
14983,2235,1,,,100,0,47.95,4795,,0,0,,0,0,4795,,2026-09-14 07:31:21,2026-09-15 06:56:18,,1,0,47.85,4785
14984,2235,2,,,60,0,47.95,2877,,0,0,,0,0,2877,,2026-09-14 07:31:21,2026-09-15 06:56:18,,1,0,47.85,2871
14985,2235,4,,,20,0,47.95,959,,0,0,,0,0,959,,2026-09-14 07:31:21,2026-09-15 06:56:18,,1,0,47.85,957
14986,2236,1,,,30,0,47.95,1438.5,,0,0,,0,0,1438.5,,2026-09-14 07:31:49,2026-09-15 06:56:19,,1,0,47.85,1435.5
14987,2236,2,,,20,0,47.95,959,,0,0,,0,0,959,,2026-09-14 07:31:49,2026-09-15 06:56:19,,1,0,47.85,957
14988,2236,4,,,10,0,47.95,479.5,,0,0,,0,0,479.5,,2026-09-14 07:31:49,2026-09-15 06:56:19,,1,0,47.85,478.5
14989,2237,1,,,30,0,47.95,1438.5,,0,0,,0,0,1438.5,,2026-09-14 07:31:50,2026-09-15 06:56:22,,1,0,47.85,1435.5
14990,2237,2,,,10,0,47.95,479.5,,0,0,,0,0,479.5,,2026-09-14 07:31:50,2026-09-15 06:56:22,,1,0,47.85,478.5
14991,2237,4,,,10,0,47.95,479.5,,0,0,,0,0,479.5,,2026-09-14 07:31:50,2026-09-15 06:56:22,,1,0,47.85,478.5
14992,2238,1,,,100,0,47.95,4795,,0,0,,0,0,4795,,2026-09-14 07:31:51,2026-09-15 06:56:23,,1,0,47.85,4785
14993,2238,2,,,80,0,47.95,3836,,0,0,,0,0,3836,,2026-09-14 07:31:51,2026-09-15 06:56:23,,1,0,47.85,3828
14994,2238,4,,,20,0,47.95,959,,0,0,,0,0,959,,2026-09-14 07:31:51,2026-09-15 06:56:23,,1,0,47.85,957
14995,2239,1,,,120,0,47.95,5754,,0,0,,0,0,5754,,2026-09-14 07:32:28,2026-09-15 06:56:24,,1,0,47.85,5742
14996,2239,2,,,60,0,47.95,2877,,0,0,,0,0,2877,,2026-09-14 07:32:28,2026-09-15 06:56:24,,1,0,47.85,2871
14997,2239,4,,,20,0,47.95,959,,0,0,,0,0,959,,2026-09-14 07:32:28,2026-09-15 06:56:24,,1,0,47.85,957
14998,2240,1,,,50,0,47.95,2397.5,,0,0,,0,0,2397.5,,2026-09-14 07:33:42,2026-09-15 06:56:25,,1,0,47.85,2392.5
14999,2240,2,,,40,0,47.95,1918,,0,0,,0,0,1918,,2026-09-14 07:33:42,2026-09-15 06:56:25,,1,0,47.85,1914
15000,2240,4,,,10,0,47.95,479.5,,0,0,,0,0,479.5,,2026-09-14 07:33:42,2026-09-15 06:56:25,,1,0,47.85,478.5
15001,2241,1,,,100,0,47.95,4795,,0,0,,0,0,4795,,2026-09-14 07:33:48,2026-09-15 07:20:13,,1,0,47.85,4785
15002,2241,2,,,30,0,47.95,1438.5,,0,0,,0,0,1438.5,,2026-09-14 07:33:48,2026-09-15 07:20:13,,1,0,47.85,1435.5
15003,2241,4,,,20,0,47.95,959,,0,0,,0,0,959,,2026-09-14 07:33:48,2026-09-15 07:20:13,,1,0,47.85,957
15004,2242,1,,,10,0,47.95,479.5,,0,0,,0,0,479.5,,2026-09-14 07:34:14,2026-09-15 06:56:26,,1,0,47.85,478.5
15005,2242,2,,,10,0,47.95,479.5,,0,0,,0,0,479.5,,2026-09-14 07:34:14,2026-09-15 06:56:26,,1,0,47.85,478.5
15006,2243,1,,,300,0,47.95,14385,,0,0,,0,0,14385,,2026-09-14 07:34:23,2026-09-15 07:20:14,,1,0,47.85,14355
15007,2243,2,,,170,0,47.95,8151.5,,0,0,,0,0,8151.5,,2026-09-14 07:34:23,2026-09-15 07:20:14,,1,0,47.85,8134.5
15008,2243,4,,,30,0,47.95,1438.5,,0,0,,0,0,1438.5,,2026-09-14 07:34:23,2026-09-15 07:20:14,,1,0,47.85,1435.5
15009,2244,1,,,500,0,47.95,23975,,0,0,,0,0,23975,,2026-09-14 07:36:19,2026-09-15 06:56:26,,1,0,47.85,23925
15010,2244,2,,,500,0,47.95,23975,,0,0,,0,0,23975,,2026-09-14 07:36:19,2026-09-15 06:56:26,,1,0,47.85,23925
15011,2244,4,,,100,0,47.95,4795,,0,0,,0,0,4795,,2026-09-14 07:36:19,2026-09-15 06:56:26,,1,0,47.85,4785
15012,2245,1,,,120,0,47.95,5754,,0,0,,0,0,5754,,2026-09-14 07:36:27,2026-09-15 07:20:15,,1,0,47.85,5742
15013,2245,2,,,50,0,47.95,2397.5,,0,0,,0,0,2397.5,,2026-09-14 07:36:27,2026-09-15 07:20:15,,1,0,47.85,2392.5
15014,2245,4,,,30,0,47.95,1438.5,,0,0,,0,0,1438.5,,2026-09-14 07:36:27,2026-09-15 07:20:15,,1,0,47.85,1435.5
15015,2246,1,,,150,0,47.95,7192.5,,0,0,,0,0,7192.5,,2026-09-14 07:38:11,2026-09-15 07:20:16,,1,0,47.85,7177.5
15016,2246,2,,,80,0,47.95,3836,,0,0,,0,0,3836,,2026-09-14 07:38:11,2026-09-15 07:20:16,,1,0,47.85,3828
15017,2246,4,,,20,0,47.95,959,,0,0,,0,0,959,,2026-09-14 07:38:11,2026-09-15 07:20:16,,1,0,47.85,957
15018,2247,1,,,100,0,47.95,4795,,0,0,,0,0,4795,,2026-09-14 07:38:43,2026-09-15 07:20:16,,1,0,47.85,4785
15019,2247,2,,,30,0,47.95,1438.5,,0,0,,0,0,1438.5,,2026-09-14 07:38:43,2026-09-15 07:20:16,,1,0,47.85,1435.5
15020,2247,4,,,20,0,47.95,959,,0,0,,0,0,959,,2026-09-14 07:38:43,2026-09-15 07:20:16,,1,0,47.85,957
15021,2248,1,,,150,0,47.95,7192.5,,0,0,,0,0,7192.5,,2026-09-14 07:39:37,2026-09-15 06:56:27,,1,0,47.85,7177.5
15022,2248,2,,,210,0,47.95,10069.5,,0,0,,0,0,10069.5,,2026-09-14 07:39:37,2026-09-15 06:56:27,,1,0,47.85,10048.5
15023,2248,4,,,40,0,47.95,1918,,0,0,,0,0,1918,,2026-09-14 07:39:37,2026-09-15 06:56:27,,1,0,47.85,1914
15024,2249,1,,,60,0,47.95,2877,,0,0,,0,0,2877,,2026-09-14 07:39:48,2026-09-15 07:20:17,,1,0,47.85,2871
15025,2249,2,,,30,0,47.95,1438.5,,0,0,,0,0,1438.5,,2026-09-14 07:39:48,2026-09-15 07:20:17,,1,0,47.85,1435.5
15026,2249,4,,,10,0,47.95,479.5,,0,0,,0,0,479.5,,2026-09-14 07:39:48,2026-09-15 07:20:17,,1,0,47.85,478.5
15027,2250,1,,,50,0,47.95,2397.5,,0,0,,0,0,2397.5,,2026-09-14 07:40:07,2026-09-15 06:56:28,,1,0,47.85,2392.5
15028,2250,2,,,40,0,47.95,1918,,0,0,,0,0,1918,,2026-09-14 07:40:07,2026-09-15 06:56:28,,1,0,47.85,1914
15029,2250,4,,,10,0,47.95,479.5,,0,0,,0,0,479.5,,2026-09-14 07:40:07,2026-09-15 06:56:28,,1,0,47.85,478.5
15030,2251,1,,,20,0,47.95,959,,0,0,,0,0,959,,2026-09-14 07:40:11,2026-09-15 07:20:18,,1,0,47.85,957
15031,2252,1,,,50,0,47.95,2397.5,,0,0,,0,0,2397.5,,2026-09-14 07:41:26,2026-09-15 06:56:28,,1,0,47.85,2392.5
15032,2252,2,,,20,0,47.95,959,,0,0,,0,0,959,,2026-09-14 07:41:26,2026-09-15 06:56:28,,1,0,47.85,957
15033,2252,4,,,10,0,47.95,479.5,,0,0,,0,0,479.5,,2026-09-14 07:41:26,2026-09-15 06:56:28,,1,0,47.85,478.5
15034,2253,1,,,300,0,47.95,14385,,0,0,,0,0,14385,,2026-09-14 07:41:52,2026-09-15 07:20:18,,1,0,47.85,14355
15035,2253,2,,,150,0,47.95,7192.5,,0,0,,0,0,7192.5,,2026-09-14 07:41:52,2026-09-15 07:20:18,,1,0,47.85,7177.5
15036,2253,4,,,50,0,47.95,2397.5,,0,0,,0,0,2397.5,,2026-09-14 07:41:52,2026-09-15 07:20:18,,1,0,47.85,2392.5
15037,2254,1,,,60,0,47.95,2877,,0,0,,0,0,2877,,2026-09-14 07:42:02,2026-09-15 06:56:29,,1,0,47.85,2871
15038,2254,2,,,30,0,47.95,1438.5,,0,0,,0,0,1438.5,,2026-09-14 07:42:02,2026-09-15 06:56:29,,1,0,47.85,1435.5
15039,2254,4,,,10,0,47.95,479.5,,0,0,,0,0,479.5,,2026-09-14 07:42:02,2026-09-15 06:56:29,,1,0,47.85,478.5
15040,2255,2,,,130,0,47.95,6233.5,,0,0,,0,0,6233.5,,2026-09-14 07:42:48,2026-09-15 06:56:30,,1,0,47.85,6220.5
15041,2255,4,,,20,0,47.95,959,,0,0,,0,0,959,,2026-09-14 07:42:48,2026-09-15 06:56:30,,1,0,47.85,957
15042,2255,1,,,50,0,47.95,2397.5,,0,0,,0,0,2397.5,,2026-09-14 07:42:48,2026-09-15 06:56:30,,1,0,47.85,2392.5
15043,2256,1,,,60,0,47.95,2877,,0,0,,0,0,2877,,2026-09-14 07:43:01,2026-09-15 07:20:19,,1,0,47.85,2871
15044,2256,2,,,30,0,47.95,1438.5,,0,0,,0,0,1438.5,,2026-09-14 07:43:01,2026-09-15 07:20:19,,1,0,47.85,1435.5
15045,2256,4,,,10,0,47.95,479.5,,0,0,,0,0,479.5,,2026-09-14 07:43:01,2026-09-15 07:20:19,,1,0,47.85,478.5
15046,2257,1,,,20,0,47.95,959,,0,0,,0,0,959,,2026-09-14 07:43:54,2026-09-15 07:20:20,,1,0,47.85,957
15047,2257,2,,,20,0,47.95,959,,0,0,,0,0,959,,2026-09-14 07:43:54,2026-09-15 07:20:20,,1,0,47.85,957
15048,2257,4,,,10,0,47.95,479.5,,0,0,,0,0,479.5,,2026-09-14 07:43:54,2026-09-15 07:20:20,,1,0,47.85,478.5
15049,2258,1,,,100,0,47.95,4795,,0,0,,0,0,4795,,2026-09-14 07:44:03,2026-09-15 06:56:31,,1,0,47.85,4785
15050,2258,2,,,40,0,47.95,1918,,0,0,,0,0,1918,,2026-09-14 07:44:03,2026-09-15 06:56:31,,1,0,47.85,1914
15051,2258,4,,,10,0,47.95,479.5,,0,0,,0,0,479.5,,2026-09-14 07:44:03,2026-09-15 06:56:31,,1,0,47.85,478.5
15052,2259,1,,,150,0,47.95,7192.5,,0,0,,0,0,7192.5,,2026-09-14 07:45:33,2026-09-15 06:56:31,,1,0,47.85,7177.5
15053,2259,2,,,80,0,47.95,3836,,0,0,,0,0,3836,,2026-09-14 07:45:33,2026-09-15 06:56:31,,1,0,47.85,3828
15054,2259,4,,,20,0,47.95,959,,0,0,,0,0,959,,2026-09-14 07:45:33,2026-09-15 06:56:31,,1,0,47.85,957
15055,2260,1,,,400,0,47.95,19180,,0,0,,0,0,19180,,2026-09-14 07:46:18,2026-09-15 07:20:21,,1,0,47.85,19140
15056,2260,4,,,100,0,47.95,4795,,0,0,,0,0,4795,,2026-09-14 07:46:18,2026-09-15 07:20:21,,1,0,47.85,4785
15057,2261,1,,,40,0,47.95,1918,,0,0,,0,0,1918,,2026-09-14 07:47:14,2026-09-15 06:56:32,,1,0,47.85,1914
15058,2261,2,,,10,0,47.95,479.5,,0,0,,0,0,479.5,,2026-09-14 07:47:14,2026-09-15 06:56:32,,1,0,47.85,478.5
15059,2261,4,,,10,0,47.95,479.5,,0,0,,0,0,479.5,,2026-09-14 07:47:14,2026-09-15 06:56:32,,1,0,47.85,478.5
15060,2262,1,,,60,0,47.95,2877,,0,0,,0,0,2877,,2026-09-14 07:47:54,2026-09-15 06:56:33,,1,0,47.85,2871
15061,2262,2,,,30,0,47.95,1438.5,,0,0,,0,0,1438.5,,2026-09-14 07:47:54,2026-09-15 06:56:33,,1,0,47.85,1435.5
15062,2262,4,,,10,0,47.95,479.5,,0,0,,0,0,479.5,,2026-09-14 07:47:54,2026-09-15 06:56:33,,1,0,47.85,478.5
15063,2263,1,,,20,0,47.95,959,,0,0,,0,0,959,,2026-09-14 07:48:18,2026-09-15 06:56:33,,1,0,47.85,957
15064,2263,2,,,20,0,47.95,959,,0,0,,0,0,959,,2026-09-14 07:48:18,2026-09-15 06:56:33,,1,0,47.85,957
15065,2264,1,,,30,0,47.95,1438.5,,0,0,,0,0,1438.5,,2026-09-14 07:48:56,2026-09-15 06:56:34,,1,0,47.85,1435.5
15066,2264,2,,,20,0,47.95,959,,0,0,,0,0,959,,2026-09-14 07:48:56,2026-09-15 06:56:34,,1,0,47.85,957
15067,2264,4,,,10,0,47.95,479.5,,0,0,,0,0,479.5,,2026-09-14 07:48:56,2026-09-15 06:56:34,,1,0,47.85,478.5
15068,2265,1,,,60,0,47.95,2877,,0,0,,0,0,2877,,2026-09-14 07:49:48,2026-09-15 07:20:21,,1,0,47.85,2871
15069,2265,2,,,30,0,47.95,1438.5,,0,0,,0,0,1438.5,,2026-09-14 07:49:48,2026-09-15 07:20:21,,1,0,47.85,1435.5
15070,2265,4,,,10,0,47.95,479.5,,0,0,,0,0,479.5,,2026-09-14 07:49:48,2026-09-15 07:20:21,,1,0,47.85,478.5
15071,2266,2,,,30,0,47.95,1438.5,,0,0,,0,0,1438.5,,2026-09-14 07:50:22,2026-09-15 06:56:35,,1,0,47.85,1435.5
15072,2266,4,,,20,0,47.95,959,,0,0,,0,0,959,,2026-09-14 07:50:22,2026-09-15 06:56:35,,1,0,47.85,957
15073,2266,1,,,160,0,47.95,7672,,0,0,,0,0,7672,,2026-09-14 07:50:22,2026-09-15 06:56:35,,1,0,47.85,7656
15074,2267,1,,,100,0,47.95,4795,,0,0,,0,0,4795,,2026-09-14 07:51:12,2026-09-15 07:20:22,,1,0,47.85,4785
15075,2267,2,,,40,0,47.95,1918,,0,0,,0,0,1918,,2026-09-14 07:51:12,2026-09-15 07:20:22,,1,0,47.85,1914
15076,2267,4,,,10,0,47.95,479.5,,0,0,,0,0,479.5,,2026-09-14 07:51:12,2026-09-15 07:20:22,,1,0,47.85,478.5
15077,2268,1,,,120,0,47.95,5754,,0,0,,0,0,5754,,2026-09-14 07:51:15,2026-09-15 06:56:35,,1,0,47.85,5742
15078,2268,2,,,60,0,47.95,2877,,0,0,,0,0,2877,,2026-09-14 07:51:15,2026-09-15 06:56:35,,1,0,47.85,2871
15079,2268,4,,,20,0,47.95,959,,0,0,,0,0,959,,2026-09-14 07:51:15,2026-09-15 06:56:35,,1,0,47.85,957
15080,2269,1,,,150,0,47.95,7192.5,,0,0,,0,0,7192.5,,2026-09-14 07:52:43,2026-09-15 06:56:36,,1,0,47.85,7177.5
15081,2269,2,,,30,0,47.95,1438.5,,0,0,,0,0,1438.5,,2026-09-14 07:52:43,2026-09-15 06:56:36,,1,0,47.85,1435.5
15082,2269,4,,,20,0,47.95,959,,0,0,,0,0,959,,2026-09-14 07:52:43,2026-09-15 06:56:36,,1,0,47.85,957
15083,2270,1,,,190,0,47.95,9110.5,,0,0,,0,0,9110.5,,2026-09-14 07:53:59,2026-09-15 06:56:37,,1,0,47.85,9091.5
15084,2270,2,,,110,0,47.95,5274.5,,0,0,,0,0,5274.5,,2026-09-14 07:53:59,2026-09-15 06:56:37,,1,0,47.85,5263.5
15085,2270,4,,,20,0,47.95,959,,0,0,,0,0,959,,2026-09-14 07:53:59,2026-09-15 06:56:37,,1,0,47.85,957
15086,2271,1,,,250,0,47.95,11987.5,,0,0,,0,0,11987.5,,2026-09-14 07:54:07,2026-09-15 07:20:23,,1,0,47.85,11962.5
15087,2271,2,,,120,0,47.95,5754,,0,0,,0,0,5754,,2026-09-14 07:54:07,2026-09-15 07:20:23,,1,0,47.85,5742
15088,2271,4,,,30,0,47.95,1438.5,,0,0,,0,0,1438.5,,2026-09-14 07:54:07,2026-09-15 07:20:23,,1,0,47.85,1435.5
15089,2272,1,,,250,0,47.95,11987.5,,0,0,,0,0,11987.5,,2026-09-14 07:55:29,2026-09-14 08:08:21,2026-09-14 08:08:21,1,0,47.85,11962.5
15090,2272,2,,,220,0,47.95,10549,,0,0,,0,0,10549,,2026-09-14 07:55:29,2026-09-14 08:08:21,2026-09-14 08:08:21,1,0,47.85,10527
15091,2272,4,,,30,0,47.95,1438.5,,0,0,,0,0,1438.5,,2026-09-14 07:55:29,2026-09-14 08:08:21,2026-09-14 08:08:21,1,0,47.85,1435.5
15092,2273,1,,,20,0,47.95,959,,0,0,,0,0,959,,2026-09-14 07:55:32,2026-09-15 06:56:38,,1,0,47.85,957
15093,2273,2,,,20,0,47.95,959,,0,0,,0,0,959,,2026-09-14 07:55:32,2026-09-15 06:56:38,,1,0,47.85,957
15094,2273,4,,,10,0,47.95,479.5,,0,0,,0,0,479.5,,2026-09-14 07:55:32,2026-09-15 06:56:38,,1,0,47.85,478.5
15095,2274,1,,,80,0,47.95,3836,,0,0,,0,0,3836,,2026-09-14 07:56:01,2026-09-15 07:20:24,,1,0,47.85,3828
15096,2274,2,,,50,0,47.95,2397.5,,0,0,,0,0,2397.5,,2026-09-14 07:56:01,2026-09-15 07:20:24,,1,0,47.85,2392.5
15097,2274,4,,,20,0,47.95,959,,0,0,,0,0,959,,2026-09-14 07:56:01,2026-09-15 07:20:24,,1,0,47.85,957
15098,2275,1,,,90,0,47.95,4315.5,,0,0,,0,0,4315.5,,2026-09-14 07:56:34,2026-09-15 07:20:24,,1,0,47.85,4306.5
15099,2275,2,,,50,0,47.95,2397.5,,0,0,,0,0,2397.5,,2026-09-14 07:56:34,2026-09-15 07:20:24,,1,0,47.85,2392.5
15100,2275,4,,,10,0,47.95,479.5,,0,0,,0,0,479.5,,2026-09-14 07:56:34,2026-09-15 07:20:24,,1,0,47.85,478.5
15101,2276,2,,,40,0,47.95,1918,,0,0,,0,0,1918,,2026-09-14 07:57:27,2026-09-15 07:20:25,,1,0,47.85,1914
15102,2276,4,,,20,0,47.95,959,,0,0,,0,0,959,,2026-09-14 07:57:27,2026-09-15 07:20:25,,1,0,47.85,957
15103,2276,1,,,20,0,47.95,959,,0,0,,0,0,959,,2026-09-14 07:57:27,2026-09-15 07:20:25,,1,0,47.85,957
15104,2277,1,,,60,0,47.95,2877,,0,0,,0,0,2877,,2026-09-14 07:57:34,2026-09-15 06:56:38,,1,0,47.85,2871
15105,2277,2,,,30,0,47.95,1438.5,,0,0,,0,0,1438.5,,2026-09-14 07:57:34,2026-09-15 06:56:38,,1,0,47.85,1435.5
15106,2277,4,,,10,0,47.95,479.5,,0,0,,0,0,479.5,,2026-09-14 07:57:34,2026-09-15 06:56:38,,1,0,47.85,478.5
15107,2278,1,,,30,0,47.95,1438.5,,0,0,,0,0,1438.5,,2026-09-14 07:58:18,2026-09-15 06:57:27,,1,0,47.85,1435.5
15108,2278,4,,,10,0,47.95,479.5,,0,0,,0,0,479.5,,2026-09-14 07:58:18,2026-09-15 06:57:27,,1,0,47.85,478.5
15109,2278,2,,,60,0,47.95,2877,,0,0,,0,0,2877,,2026-09-14 07:58:18,2026-09-15 06:57:27,,1,0,47.85,2871
15110,2279,1,,,150,0,47.95,7192.5,,0,0,,0,0,7192.5,,2026-09-14 07:58:18,2026-09-15 07:20:26,,1,0,47.85,7177.5
15111,2279,2,,,70,0,47.95,3356.5,,0,0,,0,0,3356.5,,2026-09-14 07:58:18,2026-09-15 07:20:26,,1,0,47.85,3349.5
15112,2279,4,,,30,0,47.95,1438.5,,0,0,,0,0,1438.5,,2026-09-14 07:58:18,2026-09-15 07:20:26,,1,0,47.85,1435.5
15113,2280,1,,,80,0,47.95,3836,,0,0,,0,0,3836,,2026-09-14 07:59:09,2026-09-15 06:57:28,,1,0,47.85,3828
15114,2280,2,,,60,0,47.95,2877,,0,0,,0,0,2877,,2026-09-14 07:59:09,2026-09-15 06:57:28,,1,0,47.85,2871
15115,2280,4,,,10,0,47.95,479.5,,0,0,,0,0,479.5,,2026-09-14 07:59:09,2026-09-15 06:57:28,,1,0,47.85,478.5
15116,2281,1,,,150,0,47.95,7192.5,,0,0,,0,0,7192.5,,2026-09-14 07:59:47,2026-09-15 07:20:27,,1,0,47.85,7177.5
15117,2281,2,,,120,0,47.95,5754,,0,0,,0,0,5754,,2026-09-14 07:59:47,2026-09-15 07:20:27,,1,0,47.85,5742
15118,2281,4,,,30,0,47.95,1438.5,,0,0,,0,0,1438.5,,2026-09-14 07:59:47,2026-09-15 07:20:27,,1,0,47.85,1435.5
15119,2282,1,,,250,0,47.95,11987.5,,0,0,,0,0,11987.5,,2026-09-14 08:00:27,2026-09-15 06:57:29,,1,0,47.85,11962.5
15120,2282,2,,,200,0,47.95,9590,,0,0,,0,0,9590,,2026-09-14 08:00:27,2026-09-15 06:57:29,,1,0,47.85,9570
15121,2282,4,,,50,0,47.95,2397.5,,0,0,,0,0,2397.5,,2026-09-14 08:00:27,2026-09-15 06:57:29,,1,0,47.85,2392.5
15122,2283,1,,,250,0,47.95,11987.5,,0,0,,0,0,11987.5,,2026-09-14 08:00:34,2026-09-15 07:20:27,,1,0,47.85,11962.5
15123,2283,2,,,120,0,47.95,5754,,0,0,,0,0,5754,,2026-09-14 08:00:34,2026-09-15 07:20:27,,1,0,47.85,5742
15124,2283,4,,,30,0,47.95,1438.5,,0,0,,0,0,1438.5,,2026-09-14 08:00:34,2026-09-15 07:20:27,,1,0,47.85,1435.5
15125,2284,1,,,60,0,47.95,2877,,0,0,,0,0,2877,,2026-09-14 08:02:31,2026-09-15 07:20:28,,1,0,47.85,2871
15126,2284,2,,,30,0,47.95,1438.5,,0,0,,0,0,1438.5,,2026-09-14 08:02:31,2026-09-15 07:20:28,,1,0,47.85,1435.5
15127,2284,4,,,10,0,47.95,479.5,,0,0,,0,0,479.5,,2026-09-14 08:02:31,2026-09-15 07:20:28,,1,0,47.85,478.5
15128,2285,1,,,250,0,47.95,11987.5,,0,0,,0,0,11987.5,,2026-09-14 08:03:09,2026-09-15 07:20:29,,1,0,47.85,11962.5
15129,2285,2,,,130,0,47.95,6233.5,,0,0,,0,0,6233.5,,2026-09-14 08:03:09,2026-09-15 07:20:29,,1,0,47.85,6220.5
15130,2285,4,,,20,0,47.95,959,,0,0,,0,0,959,,2026-09-14 08:03:09,2026-09-15 07:20:29,,1,0,47.85,957
15131,2286,1,,,40,0,47.95,1918,,0,0,,0,0,1918,,2026-09-14 08:03:14,2026-09-15 06:57:30,,1,0,47.85,1914
15132,2286,2,,,40,0,47.95,1918,,0,0,,0,0,1918,,2026-09-14 08:03:14,2026-09-15 06:57:30,,1,0,47.85,1914
15133,2286,4,,,20,0,47.95,959,,0,0,,0,0,959,,2026-09-14 08:03:14,2026-09-15 06:57:30,,1,0,47.85,957
15134,2287,1,,,50,0,47.95,2397.5,,0,0,,0,0,2397.5,,2026-09-14 08:03:54,2026-09-15 06:57:30,,1,0,47.85,2392.5
15135,2288,1,,,80,0,47.95,3836,,0,0,,0,0,3836,,2026-09-14 08:04:41,2026-09-15 06:57:31,,1,0,47.85,3828
15136,2288,2,,,50,0,47.95,2397.5,,0,0,,0,0,2397.5,,2026-09-14 08:04:41,2026-09-15 06:57:31,,1,0,47.85,2392.5
15137,2288,4,,,20,0,47.95,959,,0,0,,0,0,959,,2026-09-14 08:04:41,2026-09-15 06:57:31,,1,0,47.85,957
15138,2289,1,,,250,0,47.95,11987.5,,0,0,,0,0,11987.5,,2026-09-14 08:06:29,2026-09-15 06:57:32,,1,0,47.85,11962.5
15139,2289,2,,,110,0,47.95,5274.5,,0,0,,0,0,5274.5,,2026-09-14 08:06:29,2026-09-15 06:57:32,,1,0,47.85,5263.5
15140,2289,4,,,40,0,47.95,1918,,0,0,,0,0,1918,,2026-09-14 08:06:29,2026-09-15 06:57:32,,1,0,47.85,1914
15141,2272,1,,,300,0,47.95,14385,,0,0,,0,0,14385,,2026-09-14 08:08:21,2026-09-15 07:20:29,,1,0,47.85,14355
15142,2272,2,,,270,0,47.95,12946.5,,0,0,,0,0,12946.5,,2026-09-14 08:08:21,2026-09-15 07:20:29,,1,0,47.85,12919.5
15143,2272,4,,,30,0,47.95,1438.5,,0,0,,0,0,1438.5,,2026-09-14 08:08:21,2026-09-15 07:20:29,,1,0,47.85,1435.5
15144,2290,1,,,20,0,47.95,959,,0,0,,0,0,959,,2026-09-14 08:09:04,2026-09-15 06:57:32,,1,0,47.85,957
15145,2290,2,,,10,0,47.95,479.5,,0,0,,0,0,479.5,,2026-09-14 08:09:04,2026-09-15 06:57:32,,1,0,47.85,478.5
15146,2290,4,,,10,0,47.95,479.5,,0,0,,0,0,479.5,,2026-09-14 08:09:04,2026-09-15 06:57:32,,1,0,47.85,478.5
15147,2291,1,,,100,0,47.95,4795,,0,0,,0,0,4795,,2026-09-14 08:09:49,2026-09-15 07:20:30,,1,0,47.85,4785
15148,2291,2,,,80,0,47.95,3836,,0,0,,0,0,3836,,2026-09-14 08:09:49,2026-09-15 07:20:30,,1,0,47.85,3828
15149,2291,4,,,20,0,47.95,959,,0,0,,0,0,959,,2026-09-14 08:09:49,2026-09-15 07:20:30,,1,0,47.85,957
15150,2292,1,,,80,0,47.95,3836,,0,0,,0,0,3836,,2026-09-14 08:10:46,2026-09-15 07:20:31,,1,0,47.85,3828
15151,2292,2,,,50,0,47.95,2397.5,,0,0,,0,0,2397.5,,2026-09-14 08:10:46,2026-09-15 07:20:31,,1,0,47.85,2392.5
15152,2292,4,,,20,0,47.95,959,,0,0,,0,0,959,,2026-09-14 08:10:46,2026-09-15 07:20:31,,1,0,47.85,957
15153,2293,1,,,20,0,47.95,959,,0,0,,0,0,959,,2026-09-14 08:10:57,2026-09-15 06:57:33,,1,0,47.85,957
15154,2293,2,,,10,0,47.95,479.5,,0,0,,0,0,479.5,,2026-09-14 08:10:57,2026-09-15 06:57:33,,1,0,47.85,478.5
15155,2294,1,,,130,0,47.95,6233.5,,0,0,,0,0,6233.5,,2026-09-14 08:11:50,2026-09-15 07:20:32,,1,0,47.85,6220.5
15156,2294,2,,,70,0,47.95,3356.5,,0,0,,0,0,3356.5,,2026-09-14 08:11:50,2026-09-15 07:20:32,,1,0,47.85,3349.5
15157,2294,4,,,20,0,47.95,959,,0,0,,0,0,959,,2026-09-14 08:11:50,2026-09-15 07:20:32,,1,0,47.85,957
15158,2295,1,,,1500,0,47.95,71925,,0,0,,0,0,71925,,2026-09-14 08:12:33,2026-09-15 07:20:32,,1,0,47.85,71775
15159,2295,2,,,1000,0,47.95,47950,,0,0,,0,0,47950,,2026-09-14 08:12:33,2026-09-15 07:20:32,,1,0,47.85,47850
15160,2295,4,,,100,0,47.95,4795,,0,0,,0,0,4795,,2026-09-14 08:12:33,2026-09-15 07:20:32,,1,0,47.85,4785
15161,2296,1,,,1000,0,47.95,47950,,0,0,,0,0,47950,,2026-09-14 08:13:09,2026-09-15 07:20:33,,1,0,47.85,47850
15162,2296,2,,,950,0,47.95,45552.5,,0,0,,0,0,45552.5,,2026-09-14 08:13:09,2026-09-15 07:20:33,,1,0,47.85,45457.5
15163,2296,4,,,50,0,47.95,2397.5,,0,0,,0,0,2397.5,,2026-09-14 08:13:09,2026-09-15 07:20:33,,1,0,47.85,2392.5
15164,2297,1,,,50,0,47.95,2397.5,,0,0,,0,0,2397.5,,2026-09-14 08:14:49,2026-09-15 06:57:34,,1,0,47.85,2392.5
15165,2297,2,,,40,0,47.95,1918,,0,0,,0,0,1918,,2026-09-14 08:14:49,2026-09-15 06:57:34,,1,0,47.85,1914
15166,2297,4,,,10,0,47.95,479.5,,0,0,,0,0,479.5,,2026-09-14 08:14:49,2026-09-15 06:57:34,,1,0,47.85,478.5
15167,2298,1,,,30,0,47.95,1438.5,,0,0,,0,0,1438.5,,2026-09-14 08:19:12,2026-09-15 07:20:34,,1,0,47.85,1435.5
15168,2298,2,,,10,0,47.95,479.5,,0,0,,0,0,479.5,,2026-09-14 08:19:12,2026-09-15 07:20:34,,1,0,47.85,478.5
15169,2298,4,,,10,0,47.95,479.5,,0,0,,0,0,479.5,,2026-09-14 08:19:12,2026-09-15 07:20:34,,1,0,47.85,478.5
15170,2299,1,,,450,0,47.95,21577.5,,0,0,,0,0,21577.5,,2026-09-14 08:22:04,2026-09-15 06:57:34,,1,0,47.85,21532.5
15171,2299,2,,,230,0,47.95,11028.5,,0,0,,0,0,11028.5,,2026-09-14 08:22:04,2026-09-15 06:57:34,,1,0,47.85,11005.5
15172,2299,4,,,70,0,47.95,3356.5,,0,0,,0,0,3356.5,,2026-09-14 08:22:04,2026-09-15 06:57:34,,1,0,47.85,3349.5
15173,2300,1,,,120,0,47.95,5754,,0,0,,0,0,5754,,2026-09-14 08:22:23,2026-09-15 07:20:35,,1,0,47.85,5742
15174,2300,2,,,60,0,47.95,2877,,0,0,,0,0,2877,,2026-09-14 08:22:23,2026-09-15 07:20:35,,1,0,47.85,2871
15175,2300,4,,,20,0,47.95,959,,0,0,,0,0,959,,2026-09-14 08:22:23,2026-09-15 07:20:35,,1,0,47.85,957
15176,2301,1,,,80,0,47.95,3836,,0,0,,0,0,3836,,2026-09-14 08:23:39,2026-09-14 08:26:35,2026-09-14 08:26:35,1,0,47.85,3828
15177,2301,2,,,20,0,47.95,959,,0,0,,0,0,959,,2026-09-14 08:23:39,2026-09-14 08:26:35,2026-09-14 08:26:35,1,0,47.85,957
15178,2302,1,,,200,0,47.95,9590,,0,0,,0,0,9590,,2026-09-14 08:24:46,2026-09-15 07:20:36,,1,0,47.85,9570
15179,2301,1,,,90,0,47.95,4315.5,,0,0,,0,0,4315.5,,2026-09-14 08:26:35,2026-09-15 07:20:36,,1,0,47.85,4306.5
15180,2301,2,,,30,0,47.95,1438.5,,0,0,,0,0,1438.5,,2026-09-14 08:26:35,2026-09-15 07:20:36,,1,0,47.85,1435.5
15181,2303,1,,,10,0,47.95,479.5,,0,0,,0,0,479.5,,2026-09-14 08:28:33,2026-09-15 06:57:35,,1,0,47.85,478.5
15182,2303,2,,,10,0,47.95,479.5,,0,0,,0,0,479.5,,2026-09-14 08:28:33,2026-09-15 06:57:35,,1,0,47.85,478.5
15183,2304,4,,,10,0,47.95,479.5,,0,0,,0,0,479.5,,2026-09-14 08:28:49,2026-09-15 07:20:37,,1,0,47.85,478.5
15184,2304,1,,,70,0,47.95,3356.5,,0,0,,0,0,3356.5,,2026-09-14 08:28:49,2026-09-15 07:20:37,,1,0,47.85,3349.5
15185,2304,2,,,70,0,47.95,3356.5,,0,0,,0,0,3356.5,,2026-09-14 08:28:49,2026-09-15 07:20:37,,1,0,47.85,3349.5
15186,2305,1,,,150,0,47.95,7192.5,,0,0,,0,0,7192.5,,2026-09-14 08:30:53,2026-09-15 06:57:36,,1,0,47.85,7177.5
15187,2305,2,,,80,0,47.95,3836,,0,0,,0,0,3836,,2026-09-14 08:30:53,2026-09-15 06:57:36,,1,0,47.85,3828
15188,2305,4,,,20,0,47.95,959,,0,0,,0,0,959,,2026-09-14 08:30:53,2026-09-15 06:57:36,,1,0,47.85,957
15189,2306,1,,,200,0,47.95,9590,,0,0,,0,0,9590,,2026-09-14 08:33:47,2026-09-15 07:20:38,,1,0,47.85,9570
15190,2306,2,,,70,0,47.95,3356.5,,0,0,,0,0,3356.5,,2026-09-14 08:33:47,2026-09-15 07:20:38,,1,0,47.85,3349.5
15191,2306,4,,,30,0,47.95,1438.5,,0,0,,0,0,1438.5,,2026-09-14 08:33:47,2026-09-15 07:20:38,,1,0,47.85,1435.5
15192,2307,1,,,60,0,47.95,2877,,0,0,,0,0,2877,,2026-09-14 08:36:01,2026-09-15 06:57:37,,1,0,47.85,2871
15193,2307,2,,,30,0,47.95,1438.5,,0,0,,0,0,1438.5,,2026-09-14 08:36:01,2026-09-15 06:57:37,,1,0,47.85,1435.5
15194,2307,4,,,10,0,47.95,479.5,,0,0,,0,0,479.5,,2026-09-14 08:36:01,2026-09-15 06:57:37,,1,0,47.85,478.5
15195,2308,1,,,150,0,47.95,7192.5,,0,0,,0,0,7192.5,,2026-09-14 08:37:48,2026-09-15 07:20:39,,1,0,47.85,7177.5
15196,2308,2,,,80,0,47.95,3836,,0,0,,0,0,3836,,2026-09-14 08:37:48,2026-09-15 07:20:39,,1,0,47.85,3828
15197,2308,4,,,20,0,47.95,959,,0,0,,0,0,959,,2026-09-14 08:37:48,2026-09-15 07:20:39,,1,0,47.85,957
15198,2309,1,,,150,0,47.95,7192.5,,0,0,,0,0,7192.5,,2026-09-14 08:38:10,2026-09-15 07:20:39,,1,0,47.85,7177.5
15199,2309,2,,,70,0,47.95,3356.5,,0,0,,0,0,3356.5,,2026-09-14 08:38:10,2026-09-15 07:20:39,,1,0,47.85,3349.5
15200,2309,4,,,30,0,47.95,1438.5,,0,0,,0,0,1438.5,,2026-09-14 08:38:10,2026-09-15 07:20:39,,1,0,47.85,1435.5
15201,2310,1,,,20,0,47.95,959,,0,0,,0,0,959,,2026-09-14 08:39:59,2026-09-15 06:57:37,,1,0,47.85,957
15202,2310,2,,,10,0,47.95,479.5,,0,0,,0,0,479.5,,2026-09-14 08:39:59,2026-09-15 06:57:37,,1,0,47.85,478.5
15203,2311,4,,,50,0,47.95,2397.5,,0,0,,0,0,2397.5,,2026-09-14 08:41:54,2026-09-15 06:57:38,,1,0,47.85,2392.5
15204,2311,2,,,100,0,47.95,4795,,0,0,,0,0,4795,,2026-09-14 08:41:54,2026-09-15 06:57:38,,1,0,47.85,4785
15205,2311,1,,,270,0,47.95,12946.5,,0,0,,0,0,12946.5,,2026-09-14 08:41:54,2026-09-15 06:57:38,,1,0,47.85,12919.5
15206,2312,1,,,100,0,47.95,4795,,0,0,,0,0,4795,,2026-09-14 08:42:05,2026-09-15 07:20:40,,1,0,47.85,4785
15207,2312,2,,,70,0,47.95,3356.5,,0,0,,0,0,3356.5,,2026-09-14 08:42:05,2026-09-15 07:20:40,,1,0,47.85,3349.5
15208,2312,4,,,20,0,47.95,959,,0,0,,0,0,959,,2026-09-14 08:42:05,2026-09-15 07:20:40,,1,0,47.85,957
15209,2313,1,,,40,0,47.95,1918,,0,0,,0,0,1918,,2026-09-14 08:44:04,2026-09-15 07:20:41,,1,0,47.85,1914
15210,2313,2,,,30,0,47.95,1438.5,,0,0,,0,0,1438.5,,2026-09-14 08:44:04,2026-09-15 07:20:41,,1,0,47.85,1435.5
15211,2314,1,,,120,0,47.95,5754,,0,0,,0,0,5754,,2026-09-14 08:45:34,2026-09-15 07:20:41,,1,0,47.85,5742
15212,2314,2,,,60,0,47.95,2877,,0,0,,0,0,2877,,2026-09-14 08:45:34,2026-09-15 07:20:41,,1,0,47.85,2871
15213,2314,4,,,20,0,47.95,959,,0,0,,0,0,959,,2026-09-14 08:45:34,2026-09-15 07:20:41,,1,0,47.85,957
15214,2315,4,,,30,0,47.95,1438.5,,0,0,,0,0,1438.5,,2026-09-14 08:45:42,2026-09-14 09:43:45,2026-09-14 09:43:45,1,0,47.85,1435.5
15215,2315,2,,,120,0,47.95,5754,,0,0,,0,0,5754,,2026-09-14 08:45:42,2026-09-14 09:43:45,2026-09-14 09:43:45,1,0,47.85,5742
15216,2315,1,,,100,0,47.95,4795,,0,0,,0,0,4795,,2026-09-14 08:45:42,2026-09-14 09:43:45,2026-09-14 09:43:45,1,0,47.85,4785
15217,2316,1,,,120,0,47.95,5754,,0,0,,0,0,5754,,2026-09-14 08:46:39,2026-09-15 06:57:39,,1,0,47.85,5742
15218,2316,2,,,60,0,47.95,2877,,0,0,,0,0,2877,,2026-09-14 08:46:39,2026-09-15 06:57:39,,1,0,47.85,2871
15219,2316,4,,,20,0,47.95,959,,0,0,,0,0,959,,2026-09-14 08:46:39,2026-09-15 06:57:39,,1,0,47.85,957
15220,2317,4,,,50,0,47.95,2397.5,,0,0,,0,0,2397.5,,2026-09-14 08:47:39,2026-09-15 06:57:39,,1,0,47.85,2392.5
15221,2317,2,,,120,0,47.95,5754,,0,0,,0,0,5754,,2026-09-14 08:47:39,2026-09-15 06:57:39,,1,0,47.85,5742
15222,2317,1,,,250,0,47.95,11987.5,,0,0,,0,0,11987.5,,2026-09-14 08:47:39,2026-09-15 06:57:39,,1,0,47.85,11962.5
15223,2318,1,,,450,0,47.95,21577.5,,0,0,,0,0,21577.5,,2026-09-14 08:48:54,2026-09-15 07:20:42,,1,0,47.85,21532.5
15224,2318,4,,,50,0,47.95,2397.5,,0,0,,0,0,2397.5,,2026-09-14 08:48:54,2026-09-15 07:20:42,,1,0,47.85,2392.5
15225,2319,1,,,20,0,47.95,959,,0,0,,0,0,959,,2026-09-14 08:50:13,2026-09-15 07:20:43,,1,0,47.85,957
15226,2319,2,,,10,0,47.95,479.5,,0,0,,0,0,479.5,,2026-09-14 08:50:13,2026-09-15 07:20:43,,1,0,47.85,478.5
15227,2320,1,,,630,0,47.95,30208.5,,0,0,,0,0,30208.5,,2026-09-14 08:51:50,2026-09-15 06:57:40,,1,0,47.85,30145.5
15228,2320,2,,,500,0,47.95,23975,,0,0,,0,0,23975,,2026-09-14 08:51:50,2026-09-15 06:57:40,,1,0,47.85,23925
15229,2320,4,,,120,0,47.95,5754,,0,0,,0,0,5754,,2026-09-14 08:51:50,2026-09-15 06:57:40,,1,0,47.85,5742
15230,2321,1,,,70,0,47.95,3356.5,,0,0,,0,0,3356.5,,2026-09-14 08:52:14,2026-09-15 07:20:44,,1,0,47.85,3349.5
15231,2321,2,,,50,0,47.95,2397.5,,0,0,,0,0,2397.5,,2026-09-14 08:52:14,2026-09-15 07:20:44,,1,0,47.85,2392.5
15232,2321,4,,,20,0,47.95,959,,0,0,,0,0,959,,2026-09-14 08:52:14,2026-09-15 07:20:44,,1,0,47.85,957
15233,2322,1,,,300,0,47.95,14385,,0,0,,0,0,14385,,2026-09-14 08:52:42,2026-09-15 06:57:41,,1,0,47.85,14355
15234,2322,2,,,150,0,47.95,7192.5,,0,0,,0,0,7192.5,,2026-09-14 08:52:42,2026-09-15 06:57:41,,1,0,47.85,7177.5
15235,2322,4,,,50,0,47.95,2397.5,,0,0,,0,0,2397.5,,2026-09-14 08:52:42,2026-09-15 06:57:41,,1,0,47.85,2392.5
15236,2323,1,,,500,0,47.95,23975,,0,0,,0,0,23975,,2026-09-14 08:53:56,2026-09-15 07:20:44,,1,0,47.85,23925
15237,2323,2,,,100,0,47.95,4795,,0,0,,0,0,4795,,2026-09-14 08:53:56,2026-09-15 07:20:44,,1,0,47.85,4785
15238,2323,4,,,50,0,47.95,2397.5,,0,0,,0,0,2397.5,,2026-09-14 08:53:56,2026-09-15 07:20:44,,1,0,47.85,2392.5
15239,2324,4,,,100,0,47.95,4795,,0,0,,0,0,4795,,2026-09-14 08:55:26,2026-09-15 07:20:45,,1,0,47.85,4785
15240,2324,1,,,650,0,47.95,31167.5,,0,0,,0,0,31167.5,,2026-09-14 08:55:26,2026-09-15 07:20:45,,1,0,47.85,31102.5
15241,2324,2,,,500,0,47.95,23975,,0,0,,0,0,23975,,2026-09-14 08:55:26,2026-09-15 07:20:45,,1,0,47.85,23925
15242,2325,1,,,150,0,47.95,7192.5,,0,0,,0,0,7192.5,,2026-09-14 09:01:42,2026-09-15 07:20:46,,1,0,47.85,7177.5
15243,2325,2,,,80,0,47.95,3836,,0,0,,0,0,3836,,2026-09-14 09:01:42,2026-09-15 07:20:46,,1,0,47.85,3828
15244,2325,4,,,20,0,47.95,959,,0,0,,0,0,959,,2026-09-14 09:01:42,2026-09-15 07:20:46,,1,0,47.85,957
15245,2326,1,,,80,0,47.95,3836,,0,0,,0,0,3836,,2026-09-14 09:02:01,2026-09-15 06:57:41,,1,0,47.85,3828
15246,2326,2,,,60,0,47.95,2877,,0,0,,0,0,2877,,2026-09-14 09:02:01,2026-09-15 06:57:41,,1,0,47.85,2871
15247,2326,4,,,10,0,47.95,479.5,,0,0,,0,0,479.5,,2026-09-14 09:02:01,2026-09-15 06:57:41,,1,0,47.85,478.5
15248,2327,1,,,60,0,47.95,2877,,0,0,,0,0,2877,,2026-09-14 09:02:49,2026-09-15 07:20:46,,1,0,47.85,2871
15249,2327,2,,,30,0,47.95,1438.5,,0,0,,0,0,1438.5,,2026-09-14 09:02:49,2026-09-15 07:20:46,,1,0,47.85,1435.5
15250,2327,4,,,10,0,47.95,479.5,,0,0,,0,0,479.5,,2026-09-14 09:02:49,2026-09-15 07:20:46,,1,0,47.85,478.5
15251,2328,1,,,60,0,47.95,2877,,0,0,,0,0,2877,,2026-09-14 09:03:36,2026-09-15 07:20:47,,1,0,47.85,2871
15252,2328,2,,,30,0,47.95,1438.5,,0,0,,0,0,1438.5,,2026-09-14 09:03:36,2026-09-15 07:20:47,,1,0,47.85,1435.5
15253,2328,4,,,10,0,47.95,479.5,,0,0,,0,0,479.5,,2026-09-14 09:03:36,2026-09-15 07:20:47,,1,0,47.85,478.5
15254,2329,1,,,200,0,47.95,9590,,0,0,,0,0,9590,,2026-09-14 09:04:01,2026-09-15 06:57:42,,1,0,47.85,9570
15255,2329,2,,,250,0,47.95,11987.5,,0,0,,0,0,11987.5,,2026-09-14 09:04:01,2026-09-15 06:57:42,,1,0,47.85,11962.5
15256,2329,4,,,40,0,47.95,1918,,0,0,,0,0,1918,,2026-09-14 09:04:01,2026-09-15 06:57:42,,1,0,47.85,1914
15257,2330,1,,,80,0,47.95,3836,,0,0,,0,0,3836,,2026-09-14 09:05:08,2026-09-15 07:20:48,,1,0,47.85,3828
15258,2330,2,,,50,0,47.95,2397.5,,0,0,,0,0,2397.5,,2026-09-14 09:05:08,2026-09-15 07:20:48,,1,0,47.85,2392.5
15259,2330,4,,,20,0,47.95,959,,0,0,,0,0,959,,2026-09-14 09:05:08,2026-09-15 07:20:48,,1,0,47.85,957
15260,2331,1,,,300,0,47.95,14385,,0,0,,0,0,14385,,2026-09-14 09:06:59,2026-09-15 07:20:49,,1,0,47.85,14355
15261,2331,2,,,170,0,47.95,8151.5,,0,0,,0,0,8151.5,,2026-09-14 09:06:59,2026-09-15 07:20:49,,1,0,47.85,8134.5
15262,2331,4,,,30,0,47.95,1438.5,,0,0,,0,0,1438.5,,2026-09-14 09:06:59,2026-09-15 07:20:49,,1,0,47.85,1435.5
15263,2332,1,,,300,0,47.95,14385,,0,0,,0,0,14385,,2026-09-14 09:09:29,2026-09-15 07:20:50,,1,0,47.85,14355
15264,2332,2,,,200,0,47.95,9590,,0,0,,0,0,9590,,2026-09-14 09:09:29,2026-09-15 07:20:50,,1,0,47.85,9570
15265,2332,4,,,50,0,47.95,2397.5,,0,0,,0,0,2397.5,,2026-09-14 09:09:29,2026-09-15 07:20:50,,1,0,47.85,2392.5
15266,2333,1,,,50,0,47.95,2397.5,,0,0,,0,0,2397.5,,2026-09-14 09:13:40,2026-09-15 07:20:50,,1,0,47.85,2392.5
15267,2333,2,,,40,0,47.95,1918,,0,0,,0,0,1918,,2026-09-14 09:13:40,2026-09-15 07:20:50,,1,0,47.85,1914
15268,2334,1,,,200,0,47.95,9590,,0,0,,0,0,9590,,2026-09-14 09:14:08,2026-09-15 07:20:51,,1,0,47.85,9570
15269,2335,1,,,150,0,47.95,7192.5,,0,0,,0,0,7192.5,,2026-09-14 09:15:36,2026-09-15 07:20:52,,1,0,47.85,7177.5
15270,2335,2,,,70,0,47.95,3356.5,,0,0,,0,0,3356.5,,2026-09-14 09:15:36,2026-09-15 07:20:52,,1,0,47.85,3349.5
15271,2335,4,,,30,0,47.95,1438.5,,0,0,,0,0,1438.5,,2026-09-14 09:15:36,2026-09-15 07:20:52,,1,0,47.85,1435.5
15272,2336,1,,,40,0,47.95,1918,,0,0,,0,0,1918,,2026-09-14 09:17:33,2026-09-15 07:20:53,,1,0,47.85,1914
15273,2336,2,,,50,0,47.95,2397.5,,0,0,,0,0,2397.5,,2026-09-14 09:17:33,2026-09-15 07:20:53,,1,0,47.85,2392.5
15274,2336,4,,,10,0,47.95,479.5,,0,0,,0,0,479.5,,2026-09-14 09:17:33,2026-09-15 07:20:53,,1,0,47.85,478.5
15275,2337,1,,,60,0,47.95,2877,,0,0,,0,0,2877,,2026-09-14 09:18:34,2026-09-15 07:20:53,,1,0,47.85,2871
15276,2337,2,,,30,0,47.95,1438.5,,0,0,,0,0,1438.5,,2026-09-14 09:18:34,2026-09-15 07:20:53,,1,0,47.85,1435.5
15277,2337,4,,,10,0,47.95,479.5,,0,0,,0,0,479.5,,2026-09-14 09:18:34,2026-09-15 07:20:53,,1,0,47.85,478.5
15278,2338,4,,,200,0,47.95,9590,,0,0,,0,0,9590,,2026-09-14 09:19:34,2026-09-14 09:20:17,2026-09-14 09:20:17,1,0,47.85,9570
15279,2338,2,,,1300,0,47.95,62335,,0,0,,0,0,62335,,2026-09-14 09:19:34,2026-09-14 09:20:17,2026-09-14 09:20:17,1,0,47.85,62205
15280,2338,1,,,100,0,47.95,4795,,0,0,,0,0,4795,,2026-09-14 09:19:34,2026-09-14 09:20:17,2026-09-14 09:20:17,1,0,47.85,4785
15281,2338,4,,,200,0,47.95,9590,,0,0,,0,0,9590,,2026-09-14 09:20:17,2026-09-15 06:57:43,,1,0,47.85,9570
15282,2338,2,,,1300,0,47.95,62335,,0,0,,0,0,62335,,2026-09-14 09:20:17,2026-09-15 06:57:43,,1,0,47.85,62205
15283,2338,1,,,1000,0,47.95,47950,,0,0,,0,0,47950,,2026-09-14 09:20:17,2026-09-15 06:57:43,,1,0,47.85,47850
15284,2339,1,,,40,0,47.95,1918,,0,0,,0,0,1918,,2026-09-14 09:23:20,2026-09-15 07:20:54,,1,0,47.85,1914
15285,2339,2,,,10,0,47.95,479.5,,0,0,,0,0,479.5,,2026-09-14 09:23:20,2026-09-15 07:20:54,,1,0,47.85,478.5
15286,2339,4,,,10,0,47.95,479.5,,0,0,,0,0,479.5,,2026-09-14 09:23:20,2026-09-15 07:20:54,,1,0,47.85,478.5
15287,2340,1,,,1750,0,47.95,83912.5,,0,0,,0,0,83912.5,,2026-09-14 09:24:15,2026-09-15 07:20:55,,1,0,47.85,83737.5
15288,2340,4,,,100,0,47.95,4795,,0,0,,0,0,4795,,2026-09-14 09:24:15,2026-09-15 07:20:55,,1,0,47.85,4785
15289,2340,2,,,900,0,47.95,43155,,0,0,,0,0,43155,,2026-09-14 09:24:15,2026-09-15 07:20:55,,1,0,47.85,43065
15290,2341,1,,,40,0,47.95,1918,,0,0,,0,0,1918,,2026-09-14 09:25:03,2026-09-15 07:20:55,,1,0,47.85,1914
15291,2341,2,,,20,0,47.95,959,,0,0,,0,0,959,,2026-09-14 09:25:03,2026-09-15 07:20:55,,1,0,47.85,957
15292,2341,4,,,10,0,47.95,479.5,,0,0,,0,0,479.5,,2026-09-14 09:25:03,2026-09-15 07:20:55,,1,0,47.85,478.5
15293,2342,1,,,150,0,47.95,7192.5,,0,0,,0,0,7192.5,,2026-09-14 09:25:51,2026-09-15 07:20:56,,1,0,47.85,7177.5
15294,2342,2,,,80,0,47.95,3836,,0,0,,0,0,3836,,2026-09-14 09:25:51,2026-09-15 07:20:56,,1,0,47.85,3828
15295,2342,4,,,20,0,47.95,959,,0,0,,0,0,959,,2026-09-14 09:25:51,2026-09-15 07:20:56,,1,0,47.85,957
15296,2343,1,,,50,0,47.95,2397.5,,0,0,,0,0,2397.5,,2026-09-14 09:28:11,2026-09-15 06:57:43,,1,0,47.85,2392.5
15297,2343,2,,,30,0,47.95,1438.5,,0,0,,0,0,1438.5,,2026-09-14 09:28:11,2026-09-15 06:57:43,,1,0,47.85,1435.5
15298,2343,4,,,20,0,47.95,959,,0,0,,0,0,959,,2026-09-14 09:28:11,2026-09-15 06:57:43,,1,0,47.85,957
15299,2344,1,,,100,0,47.95,4795,,0,0,,0,0,4795,,2026-09-14 09:34:59,2026-09-15 07:20:57,,1,0,47.85,4785
15300,2344,2,,,40,0,47.95,1918,,0,0,,0,0,1918,,2026-09-14 09:34:59,2026-09-15 07:20:57,,1,0,47.85,1914
15301,2344,4,,,10,0,47.95,479.5,,0,0,,0,0,479.5,,2026-09-14 09:34:59,2026-09-15 07:20:57,,1,0,47.85,478.5
15302,2345,1,,,300,0,47.95,14385,,0,0,,0,0,14385,,2026-09-14 09:36:43,2026-09-15 06:57:44,,1,0,47.85,14355
15303,2345,2,,,160,0,47.95,7672,,0,0,,0,0,7672,,2026-09-14 09:36:43,2026-09-15 06:57:44,,1,0,47.85,7656
15304,2345,4,,,40,0,47.95,1918,,0,0,,0,0,1918,,2026-09-14 09:36:43,2026-09-15 06:57:44,,1,0,47.85,1914
15305,2346,1,,,1200,0,47.95,57540,,0,0,,0,0,57540,,2026-09-14 09:39:22,2026-09-14 09:47:49,2026-09-14 09:47:49,1,0,47.85,57420
15306,2346,4,,,110,0,47.95,5274.5,,0,0,,0,0,5274.5,,2026-09-14 09:39:22,2026-09-14 09:47:49,2026-09-14 09:47:49,1,0,47.85,5263.5
15307,2346,2,,,1190,0,47.95,57060.5,,0,0,,0,0,57060.5,,2026-09-14 09:39:22,2026-09-14 09:47:49,2026-09-14 09:47:49,1,0,47.85,56941.5
15308,2347,1,,,40,0,47.95,1918,,0,0,,0,0,1918,,2026-09-14 09:39:43,2026-09-15 07:20:58,,1,0,47.85,1914
15309,2347,2,,,10,0,47.95,479.5,,0,0,,0,0,479.5,,2026-09-14 09:39:43,2026-09-15 07:20:58,,1,0,47.85,478.5
15310,2347,4,,,10,0,47.95,479.5,,0,0,,0,0,479.5,,2026-09-14 09:39:43,2026-09-15 07:20:58,,1,0,47.85,478.5
15311,2348,2,,,470,0,47.95,22536.5,,0,0,,0,0,22536.5,,2026-09-14 09:41:35,2026-09-15 06:57:45,,1,0,47.85,22489.5
15312,2348,4,,,30,0,47.95,1438.5,,0,0,,0,0,1438.5,,2026-09-14 09:41:35,2026-09-15 06:57:45,,1,0,47.85,1435.5
15313,2349,1,,,1000,0,47.95,47950,,0,0,,0,0,47950,,2026-09-14 09:42:30,2026-09-15 07:20:59,,1,0,47.85,47850
15314,2315,4,,,30,0,47.95,1438.5,,0,0,,0,0,1438.5,,2026-09-14 09:43:45,2026-09-15 06:57:46,,1,0,47.85,1435.5
15315,2315,2,,,240,0,47.95,11508,,0,0,,0,0,11508,,2026-09-14 09:43:45,2026-09-15 06:57:46,,1,0,47.85,11484
15316,2315,1,,,100,0,47.95,4795,,0,0,,0,0,4795,,2026-09-14 09:43:45,2026-09-15 06:57:46,,1,0,47.85,4785
15317,2350,1,,,300,0,47.95,14385,,0,0,,0,0,14385,,2026-09-14 09:45:20,2026-09-15 07:21:00,,1,0,47.85,14355
15318,2350,2,,,170,0,47.95,8151.5,,0,0,,0,0,8151.5,,2026-09-14 09:45:20,2026-09-15 07:21:00,,1,0,47.85,8134.5
15319,2350,4,,,30,0,47.95,1438.5,,0,0,,0,0,1438.5,,2026-09-14 09:45:20,2026-09-15 07:21:00,,1,0,47.85,1435.5
15320,2346,1,,,1200,0,47.95,57540,,0,0,,0,0,57540,,2026-09-14 09:47:49,2026-09-15 06:57:46,,1,0,47.85,57420
15321,2346,4,,,70,0,47.95,3356.5,,0,0,,0,0,3356.5,,2026-09-14 09:47:49,2026-09-15 06:57:46,,1,0,47.85,3349.5
15322,2346,2,,,1230,0,47.95,58978.5,,0,0,,0,0,58978.5,,2026-09-14 09:47:49,2026-09-15 06:57:46,,1,0,47.85,58855.5
15323,2351,1,,,150,0,47.95,7192.5,,0,0,,0,0,7192.5,,2026-09-14 09:48:35,2026-09-15 07:21:00,,1,0,47.85,7177.5
15324,2351,2,,,120,0,47.95,5754,,0,0,,0,0,5754,,2026-09-14 09:48:35,2026-09-15 07:21:00,,1,0,47.85,5742
15325,2351,4,,,30,0,47.95,1438.5,,0,0,,0,0,1438.5,,2026-09-14 09:48:35,2026-09-15 07:21:00,,1,0,47.85,1435.5
15326,2352,1,,,60,0,47.95,2877,,0,0,,0,0,2877,,2026-09-14 09:49:58,2026-09-15 07:21:01,,1,0,47.85,2871
15327,2352,2,,,30,0,47.95,1438.5,,0,0,,0,0,1438.5,,2026-09-14 09:49:58,2026-09-15 07:21:01,,1,0,47.85,1435.5
15328,2352,4,,,10,0,47.95,479.5,,0,0,,0,0,479.5,,2026-09-14 09:49:58,2026-09-15 07:21:01,,1,0,47.85,478.5
15329,2353,1,,,450,0,47.95,21577.5,,0,0,,0,0,21577.5,,2026-09-14 09:51:32,2026-09-15 07:21:02,,1,0,47.85,21532.5
15330,2353,2,,,500,0,47.95,23975,,0,0,,0,0,23975,,2026-09-14 09:51:32,2026-09-15 07:21:02,,1,0,47.85,23925
15331,2353,4,,,50,0,47.95,2397.5,,0,0,,0,0,2397.5,,2026-09-14 09:51:32,2026-09-15 07:21:02,,1,0,47.85,2392.5
15332,2354,1,,,300,0,47.95,14385,,0,0,,0,0,14385,,2026-09-14 09:51:39,2026-09-15 06:57:47,,1,0,47.85,14355
15333,2354,2,,,150,0,47.95,7192.5,,0,0,,0,0,7192.5,,2026-09-14 09:51:39,2026-09-15 06:57:47,,1,0,47.85,7177.5
15334,2354,4,,,50,0,47.95,2397.5,,0,0,,0,0,2397.5,,2026-09-14 09:51:39,2026-09-15 06:57:47,,1,0,47.85,2392.5
15335,2355,1,,,500,0,47.95,23975,,0,0,,0,0,23975,,2026-09-14 09:56:41,2026-09-14 10:00:25,2026-09-14 10:00:25,1,0,47.85,23925
15336,2355,2,,,460,0,47.95,22057,,0,0,,0,0,22057,,2026-09-14 09:56:41,2026-09-14 10:00:25,2026-09-14 10:00:25,1,0,47.85,22011
15337,2355,4,,,40,0,47.95,1918,,0,0,,0,0,1918,,2026-09-14 09:56:41,2026-09-14 10:00:25,2026-09-14 10:00:25,1,0,47.85,1914
15338,2355,1,,,600,0,47.95,28770,,0,0,,0,0,28770,,2026-09-14 10:00:25,2026-09-15 07:21:03,,1,0,47.85,28710
15339,2355,2,,,360,0,47.95,17262,,0,0,,0,0,17262,,2026-09-14 10:00:25,2026-09-15 07:21:03,,1,0,47.85,17226
15340,2355,4,,,40,0,47.95,1918,,0,0,,0,0,1918,,2026-09-14 10:00:25,2026-09-15 07:21:03,,1,0,47.85,1914
15341,2356,1,,,130,0,47.95,6233.5,,0,0,,0,0,6233.5,,2026-09-14 10:06:35,2026-09-15 07:21:03,,1,0,47.85,6220.5
15342,2356,2,,,60,0,47.95,2877,,0,0,,0,0,2877,,2026-09-14 10:06:35,2026-09-15 07:21:03,,1,0,47.85,2871
15343,2356,4,,,20,0,47.95,959,,0,0,,0,0,959,,2026-09-14 10:06:35,2026-09-15 07:21:03,,1,0,47.85,957
15344,2357,1,,,20,0,47.95,959,,0,0,,0,0,959,,2026-09-14 10:09:05,2026-09-15 07:21:04,,1,0,47.85,957
15345,2357,2,,,10,0,47.95,479.5,,0,0,,0,0,479.5,,2026-09-14 10:09:05,2026-09-15 07:21:04,,1,0,47.85,478.5
15346,2358,1,,,430,0,47.95,20618.5,,0,0,,0,0,20618.5,,2026-09-14 10:10:23,2026-09-15 07:35:53,,1,0,47.85,20575.5
15347,2358,4,,,70,0,47.95,3356.5,,0,0,,0,0,3356.5,,2026-09-14 10:10:23,2026-09-15 07:35:53,,1,0,47.85,3349.5
15348,2358,2,,,300,0,47.95,14385,,0,0,,0,0,14385,,2026-09-14 10:10:23,2026-09-15 07:35:53,,1,0,47.85,14355
15349,2359,1,,,110,0,47.95,5274.5,,0,0,,0,0,5274.5,,2026-09-14 10:23:26,2026-09-15 07:35:54,,1,0,47.85,5263.5
15350,2359,2,,,80,0,47.95,3836,,0,0,,0,0,3836,,2026-09-14 10:23:26,2026-09-15 07:35:54,,1,0,47.85,3828
15351,2360,1,,,500,0,47.95,23975,,0,0,,0,0,23975,,2026-09-14 10:30:47,2026-09-15 07:35:55,,1,0,47.85,23925
15352,2360,2,,,430,0,47.95,20618.5,,0,0,,0,0,20618.5,,2026-09-14 10:30:47,2026-09-15 07:35:55,,1,0,47.85,20575.5
15353,2360,4,,,70,0,47.95,3356.5,,0,0,,0,0,3356.5,,2026-09-14 10:30:47,2026-09-15 07:35:55,,1,0,47.85,3349.5
15354,2361,1,,,400,0,47.95,19180,,0,0,,0,0,19180,,2026-09-14 10:34:05,2026-09-15 07:35:55,,1,0,47.85,19140
15355,2361,2,,,50,0,47.95,2397.5,,0,0,,0,0,2397.5,,2026-09-14 10:34:05,2026-09-15 07:35:55,,1,0,47.85,2392.5
15356,2361,4,,,50,0,47.95,2397.5,,0,0,,0,0,2397.5,,2026-09-14 10:34:05,2026-09-15 07:35:55,,1,0,47.85,2392.5
15357,2362,1,,,800,0,47.95,38360,,0,0,,0,0,38360,,2026-09-14 10:36:52,2026-09-15 07:35:56,,1,0,47.85,38280
15358,2362,4,,,70,0,47.95,3356.5,,0,0,,0,0,3356.5,,2026-09-14 10:36:52,2026-09-15 07:35:56,,1,0,47.85,3349.5
15359,2362,2,,,630,0,47.95,30208.5,,0,0,,0,0,30208.5,,2026-09-14 10:36:52,2026-09-15 07:35:56,,1,0,47.85,30145.5
15360,2363,1,,,300,0,47.95,14385,,0,0,,0,0,14385,,2026-09-14 15:08:43,2026-09-15 07:35:57,,1,0,47.85,14355
15361,2363,2,,,260,0,47.95,12467,,0,0,,0,0,12467,,2026-09-14 15:08:43,2026-09-15 07:35:57,,1,0,47.85,12441
15362,2363,4,,,40,0,47.95,1918,,0,0,,0,0,1918,,2026-09-14 15:08:43,2026-09-15 07:35:57,,1,0,47.85,1914
15363,2364,1,,,500,0,47.95,23975,,0,0,,0,0,23975,,2026-09-14 15:08:44,2026-09-15 07:35:58,,1,0,47.85,23925
15364,2364,2,,,430,0,47.95,20618.5,,0,0,,0,0,20618.5,,2026-09-14 15:08:44,2026-09-15 07:35:58,,1,0,47.85,20575.5
15365,2364,4,,,70,0,47.95,3356.5,,0,0,,0,0,3356.5,,2026-09-14 15:08:44,2026-09-15 07:35:58,,1,0,47.85,3349.5
15366,2365,2,,,70,0,47.95,3356.5,,0,0,,0,0,3356.5,,2026-09-14 15:08:44,2026-09-15 07:35:58,,1,0,47.85,3349.5
15367,2365,4,,,30,0,47.95,1438.5,,0,0,,0,0,1438.5,,2026-09-14 15:08:44,2026-09-15 07:35:58,,1,0,47.85,1435.5
15368,2365,1,,,50,0,47.95,2397.5,,0,0,,0,0,2397.5,,2026-09-14 15:08:44,2026-09-15 07:35:58,,1,0,47.85,2392.5
15369,2366,1,,,40,0,47.95,1918,,0,0,,0,0,1918,,2026-09-14 15:08:45,2026-09-15 07:35:59,,1,0,47.85,1914
15370,2366,2,,,10,0,47.95,479.5,,0,0,,0,0,479.5,,2026-09-14 15:08:45,2026-09-15 07:35:59,,1,0,47.85,478.5
15371,2367,1,,,30,0,47.95,1438.5,,0,0,,0,0,1438.5,,2026-09-14 15:08:46,2026-09-15 07:36:00,,1,0,47.85,1435.5
15372,2367,2,,,20,0,47.95,959,,0,0,,0,0,959,,2026-09-14 15:08:46,2026-09-15 07:36:00,,1,0,47.85,957
15373,2368,1,,,300,0,47.95,14385,,0,0,,0,0,14385,,2026-09-14 15:08:47,2026-09-15 07:36:01,,1,0,47.85,14355
15374,2368,2,,,150,0,47.95,7192.5,,0,0,,0,0,7192.5,,2026-09-14 15:08:47,2026-09-15 07:36:01,,1,0,47.85,7177.5
15375,2368,4,,,50,0,47.95,2397.5,,0,0,,0,0,2397.5,,2026-09-14 15:08:47,2026-09-15 07:36:01,,1,0,47.85,2392.5
15376,2369,1,,,20,0,47.95,959,,0,0,,0,0,959,,2026-09-14 15:08:48,2026-09-15 07:36:01,,1,0,47.85,957
15377,2369,2,,,10,0,47.95,479.5,,0,0,,0,0,479.5,,2026-09-14 15:08:48,2026-09-15 07:36:01,,1,0,47.85,478.5
15378,2369,4,,,10,0,47.95,479.5,,0,0,,0,0,479.5,,2026-09-14 15:08:48,2026-09-15 07:36:01,,1,0,47.85,478.5
15379,2370,1,,,900,0,47.95,43155,,0,0,,0,0,43155,,2026-09-14 15:08:48,2026-09-15 07:36:02,,1,0,47.85,43065
15380,2370,4,,,100,0,47.95,4795,,0,0,,0,0,4795,,2026-09-14 15:08:48,2026-09-15 07:36:02,,1,0,47.85,4785
15381,2371,4,,,30,0,47.95,1438.5,,0,0,,0,0,1438.5,,2026-09-14 15:08:49,2026-09-15 07:36:03,,1,0,47.85,1435.5
15382,2371,2,,,70,0,47.95,3356.5,,0,0,,0,0,3356.5,,2026-09-14 15:08:49,2026-09-15 07:36:03,,1,0,47.85,3349.5
15383,2371,1,,,110,0,47.95,5274.5,,0,0,,0,0,5274.5,,2026-09-14 15:08:49,2026-09-15 07:36:03,,1,0,47.85,5263.5
15384,2372,1,,,6000,0,47.95,287700,,0,0,,0,0,287700,,2026-09-14 15:08:50,2026-09-15 07:36:04,,1,0,47.85,287100
15385,2372,2,,,1500,0,47.95,71925,,0,0,,0,0,71925,,2026-09-14 15:08:50,2026-09-15 07:36:04,,1,0,47.85,71775
15386,2373,1,,,150,0,47.95,7192.5,,0,0,,0,0,7192.5,,2026-09-14 15:08:51,2026-09-15 07:36:04,,1,0,47.85,7177.5
15387,2373,2,,,80,0,47.95,3836,,0,0,,0,0,3836,,2026-09-14 15:08:51,2026-09-15 07:36:04,,1,0,47.85,3828
15388,2373,4,,,20,0,47.95,959,,0,0,,0,0,959,,2026-09-14 15:08:51,2026-09-15 07:36:04,,1,0,47.85,957
15389,2374,1,,,300,0,47.95,14385,,0,0,,0,0,14385,,2026-09-14 15:08:52,2026-09-15 07:36:05,,1,0,47.85,14355
15390,2374,2,,,150,0,47.95,7192.5,,0,0,,0,0,7192.5,,2026-09-14 15:08:52,2026-09-15 07:36:05,,1,0,47.85,7177.5
15391,2374,4,,,50,0,47.95,2397.5,,0,0,,0,0,2397.5,,2026-09-14 15:08:52,2026-09-15 07:36:05,,1,0,47.85,2392.5
15392,2375,1,1,1,3700,0,47.95,177415,,0,0,,0,0,177415,,2026-09-14 15:35:24,2026-09-15 18:24:24,,1,0,47.85,177045
15393,2375,2,1,1,1030,0,47.95,49388.5,,0,0,,0,0,49388.5,,2026-09-14 15:35:24,2026-09-15 18:24:24,,1,0,47.85,49285.5
15394,2375,4,1,1,0,0,47.95,0,,0,0,,0,0,0,,2026-09-14 15:35:24,2026-09-15 18:24:24,,1,0,47.85,0
15395,2376,1,1,1,8670,0,47.95,415726.5,,0,0,,0,0,415726.5,,2026-09-14 15:35:34,2026-09-15 18:24:24,,1,0,47.85,414859.5
15396,2376,2,1,1,6380,0,47.95,305921,,0,0,,0,0,305921,,2026-09-14 15:35:34,2026-09-15 18:24:24,,1,0,47.85,305283
15397,2376,4,1,1,1550,0,47.95,74322.5,,0,0,,0,0,74322.5,,2026-09-14 15:35:34,2026-09-15 18:24:24,,1,0,47.85,74167.5
16807,2377,1,,,90,0,47.95,4315.5,,0,0,,0,0,4315.5,,2026-09-15 06:57:48,2026-09-16 07:12:36,,1,0,47.85,4306.5
16808,2377,2,,,40,0,47.95,1918,,0,0,,0,0,1918,,2026-09-15 06:57:48,2026-09-16 07:12:36,,1,0,47.85,1914
16809,2377,4,,,20,0,47.95,959,,0,0,,0,0,959,,2026-09-15 06:57:48,2026-09-16 07:12:36,,1,0,47.85,957
16810,2378,1,,,50,0,47.95,2397.5,,0,0,,0,0,2397.5,,2026-09-15 06:57:49,2026-09-16 07:12:37,,1,0,47.85,2392.5
16811,2378,2,,,40,0,47.95,1918,,0,0,,0,0,1918,,2026-09-15 06:57:49,2026-09-16 07:12:37,,1,0,47.85,1914
16812,2378,4,,,10,0,47.95,479.5,,0,0,,0,0,479.5,,2026-09-15 06:57:49,2026-09-16 07:12:37,,1,0,47.85,478.5
16813,2379,1,,,600,0,47.95,28770,,0,0,,0,0,28770,,2026-09-15 06:57:52,2026-09-16 07:12:37,,1,0,47.85,28710
16814,2379,2,,,350,0,47.95,16782.5,,0,0,,0,0,16782.5,,2026-09-15 06:57:52,2026-09-16 07:12:37,,1,0,47.85,16747.5
16815,2379,4,,,50,0,47.95,2397.5,,0,0,,0,0,2397.5,,2026-09-15 06:57:52,2026-09-16 07:12:37,,1,0,47.85,2392.5
17182,2380,1,,,60,0,47.95,2877,,0,0,,0,0,2877,,2026-09-15 07:13:10,2026-09-16 07:12:38,,1,0,47.85,2871
17183,2380,2,,,50,0,47.95,2397.5,,0,0,,0,0,2397.5,,2026-09-15 07:13:10,2026-09-16 07:12:38,,1,0,47.85,2392.5
17184,2381,1,,,80,0,47.95,3836,,0,0,,0,0,3836,,2026-09-15 07:13:11,2026-09-16 07:12:38,,1,0,47.85,3828
17185,2381,2,,,10,0,47.95,479.5,,0,0,,0,0,479.5,,2026-09-15 07:13:11,2026-09-16 07:12:38,,1,0,47.85,478.5
17186,2381,4,,,10,0,47.95,479.5,,0,0,,0,0,479.5,,2026-09-15 07:13:11,2026-09-16 07:12:38,,1,0,47.85,478.5
17534,2382,1,,,20,0,47.95,959,,0,0,,0,0,959,,2026-09-15 07:19:52,2026-09-16 07:12:39,,1,0,47.85,957
17535,2382,2,,,20,0,47.95,959,,0,0,,0,0,959,,2026-09-15 07:19:52,2026-09-16 07:12:39,,1,0,47.85,957
17788,2383,4,,,50,0,47.95,2397.5,,0,0,,0,0,2397.5,,2026-09-15 07:22:00,2026-09-16 07:12:39,,1,0,47.85,2392.5
17789,2383,1,,,300,0,47.95,14385,,0,0,,0,0,14385,,2026-09-15 07:22:00,2026-09-16 07:12:39,,1,0,47.85,14355
17790,2383,2,,,150,0,47.95,7192.5,,0,0,,0,0,7192.5,,2026-09-15 07:22:00,2026-09-16 07:12:39,,1,0,47.85,7177.5
17791,2384,1,,,350,0,47.95,16782.5,,0,0,,0,0,16782.5,,2026-09-15 07:24:45,2026-09-16 07:12:40,,1,0,47.85,16747.5
17792,2384,2,,,230,0,47.95,11028.5,,0,0,,0,0,11028.5,,2026-09-15 07:24:45,2026-09-16 07:12:40,,1,0,47.85,11005.5
17793,2384,4,,,70,0,47.95,3356.5,,0,0,,0,0,3356.5,,2026-09-15 07:24:45,2026-09-16 07:12:40,,1,0,47.85,3349.5
17794,2385,1,,,60,0,47.95,2877,,0,0,,0,0,2877,,2026-09-15 07:29:25,2026-09-16 07:12:40,,1,0,47.85,2871
17795,2385,2,,,40,0,47.95,1918,,0,0,,0,0,1918,,2026-09-15 07:29:25,2026-09-16 07:12:40,,1,0,47.85,1914
17796,2385,4,,,10,0,47.95,479.5,,0,0,,0,0,479.5,,2026-09-15 07:29:25,2026-09-16 07:12:40,,1,0,47.85,478.5
17797,2386,4,,,30,0,47.95,1438.5,,0,0,,0,0,1438.5,,2026-09-15 07:31:21,2026-09-16 07:12:41,,1,0,47.85,1435.5
17798,2386,2,,,100,0,47.95,4795,,0,0,,0,0,4795,,2026-09-15 07:31:21,2026-09-16 07:12:41,,1,0,47.85,4785
17799,2386,1,,,190,0,47.95,9110.5,,0,0,,0,0,9110.5,,2026-09-15 07:31:21,2026-09-16 07:12:41,,1,0,47.85,9091.5
17846,2387,2,,,1000,0,47.95,47950,,0,0,,0,0,47950,,2026-09-15 07:36:06,2026-09-16 06:54:22,,1,0,47.85,47850
17847,2388,1,,,80,0,47.95,3836,,0,0,,0,0,3836,,2026-09-15 07:36:07,2026-09-16 06:54:23,,1,0,47.85,3828
17848,2388,2,,,50,0,47.95,2397.5,,0,0,,0,0,2397.5,,2026-09-15 07:36:07,2026-09-16 06:54:23,,1,0,47.85,2392.5
17849,2388,4,,,20,0,47.95,959,,0,0,,0,0,959,,2026-09-15 07:36:07,2026-09-16 06:54:23,,1,0,47.85,957
17850,2389,1,,,430,0,47.95,20618.5,,0,0,,0,0,20618.5,,2026-09-15 07:36:08,2026-09-16 06:54:23,,1,0,47.85,20575.5
17851,2389,2,,,500,0,47.95,23975,,0,0,,0,0,23975,,2026-09-15 07:36:08,2026-09-16 06:54:23,,1,0,47.85,23925
17852,2389,4,,,70,0,47.95,3356.5,,0,0,,0,0,3356.5,,2026-09-15 07:36:08,2026-09-16 06:54:23,,1,0,47.85,3349.5
17853,2390,1,,,100,0,47.95,4795,,0,0,,0,0,4795,,2026-09-15 07:36:08,2026-09-16 06:54:24,,1,0,47.85,4785
17854,2390,2,,,80,0,47.95,3836,,0,0,,0,0,3836,,2026-09-15 07:36:08,2026-09-16 06:54:24,,1,0,47.85,3828
17855,2390,4,,,20,0,47.95,959,,0,0,,0,0,959,,2026-09-15 07:36:08,2026-09-16 06:54:24,,1,0,47.85,957
17856,2391,1,,,500,0,47.95,23975,,0,0,,0,0,23975,,2026-09-15 07:36:21,2026-09-16 06:54:24,,1,0,47.85,23925
17857,2391,2,,,200,0,47.95,9590,,0,0,,0,0,9590,,2026-09-15 07:36:21,2026-09-16 06:54:24,,1,0,47.85,9570
17858,2391,4,,,50,0,47.95,2397.5,,0,0,,0,0,2397.5,,2026-09-15 07:36:21,2026-09-16 06:54:24,,1,0,47.85,2392.5
17859,2392,4,,,50,0,47.95,2397.5,,0,0,,0,0,2397.5,,2026-09-15 07:36:58,2026-09-16 07:12:41,,1,0,47.85,2392.5
17860,2392,2,,,100,0,47.95,4795,,0,0,,0,0,4795,,2026-09-15 07:36:58,2026-09-16 07:12:41,,1,0,47.85,4785
17861,2392,1,,,450,0,47.95,21577.5,,0,0,,0,0,21577.5,,2026-09-15 07:36:58,2026-09-16 07:12:41,,1,0,47.85,21532.5
17862,2393,2,,,400,0,47.95,19180,,0,0,,0,0,19180,,2026-09-15 07:38:09,2026-09-16 06:54:25,,1,0,47.85,19140
17863,2393,4,,,50,0,47.95,2397.5,,0,0,,0,0,2397.5,,2026-09-15 07:38:09,2026-09-16 06:54:25,,1,0,47.85,2392.5
17864,2393,1,,,190,0,47.95,9110.5,,0,0,,0,0,9110.5,,2026-09-15 07:38:09,2026-09-16 06:54:25,,1,0,47.85,9091.5
17865,2394,4,,,20,0,47.95,959,,0,0,,0,0,959,,2026-09-15 07:52:09,2026-09-16 06:54:25,,1,0,47.85,957
17866,2394,1,,,90,0,47.95,4315.5,,0,0,,0,0,4315.5,,2026-09-15 07:52:09,2026-09-16 06:54:25,,1,0,47.85,4306.5
17867,2394,2,,,100,0,47.95,4795,,0,0,,0,0,4795,,2026-09-15 07:52:09,2026-09-16 06:54:25,,1,0,47.85,4785
17868,2395,4,,,30,0,47.95,1438.5,,0,0,,0,0,1438.5,,2026-09-15 07:52:54,2026-09-16 07:12:42,,1,0,47.85,1435.5
17869,2395,1,,,270,0,47.95,12946.5,,0,0,,0,0,12946.5,,2026-09-15 07:52:54,2026-09-16 07:12:42,,1,0,47.85,12919.5
17870,2396,1,,,120,0,47.95,5754,,0,0,,0,0,5754,,2026-09-15 07:53:43,2026-09-16 07:12:42,,1,0,47.85,5742
17871,2396,2,,,40,0,47.95,1918,,0,0,,0,0,1918,,2026-09-15 07:53:43,2026-09-16 07:12:42,,1,0,47.85,1914
17872,2396,4,,,40,0,47.95,1918,,0,0,,0,0,1918,,2026-09-15 07:53:43,2026-09-16 07:12:42,,1,0,47.85,1914
17873,2397,1,,,200,0,47.95,9590,,0,0,,0,0,9590,,2026-09-15 07:59:41,2026-09-16 07:12:43,,1,0,47.85,9570
17874,2397,2,,,160,0,47.95,7672,,0,0,,0,0,7672,,2026-09-15 07:59:41,2026-09-16 07:12:43,,1,0,47.85,7656
17875,2397,4,,,40,0,47.95,1918,,0,0,,0,0,1918,,2026-09-15 07:59:41,2026-09-16 07:12:43,,1,0,47.85,1914
17876,2398,1,,,500,0,47.95,23975,,0,0,,0,0,23975,,2026-09-15 08:03:27,2026-09-16 07:12:43,,1,0,47.85,23925
17877,2398,2,,,500,0,47.95,23975,,0,0,,0,0,23975,,2026-09-15 08:03:27,2026-09-16 07:12:43,,1,0,47.85,23925
17878,2398,4,,,50,0,47.95,2397.5,,0,0,,0,0,2397.5,,2026-09-15 08:03:27,2026-09-16 07:12:43,,1,0,47.85,2392.5
17879,2399,1,,,130,0,47.95,6233.5,,0,0,,0,0,6233.5,,2026-09-15 08:05:09,2026-09-16 07:12:44,,1,0,47.85,6220.5
17880,2399,2,,,100,0,47.95,4795,,0,0,,0,0,4795,,2026-09-15 08:05:09,2026-09-16 07:12:44,,1,0,47.85,4785
17881,2399,4,,,20,0,47.95,959,,0,0,,0,0,959,,2026-09-15 08:05:09,2026-09-16 07:12:44,,1,0,47.85,957
17882,2400,4,,,40,0,47.95,1918,,0,0,,0,0,1918,,2026-09-15 08:05:29,2026-09-16 06:54:26,,1,0,47.85,1914
17883,2400,1,,,230,0,47.95,11028.5,,0,0,,0,0,11028.5,,2026-09-15 08:05:29,2026-09-16 06:54:26,,1,0,47.85,11005.5
17884,2400,2,,,230,0,47.95,11028.5,,0,0,,0,0,11028.5,,2026-09-15 08:05:29,2026-09-16 06:54:26,,1,0,47.85,11005.5
17885,2401,4,,,50,0,47.95,2397.5,,0,0,,0,0,2397.5,,2026-09-15 08:14:43,2026-09-16 06:54:26,,1,0,47.85,2392.5
17886,2401,1,,,300,0,47.95,14385,,0,0,,0,0,14385,,2026-09-15 08:14:43,2026-09-16 06:54:26,,1,0,47.85,14355
17887,2401,2,,,150,0,47.95,7192.5,,0,0,,0,0,7192.5,,2026-09-15 08:14:43,2026-09-16 06:54:26,,1,0,47.85,7177.5
17888,2402,1,,,500,0,47.95,23975,,0,0,,0,0,23975,,2026-09-15 08:16:44,2026-09-16 06:54:27,,1,0,47.85,23925
17889,2402,2,,,450,0,47.95,21577.5,,0,0,,0,0,21577.5,,2026-09-15 08:16:44,2026-09-16 06:54:27,,1,0,47.85,21532.5
17890,2402,4,,,50,0,47.95,2397.5,,0,0,,0,0,2397.5,,2026-09-15 08:16:44,2026-09-16 06:54:27,,1,0,47.85,2392.5
17891,2403,1,,,120,0,47.95,5754,,0,0,,0,0,5754,,2026-09-15 08:19:05,2026-09-16 07:12:44,,1,0,47.85,5742
17892,2403,2,,,60,0,47.95,2877,,0,0,,0,0,2877,,2026-09-15 08:19:05,2026-09-16 07:12:44,,1,0,47.85,2871
17893,2403,4,,,20,0,47.95,959,,0,0,,0,0,959,,2026-09-15 08:19:05,2026-09-16 07:12:44,,1,0,47.85,957
17894,2404,1,,,180,0,47.95,8631,,0,0,,0,0,8631,,2026-09-15 08:20:59,2026-09-16 07:12:45,,1,0,47.85,8613
17895,2404,4,,,30,0,47.95,1438.5,,0,0,,0,0,1438.5,,2026-09-15 08:20:59,2026-09-16 07:12:45,,1,0,47.85,1435.5
17896,2404,2,,,100,0,47.95,4795,,0,0,,0,0,4795,,2026-09-15 08:20:59,2026-09-16 07:12:45,,1,0,47.85,4785
17897,2405,1,,,80,0,47.95,3836,,0,0,,0,0,3836,,2026-09-15 08:21:37,2026-09-16 07:12:45,,1,0,47.85,3828
17898,2405,2,,,60,0,47.95,2877,,0,0,,0,0,2877,,2026-09-15 08:21:37,2026-09-16 07:12:45,,1,0,47.85,2871
17899,2405,4,,,10,0,47.95,479.5,,0,0,,0,0,479.5,,2026-09-15 08:21:38,2026-09-16 07:12:45,,1,0,47.85,478.5
17900,2406,1,,,70,0,47.95,3356.5,,0,0,,0,0,3356.5,,2026-09-15 08:24:30,2026-09-16 06:54:27,,1,0,47.85,3349.5
17901,2406,2,,,20,0,47.95,959,,0,0,,0,0,959,,2026-09-15 08:24:30,2026-09-16 06:54:27,,1,0,47.85,957
17902,2406,4,,,10,0,47.95,479.5,,0,0,,0,0,479.5,,2026-09-15 08:24:30,2026-09-16 06:54:27,,1,0,47.85,478.5
17903,2407,1,,,60,0,47.95,2877,,0,0,,0,0,2877,,2026-09-15 08:24:35,2026-09-16 07:12:46,,1,0,47.85,2871
17904,2407,2,,,30,0,47.95,1438.5,,0,0,,0,0,1438.5,,2026-09-15 08:24:35,2026-09-16 07:12:46,,1,0,47.85,1435.5
17905,2407,4,,,10,0,47.95,479.5,,0,0,,0,0,479.5,,2026-09-15 08:24:35,2026-09-16 07:12:46,,1,0,47.85,478.5
17906,2408,2,,,200,0,47.95,9590,,0,0,,0,0,9590,,2026-09-15 08:28:29,2026-09-16 06:54:28,,1,0,47.85,9570
17907,2408,4,,,30,0,47.95,1438.5,,0,0,,0,0,1438.5,,2026-09-15 08:28:29,2026-09-16 06:54:28,,1,0,47.85,1435.5
17908,2408,1,,,200,0,47.95,9590,,0,0,,0,0,9590,,2026-09-15 08:28:29,2026-09-16 06:54:28,,1,0,47.85,9570
17909,2409,1,,,150,0,47.95,7192.5,,0,0,,0,0,7192.5,,2026-09-15 08:29:21,2026-09-16 07:12:47,,1,0,47.85,7177.5
17910,2409,2,,,80,0,47.95,3836,,0,0,,0,0,3836,,2026-09-15 08:29:21,2026-09-16 07:12:47,,1,0,47.85,3828
17911,2409,4,,,20,0,47.95,959,,0,0,,0,0,959,,2026-09-15 08:29:21,2026-09-16 07:12:47,,1,0,47.85,957
17912,2410,1,,,300,0,47.95,14385,,0,0,,0,0,14385,,2026-09-15 08:30:48,2026-09-16 07:12:47,,1,0,47.85,14355
17913,2410,2,,,400,0,47.95,19180,,0,0,,0,0,19180,,2026-09-15 08:30:48,2026-09-16 07:12:47,,1,0,47.85,19140
17914,2410,4,,,300,0,47.95,14385,,0,0,,0,0,14385,,2026-09-15 08:30:48,2026-09-16 07:12:47,,1,0,47.85,14355
17915,2411,1,,,30,0,47.95,1438.5,,0,0,,0,0,1438.5,,2026-09-15 08:33:35,2026-09-16 07:12:48,,1,0,47.85,1435.5
17916,2411,2,,,20,0,47.95,959,,0,0,,0,0,959,,2026-09-15 08:33:35,2026-09-16 07:12:48,,1,0,47.85,957
17917,2412,1,,,50,0,47.95,2397.5,,0,0,,0,0,2397.5,,2026-09-15 08:37:12,2026-09-16 06:54:28,,1,0,47.85,2392.5
17918,2412,2,,,40,0,47.95,1918,,0,0,,0,0,1918,,2026-09-15 08:37:12,2026-09-16 06:54:28,,1,0,47.85,1914
17919,2412,4,,,10,0,47.95,479.5,,0,0,,0,0,479.5,,2026-09-15 08:37:12,2026-09-16 06:54:28,,1,0,47.85,478.5
17920,2413,1,,,250,0,47.95,11987.5,,0,0,,0,0,11987.5,,2026-09-15 08:41:53,2026-09-16 06:54:29,,1,0,47.85,11962.5
17921,2413,4,,,30,0,47.95,1438.5,,0,0,,0,0,1438.5,,2026-09-15 08:41:53,2026-09-16 06:54:29,,1,0,47.85,1435.5
17922,2413,2,,,220,0,47.95,10549,,0,0,,0,0,10549,,2026-09-15 08:41:53,2026-09-16 06:54:29,,1,0,47.85,10527
17923,2414,1,,,80,0,47.95,3836,,0,0,,0,0,3836,,2026-09-15 08:43:08,2026-09-16 06:54:29,,1,0,47.85,3828
17924,2414,2,,,50,0,47.95,2397.5,,0,0,,0,0,2397.5,,2026-09-15 08:43:08,2026-09-16 06:54:29,,1,0,47.85,2392.5
17925,2414,4,,,20,0,47.95,959,,0,0,,0,0,959,,2026-09-15 08:43:08,2026-09-16 06:54:29,,1,0,47.85,957
17926,2415,1,,,80,0,47.95,3836,,0,0,,0,0,3836,,2026-09-15 08:43:56,2026-09-16 06:54:30,,1,0,47.85,3828
17927,2415,2,,,50,0,47.95,2397.5,,0,0,,0,0,2397.5,,2026-09-15 08:43:56,2026-09-16 06:54:30,,1,0,47.85,2392.5
17928,2415,4,,,20,0,47.95,959,,0,0,,0,0,959,,2026-09-15 08:43:56,2026-09-16 06:54:30,,1,0,47.85,957
17929,2416,1,,,2000,0,47.95,95900,,0,0,,0,0,95900,,2026-09-15 08:49:46,2026-09-16 06:54:30,,1,0,47.85,95700
17930,2416,2,,,1500,0,47.95,71925,,0,0,,0,0,71925,,2026-09-15 08:49:46,2026-09-16 06:54:30,,1,0,47.85,71775
17931,2417,1,,,400,0,47.95,19180,,0,0,,0,0,19180,,2026-09-15 09:00:44,2026-09-16 07:12:48,,1,0,47.85,19140
17932,2417,4,,,70,0,47.95,3356.5,,0,0,,0,0,3356.5,,2026-09-15 09:00:44,2026-09-16 07:12:48,,1,0,47.85,3349.5
17933,2417,2,,,300,0,47.95,14385,,0,0,,0,0,14385,,2026-09-15 09:00:44,2026-09-16 07:12:48,,1,0,47.85,14355
17934,2418,4,,,100,0,47.95,4795,,0,0,,0,0,4795,,2026-09-15 09:10:56,2026-09-16 07:12:49,,1,0,47.85,4785
17935,2418,1,,,820,0,47.95,39319,,0,0,,0,0,39319,,2026-09-15 09:10:56,2026-09-16 07:12:49,,1,0,47.85,39237
17936,2418,2,,,750,0,47.95,35962.5,,0,0,,0,0,35962.5,,2026-09-15 09:10:56,2026-09-16 07:12:49,,1,0,47.85,35887.5
17937,2419,4,,,50,0,47.95,2397.5,,0,0,,0,0,2397.5,,2026-09-15 09:17:35,2026-09-16 06:54:31,,1,0,47.85,2392.5
17938,2419,1,,,250,0,47.95,11987.5,,0,0,,0,0,11987.5,,2026-09-15 09:17:35,2026-09-16 06:54:31,,1,0,47.85,11962.5
17939,2419,2,,,200,0,47.95,9590,,0,0,,0,0,9590,,2026-09-15 09:17:35,2026-09-16 06:54:31,,1,0,47.85,9570
17940,2420,1,,,250,0,47.95,11987.5,,0,0,,0,0,11987.5,,2026-09-15 09:20:06,2026-09-16 07:12:49,,1,0,47.85,11962.5
17941,2420,2,,,200,0,47.95,9590,,0,0,,0,0,9590,,2026-09-15 09:20:06,2026-09-16 07:12:49,,1,0,47.85,9570
17942,2420,4,,,50,0,47.95,2397.5,,0,0,,0,0,2397.5,,2026-09-15 09:20:06,2026-09-16 07:12:49,,1,0,47.85,2392.5
17943,2421,1,,,150,0,47.95,7192.5,,0,0,,0,0,7192.5,,2026-09-15 09:23:32,2026-09-16 06:54:32,,1,0,47.85,7177.5
17944,2421,2,,,80,0,47.95,3836,,0,0,,0,0,3836,,2026-09-15 09:23:32,2026-09-16 06:54:32,,1,0,47.85,3828
17945,2421,4,,,20,0,47.95,959,,0,0,,0,0,959,,2026-09-15 09:23:32,2026-09-16 06:54:32,,1,0,47.85,957
17946,2422,4,,,30,0,47.95,1438.5,,0,0,,0,0,1438.5,,2026-09-15 09:24:47,2026-09-16 06:54:32,,1,0,47.85,1435.5
17947,2422,1,,,300,0,47.95,14385,,0,0,,0,0,14385,,2026-09-15 09:24:47,2026-09-16 06:54:32,,1,0,47.85,14355
17948,2422,2,,,80,0,47.95,3836,,0,0,,0,0,3836,,2026-09-15 09:24:47,2026-09-16 06:54:32,,1,0,47.85,3828
17949,2423,1,,,600,0,47.95,28770,,0,0,,0,0,28770,,2026-09-15 09:26:48,2026-09-16 06:54:33,,1,0,47.85,28710
17950,2423,4,,,70,0,47.95,3356.5,,0,0,,0,0,3356.5,,2026-09-15 09:26:48,2026-09-16 06:54:33,,1,0,47.85,3349.5
17951,2423,2,,,330,0,47.95,15823.5,,0,0,,0,0,15823.5,,2026-09-15 09:26:48,2026-09-16 06:54:33,,1,0,47.85,15790.5
17952,2424,1,,,40,0,47.95,1918,,0,0,,0,0,1918,,2026-09-15 09:28:55,2026-09-16 07:12:50,,1,0,47.85,1914
17953,2424,2,,,30,0,47.95,1438.5,,0,0,,0,0,1438.5,,2026-09-15 09:28:55,2026-09-16 07:12:50,,1,0,47.85,1435.5
17954,2424,4,,,10,0,47.95,479.5,,0,0,,0,0,479.5,,2026-09-15 09:28:55,2026-09-16 07:12:50,,1,0,47.85,478.5
17955,2425,1,,,70,0,47.95,3356.5,,0,0,,0,0,3356.5,,2026-09-15 09:31:10,2026-09-16 06:54:33,,1,0,47.85,3349.5
17956,2425,2,,,20,0,47.95,959,,0,0,,0,0,959,,2026-09-15 09:31:10,2026-09-16 06:54:33,,1,0,47.85,957
17957,2425,4,,,10,0,47.95,479.5,,0,0,,0,0,479.5,,2026-09-15 09:31:10,2026-09-16 06:54:33,,1,0,47.85,478.5
17958,2426,1,,,500,0,47.95,23975,,0,0,,0,0,23975,,2026-09-15 09:31:55,2026-09-16 06:54:34,,1,0,47.85,23925
17959,2426,2,,,180,0,47.95,8631,,0,0,,0,0,8631,,2026-09-15 09:31:55,2026-09-16 06:54:34,,1,0,47.85,8613
17960,2426,4,,,70,0,47.95,3356.5,,0,0,,0,0,3356.5,,2026-09-15 09:31:55,2026-09-16 06:54:34,,1,0,47.85,3349.5
17961,2427,4,,,20,0,47.95,959,,0,0,,0,0,959,,2026-09-15 09:34:00,2026-09-16 06:54:34,,1,0,47.85,957
17962,2427,1,,,100,0,47.95,4795,,0,0,,0,0,4795,,2026-09-15 09:34:00,2026-09-16 06:54:34,,1,0,47.85,4785
17963,2427,2,,,50,0,47.95,2397.5,,0,0,,0,0,2397.5,,2026-09-15 09:34:00,2026-09-16 06:54:34,,1,0,47.85,2392.5
17964,2428,1,,,60,0,47.95,2877,,0,0,,0,0,2877,,2026-09-15 09:35:01,2026-09-16 07:12:50,,1,0,47.85,2871
17965,2429,1,,,50,0,47.95,2397.5,,0,0,,0,0,2397.5,,2026-09-15 09:37:23,2026-09-16 06:54:35,,1,0,47.85,2392.5
17966,2429,2,,,40,0,47.95,1918,,0,0,,0,0,1918,,2026-09-15 09:37:23,2026-09-16 06:54:35,,1,0,47.85,1914
17967,2429,4,,,10,0,47.95,479.5,,0,0,,0,0,479.5,,2026-09-15 09:37:23,2026-09-16 06:54:35,,1,0,47.85,478.5
17968,2430,1,,,300,0,47.95,14385,,0,0,,0,0,14385,,2026-09-15 09:40:15,2026-09-16 06:54:35,,1,0,47.85,14355
17969,2430,2,,,260,0,47.95,12467,,0,0,,0,0,12467,,2026-09-15 09:40:15,2026-09-16 06:54:35,,1,0,47.85,12441
17970,2430,4,,,40,0,47.95,1918,,0,0,,0,0,1918,,2026-09-15 09:40:15,2026-09-16 06:54:35,,1,0,47.85,1914
17971,2431,1,,,750,0,47.95,35962.5,,0,0,,0,0,35962.5,,2026-09-15 09:40:45,2026-09-16 07:12:51,,1,0,47.85,35887.5
17972,2431,2,,,600,0,47.95,28770,,0,0,,0,0,28770,,2026-09-15 09:40:45,2026-09-16 07:12:51,,1,0,47.85,28710
17973,2431,4,,,150,0,47.95,7192.5,,0,0,,0,0,7192.5,,2026-09-15 09:40:45,2026-09-16 07:12:51,,1,0,47.85,7177.5
17974,2432,1,,,1000,0,47.95,47950,,0,0,,0,0,47950,,2026-09-15 09:41:29,2026-09-15 09:43:43,2026-09-15 09:43:43,1,0,47.85,47850
17975,2432,2,,,430,0,47.95,20618.5,,0,0,,0,0,20618.5,,2026-09-15 09:41:29,2026-09-15 09:43:43,2026-09-15 09:43:43,1,0,47.85,20575.5
17976,2432,4,,,70,0,47.95,3356.5,,0,0,,0,0,3356.5,,2026-09-15 09:41:29,2026-09-15 09:43:43,2026-09-15 09:43:43,1,0,47.85,3349.5
17977,2433,1,,,20,0,47.95,959,,0,0,,0,0,959,,2026-09-15 09:42:40,2026-09-16 07:12:51,,1,0,47.85,957
17978,2432,1,,,930,0,47.95,44593.5,,0,0,,0,0,44593.5,,2026-09-15 09:43:43,2026-09-16 06:54:36,,1,0,47.85,44500.5
17979,2432,2,,,500,0,47.95,23975,,0,0,,0,0,23975,,2026-09-15 09:43:43,2026-09-16 06:54:36,,1,0,47.85,23925
17980,2432,4,,,70,0,47.95,3356.5,,0,0,,0,0,3356.5,,2026-09-15 09:43:43,2026-09-16 06:54:36,,1,0,47.85,3349.5
17981,2434,4,,,50,0,47.95,2397.5,,0,0,,0,0,2397.5,,2026-09-15 09:44:35,2026-09-16 06:54:37,,1,0,47.85,2392.5
17982,2434,1,,,500,0,47.95,23975,,0,0,,0,0,23975,,2026-09-15 09:44:35,2026-09-16 06:54:37,,1,0,47.85,23925
17983,2434,2,,,450,0,47.95,21577.5,,0,0,,0,0,21577.5,,2026-09-15 09:44:35,2026-09-16 06:54:37,,1,0,47.85,21532.5
17984,2435,1,,,250,0,47.95,11987.5,,0,0,,0,0,11987.5,,2026-09-15 09:49:41,2026-09-16 07:12:52,,1,0,47.85,11962.5
17985,2435,2,,,200,0,47.95,9590,,0,0,,0,0,9590,,2026-09-15 09:49:41,2026-09-16 07:12:52,,1,0,47.85,9570
17986,2435,4,,,50,0,47.95,2397.5,,0,0,,0,0,2397.5,,2026-09-15 09:49:41,2026-09-16 07:12:52,,1,0,47.85,2392.5
17987,2436,4,,,100,0,47.95,4795,,0,0,,0,0,4795,,2026-09-15 09:51:24,2026-09-16 06:54:37,,1,0,47.85,4785
17988,2436,1,,,1000,0,47.95,47950,,0,0,,0,0,47950,,2026-09-15 09:51:24,2026-09-16 06:54:37,,1,0,47.85,47850
17989,2436,2,,,400,0,47.95,19180,,0,0,,0,0,19180,,2026-09-15 09:51:24,2026-09-16 06:54:37,,1,0,47.85,19140
17990,2437,1,,,170,0,47.95,8151.5,,0,0,,0,0,8151.5,,2026-09-15 09:59:33,2026-09-16 06:54:38,,1,0,47.85,8134.5
17991,2437,4,,,20,0,47.95,959,,0,0,,0,0,959,,2026-09-15 09:59:33,2026-09-16 06:54:38,,1,0,47.85,957
17992,2437,2,,,230,0,47.95,11028.5,,0,0,,0,0,11028.5,,2026-09-15 09:59:33,2026-09-16 06:54:38,,1,0,47.85,11005.5
17993,2438,4,,,50,0,47.95,2397.5,,0,0,,0,0,2397.5,,2026-09-15 10:02:07,2026-09-16 06:54:38,,1,0,47.85,2392.5
17994,2438,2,,,200,0,47.95,9590,,0,0,,0,0,9590,,2026-09-15 10:02:07,2026-09-16 06:54:38,,1,0,47.85,9570
17995,2438,1,,,250,0,47.95,11987.5,,0,0,,0,0,11987.5,,2026-09-15 10:02:07,2026-09-16 06:54:38,,1,0,47.85,11962.5
17996,2439,1,,,500,0,47.95,23975,,0,0,,0,0,23975,,2026-09-15 10:04:43,2026-09-16 06:54:39,,1,0,47.85,23925
17997,2439,2,,,200,0,47.95,9590,,0,0,,0,0,9590,,2026-09-15 10:04:43,2026-09-16 06:54:39,,1,0,47.85,9570
17998,2439,4,,,50,0,47.95,2397.5,,0,0,,0,0,2397.5,,2026-09-15 10:04:43,2026-09-16 06:54:39,,1,0,47.85,2392.5
17999,2440,1,,,40,0,47.95,1918,,0,0,,0,0,1918,,2026-09-15 10:05:55,2026-09-15 10:12:15,2026-09-15 10:12:15,1,0,47.85,1914
18000,2440,2,,,20,0,47.95,959,,0,0,,0,0,959,,2026-09-15 10:05:55,2026-09-15 10:12:15,2026-09-15 10:12:15,1,0,47.85,957
18001,2440,4,,,10,0,47.95,479.5,,0,0,,0,0,479.5,,2026-09-15 10:05:55,2026-09-15 10:12:15,2026-09-15 10:12:15,1,0,47.85,478.5
18002,2440,1,,,40,0,47.95,1918,,0,0,,0,0,1918,,2026-09-15 10:12:15,2026-09-16 07:12:52,,1,0,47.85,1914
18003,2440,2,,,30,0,47.95,1438.5,,0,0,,0,0,1438.5,,2026-09-15 10:12:15,2026-09-16 07:12:52,,1,0,47.85,1435.5
18004,2441,1,,,3500,0,47.95,167825,,0,0,,0,0,167825,,2026-09-15 10:14:07,2026-09-16 06:54:39,,1,0,47.85,167475
18005,2441,2,,,1500,0,47.95,71925,,0,0,,0,0,71925,,2026-09-15 10:14:07,2026-09-16 06:54:39,,1,0,47.85,71775
18006,2441,4,,,250,0,47.95,11987.5,,0,0,,0,0,11987.5,,2026-09-15 10:14:07,2026-09-16 06:54:39,,1,0,47.85,11962.5
18007,2442,1,,,3000,0,47.95,143850,,0,0,,0,0,143850,,2026-09-15 10:14:53,2026-09-16 06:54:40,,1,0,47.85,143550
18008,2442,2,,,2000,0,47.95,95900,,0,0,,0,0,95900,,2026-09-15 10:14:53,2026-09-16 06:54:40,,1,0,47.85,95700
18009,2442,4,,,150,0,47.95,7192.5,,0,0,,0,0,7192.5,,2026-09-15 10:14:53,2026-09-16 06:54:40,,1,0,47.85,7177.5
18010,2443,1,,,1500,0,47.85,71775,,0,0,,0,0,71775,,2026-09-15 10:15:44,2026-09-16 06:54:40,,1,0,47.85,71775
18011,2443,2,,,3500,0,47.85,167475,,0,0,,0,0,167475,,2026-09-15 10:15:44,2026-09-16 06:54:40,,1,0,47.85,167475
18012,2444,1,,,300,0,47.95,14385,,0,0,,0,0,14385,,2026-09-15 10:19:19,2026-09-16 06:54:41,,1,0,47.85,14355
18013,2444,2,,,100,0,47.95,4795,,0,0,,0,0,4795,,2026-09-15 10:19:19,2026-09-16 06:54:41,,1,0,47.85,4785
18014,2444,4,,,20,0,47.95,959,,0,0,,0,0,959,,2026-09-15 10:19:19,2026-09-16 06:54:41,,1,0,47.85,957
18015,2445,1,,,50,0,47.95,2397.5,,0,0,,0,0,2397.5,,2026-09-15 10:30:25,2026-09-16 06:54:41,,1,0,47.85,2392.5
18016,2445,2,,,40,0,47.95,1918,,0,0,,0,0,1918,,2026-09-15 10:30:25,2026-09-16 06:54:41,,1,0,47.85,1914
18017,2445,4,,,10,0,47.95,479.5,,0,0,,0,0,479.5,,2026-09-15 10:30:25,2026-09-16 06:54:41,,1,0,47.85,478.5
18018,2446,1,,,60,0,47.95,2877,,0,0,,0,0,2877,,2026-09-15 10:31:19,2026-09-16 06:54:42,,1,0,47.85,2871
18019,2446,2,,,30,0,47.95,1438.5,,0,0,,0,0,1438.5,,2026-09-15 10:31:19,2026-09-16 06:54:42,,1,0,47.85,1435.5
18020,2446,4,,,10,0,47.95,479.5,,0,0,,0,0,479.5,,2026-09-15 10:31:19,2026-09-16 06:54:42,,1,0,47.85,478.5
18021,2447,1,,,200,0,47.95,9590,,0,0,,0,0,9590,,2026-09-15 10:32:07,2026-09-16 06:54:42,,1,0,47.85,9570
18022,2447,4,,,30,0,47.95,1438.5,,0,0,,0,0,1438.5,,2026-09-15 10:32:07,2026-09-16 06:54:42,,1,0,47.85,1435.5
18023,2447,2,,,170,0,47.95,8151.5,,0,0,,0,0,8151.5,,2026-09-15 10:32:07,2026-09-16 06:54:42,,1,0,47.85,8134.5
18024,2448,1,,,150,0,47.95,7192.5,,0,0,,0,0,7192.5,,2026-09-15 10:34:02,2026-09-16 06:54:43,,1,0,47.85,7177.5
18025,2448,2,,,30,0,47.95,1438.5,,0,0,,0,0,1438.5,,2026-09-15 10:34:02,2026-09-16 06:54:43,,1,0,47.85,1435.5
18026,2448,4,,,20,0,47.95,959,,0,0,,0,0,959,,2026-09-15 10:34:02,2026-09-16 06:54:43,,1,0,47.85,957
18027,2449,1,,,40,0,47.95,1918,,0,0,,0,0,1918,,2026-09-15 10:34:59,2026-09-16 06:54:43,,1,0,47.85,1914
18028,2449,2,,,10,0,47.95,479.5,,0,0,,0,0,479.5,,2026-09-15 10:34:59,2026-09-16 06:54:43,,1,0,47.85,478.5
18029,2450,1,,,70,0,47.95,3356.5,,0,0,,0,0,3356.5,,2026-09-15 10:37:10,2026-09-16 06:54:44,,1,0,47.85,3349.5
18030,2450,2,,,20,0,47.95,959,,0,0,,0,0,959,,2026-09-15 10:37:10,2026-09-16 06:54:44,,1,0,47.85,957
18031,2450,4,,,10,0,47.95,479.5,,0,0,,0,0,479.5,,2026-09-15 10:37:10,2026-09-16 06:54:44,,1,0,47.85,478.5
18032,2451,4,,,50,0,47.95,2397.5,,0,0,,0,0,2397.5,,2026-09-15 10:38:08,2026-09-16 06:54:45,,1,0,47.85,2392.5
18033,2451,2,,,150,0,47.95,7192.5,,0,0,,0,0,7192.5,,2026-09-15 10:38:08,2026-09-16 06:54:45,,1,0,47.85,7177.5
18034,2451,1,,,410,0,47.95,19659.5,,0,0,,0,0,19659.5,,2026-09-15 10:38:08,2026-09-16 06:54:45,,1,0,47.85,19618.5
18035,2452,1,,,100,0,47.95,4795,,0,0,,0,0,4795,,2026-09-15 10:40:33,2026-09-16 06:54:45,,1,0,47.85,4785
18036,2452,2,,,80,0,47.95,3836,,0,0,,0,0,3836,,2026-09-15 10:40:33,2026-09-16 06:54:45,,1,0,47.85,3828
18037,2452,4,,,20,0,47.95,959,,0,0,,0,0,959,,2026-09-15 10:40:33,2026-09-16 06:54:45,,1,0,47.85,957
18038,2453,1,,,50,0,47.95,2397.5,,0,0,,0,0,2397.5,,2026-09-15 10:41:13,2026-09-16 06:54:46,,1,0,47.85,2392.5
18039,2453,2,,,30,0,47.95,1438.5,,0,0,,0,0,1438.5,,2026-09-15 10:41:13,2026-09-16 06:54:46,,1,0,47.85,1435.5
18040,2453,4,,,10,0,47.95,479.5,,0,0,,0,0,479.5,,2026-09-15 10:41:13,2026-09-16 06:54:46,,1,0,47.85,478.5
18041,2454,1,,,60,0,47.95,2877,,0,0,,0,0,2877,,2026-09-15 10:42:04,2026-09-16 06:54:46,,1,0,47.85,2871
18042,2454,2,,,30,0,47.95,1438.5,,0,0,,0,0,1438.5,,2026-09-15 10:42:04,2026-09-16 06:54:46,,1,0,47.85,1435.5
18043,2454,4,,,10,0,47.95,479.5,,0,0,,0,0,479.5,,2026-09-15 10:42:04,2026-09-16 06:54:46,,1,0,47.85,478.5
18044,2455,1,,,80,0,47.95,3836,,0,0,,0,0,3836,,2026-09-15 10:44:04,2026-09-16 06:54:47,,1,0,47.85,3828
18045,2455,2,,,10,0,47.95,479.5,,0,0,,0,0,479.5,,2026-09-15 10:44:04,2026-09-16 06:54:47,,1,0,47.85,478.5
18046,2455,4,,,10,0,47.95,479.5,,0,0,,0,0,479.5,,2026-09-15 10:44:04,2026-09-16 06:54:47,,1,0,47.85,478.5
18047,2456,1,,,500,0,47.95,23975,,0,0,,0,0,23975,,2026-09-15 10:45:45,2026-09-15 10:51:47,2026-09-15 10:51:47,1,0,47.85,23925
18048,2456,2,,,430,0,47.95,20618.5,,0,0,,0,0,20618.5,,2026-09-15 10:45:45,2026-09-15 10:51:47,2026-09-15 10:51:47,1,0,47.85,20575.5
18049,2456,4,,,70,0,47.95,3356.5,,0,0,,0,0,3356.5,,2026-09-15 10:45:45,2026-09-15 10:51:47,2026-09-15 10:51:47,1,0,47.85,3349.5
18050,2456,1,,,500,0,47.95,23975,,0,0,,0,0,23975,,2026-09-15 10:51:47,2026-09-16 06:54:47,,1,0,47.85,23925
18051,2456,2,,,250,0,47.95,11987.5,,0,0,,0,0,11987.5,,2026-09-15 10:51:47,2026-09-16 06:54:47,,1,0,47.85,11962.5
18052,2456,4,,,60,0,47.95,2877,,0,0,,0,0,2877,,2026-09-15 10:51:47,2026-09-16 06:54:47,,1,0,47.85,2871
18053,2457,1,,,80,0,47.95,3836,,0,0,,0,0,3836,,2026-09-15 10:52:48,2026-09-16 06:54:48,,1,0,47.85,3828
18054,2457,2,,,50,0,47.95,2397.5,,0,0,,0,0,2397.5,,2026-09-15 10:52:48,2026-09-16 06:54:48,,1,0,47.85,2392.5
18055,2457,4,,,20,0,47.95,959,,0,0,,0,0,959,,2026-09-15 10:52:48,2026-09-16 06:54:48,,1,0,47.85,957
18056,2458,1,,,500,0,47.95,23975,,0,0,,0,0,23975,,2026-09-15 10:53:25,2026-09-16 06:54:48,,1,0,47.85,23925
18057,2458,2,,,200,0,47.95,9590,,0,0,,0,0,9590,,2026-09-15 10:53:25,2026-09-16 06:54:48,,1,0,47.85,9570
18058,2458,4,,,50,0,47.95,2397.5,,0,0,,0,0,2397.5,,2026-09-15 10:53:25,2026-09-16 06:54:48,,1,0,47.85,2392.5
18059,2459,1,,,150,0,47.95,7192.5,,0,0,,0,0,7192.5,,2026-09-15 10:53:59,2026-09-16 06:54:49,,1,0,47.85,7177.5
18060,2459,2,,,80,0,47.95,3836,,0,0,,0,0,3836,,2026-09-15 10:53:59,2026-09-16 06:54:49,,1,0,47.85,3828
18061,2459,4,,,20,0,47.95,959,,0,0,,0,0,959,,2026-09-15 10:53:59,2026-09-16 06:54:49,,1,0,47.85,957
18062,2460,1,,,150,0,47.95,7192.5,,0,0,,0,0,7192.5,,2026-09-15 10:54:32,2026-09-16 06:54:49,,1,0,47.85,7177.5
18063,2460,2,,,30,0,47.95,1438.5,,0,0,,0,0,1438.5,,2026-09-15 10:54:32,2026-09-16 06:54:49,,1,0,47.85,1435.5
18064,2460,4,,,20,0,47.95,959,,0,0,,0,0,959,,2026-09-15 10:54:32,2026-09-16 06:54:49,,1,0,47.85,957
18065,2461,1,,,300,0,47.95,14385,,0,0,,0,0,14385,,2026-09-15 10:56:21,2026-09-16 06:54:50,,1,0,47.85,14355
18066,2461,2,,,170,0,47.95,8151.5,,0,0,,0,0,8151.5,,2026-09-15 10:56:21,2026-09-16 06:54:50,,1,0,47.85,8134.5
18067,2461,4,,,30,0,47.95,1438.5,,0,0,,0,0,1438.5,,2026-09-15 10:56:21,2026-09-16 06:54:50,,1,0,47.85,1435.5
18068,2462,1,,,200,0,47.95,9590,,0,0,,0,0,9590,,2026-09-15 11:00:02,2026-09-16 06:54:50,,1,0,47.85,9570
18069,2463,1,,,150,0,47.95,7192.5,,0,0,,0,0,7192.5,,2026-09-15 11:03:35,2026-09-16 06:54:51,,1,0,47.85,7177.5
18070,2463,4,,,30,0,47.95,1438.5,,0,0,,0,0,1438.5,,2026-09-15 11:03:35,2026-09-16 06:54:51,,1,0,47.85,1435.5
18071,2463,2,,,120,0,47.95,5754,,0,0,,0,0,5754,,2026-09-15 11:03:35,2026-09-16 06:54:51,,1,0,47.85,5742
18072,2464,1,,,250,0,47.95,11987.5,,0,0,,0,0,11987.5,,2026-09-15 11:05:27,2026-09-16 06:54:51,,1,0,47.85,11962.5
18073,2464,2,,,200,0,47.95,9590,,0,0,,0,0,9590,,2026-09-15 11:05:27,2026-09-16 06:54:51,,1,0,47.85,9570
18074,2464,4,,,50,0,47.95,2397.5,,0,0,,0,0,2397.5,,2026-09-15 11:05:27,2026-09-16 06:54:51,,1,0,47.85,2392.5
18075,2465,4,,,100,0,47.95,4795,,0,0,,0,0,4795,,2026-09-15 11:06:20,2026-09-16 06:54:52,,1,0,47.85,4785
18076,2465,1,,,800,0,47.95,38360,,0,0,,0,0,38360,,2026-09-15 11:06:20,2026-09-16 06:54:52,,1,0,47.85,38280
18077,2465,2,,,600,0,47.95,28770,,0,0,,0,0,28770,,2026-09-15 11:06:20,2026-09-16 06:54:52,,1,0,47.85,28710
18078,2466,2,,,100,0,47.95,4795,,0,0,,0,0,4795,,2026-09-15 11:11:03,2026-09-16 06:54:52,,1,0,47.85,4785
18079,2466,4,,,20,0,47.95,959,,0,0,,0,0,959,,2026-09-15 11:11:03,2026-09-16 06:54:52,,1,0,47.85,957
18080,2466,1,,,80,0,47.95,3836,,0,0,,0,0,3836,,2026-09-15 11:11:03,2026-09-16 06:54:52,,1,0,47.85,3828
18081,2467,1,,,60,0,47.95,2877,,0,0,,0,0,2877,,2026-09-15 11:12:28,2026-09-16 06:54:53,,1,0,47.85,2871
18082,2467,2,,,50,0,47.95,2397.5,,0,0,,0,0,2397.5,,2026-09-15 11:12:28,2026-09-16 06:54:53,,1,0,47.85,2392.5
18083,2467,4,,,10,0,47.95,479.5,,0,0,,0,0,479.5,,2026-09-15 11:12:28,2026-09-16 06:54:53,,1,0,47.85,478.5
18084,2468,1,,,50,0,47.95,2397.5,,0,0,,0,0,2397.5,,2026-09-15 11:13:16,2026-09-16 06:54:54,,1,0,47.85,2392.5
18085,2468,2,,,40,0,47.95,1918,,0,0,,0,0,1918,,2026-09-15 11:13:16,2026-09-16 06:54:54,,1,0,47.85,1914
18086,2468,4,,,10,0,47.95,479.5,,0,0,,0,0,479.5,,2026-09-15 11:13:16,2026-09-16 06:54:54,,1,0,47.85,478.5
18087,2469,1,,,200,0,47.95,9590,,0,0,,0,0,9590,,2026-09-15 11:33:52,2026-09-16 06:54:54,,1,0,47.85,9570
18088,2469,4,,,30,0,47.95,1438.5,,0,0,,0,0,1438.5,,2026-09-15 11:33:52,2026-09-16 06:54:54,,1,0,47.85,1435.5
18089,2469,2,,,170,0,47.95,8151.5,,0,0,,0,0,8151.5,,2026-09-15 11:33:52,2026-09-16 06:54:54,,1,0,47.85,8134.5
18090,2470,1,,,900,0,47.95,43155,,0,0,,0,0,43155,,2026-09-15 11:37:23,2026-09-16 06:54:55,,1,0,47.85,43065
18091,2470,2,,,100,0,47.95,4795,,0,0,,0,0,4795,,2026-09-15 11:37:23,2026-09-16 06:54:55,,1,0,47.85,4785
18092,2471,1,1,1,11980,0,47.95,574441,,0,0,,0,0,574441,,2026-09-15 12:08:23,2026-09-15 18:24:46,,1,0,47.85,573243
18093,2471,2,1,1,6210,0,47.95,297769.5,,0,0,,0,0,297769.5,,2026-09-15 12:08:23,2026-09-15 18:24:46,,1,0,47.85,297148.5
18094,2471,4,1,1,2200,0,47.95,105490,,0,0,,0,0,105490,,2026-09-15 12:08:23,2026-09-15 18:24:46,,1,0,47.85,105270
18095,2472,1,,,100,0,47.95,4795,,0,0,,0,0,4795,,2026-09-15 12:14:42,2026-09-16 06:54:55,,1,0,47.85,4785
18096,2472,2,,,100,0,47.95,4795,,0,0,,0,0,4795,,2026-09-15 12:14:42,2026-09-16 06:54:55,,1,0,47.85,4785
18097,2473,1,1,1,4140,0,47.95,198513,,0,0,,0,0,198513,,2026-09-15 12:19:30,2026-09-15 18:24:46,,1,0,47.85,198099
18098,2473,2,1,1,2580,0,47.95,123711,,0,0,,0,0,123711,,2026-09-15 12:19:30,2026-09-15 18:24:46,,1,0,47.85,123453
18099,2473,4,1,1,700,0,47.95,33565,,0,0,,0,0,33565,,2026-09-15 12:19:30,2026-09-15 18:24:46,,1,0,47.85,33495
19772,2474,1,,,4000,0,47.95,191800,,0,0,,0,0,191800,,2026-09-16 06:54:56,2026-09-16 10:41:13,2026-09-16 10:41:13,1,0,0,0
19773,2474,2,,,3500,0,47.95,167825,,0,0,,0,0,167825,,2026-09-16 06:54:56,2026-09-16 10:41:13,2026-09-16 10:41:13,1,0,0,0
19774,2475,1,,,300,0,47.95,14385,,0,0,,0,0,14385,,2026-09-16 06:54:56,2026-09-17 08:02:27,,1,0,0,0
19775,2475,2,,,150,0,47.95,7192.5,,0,0,,0,0,7192.5,,2026-09-16 06:54:56,2026-09-17 08:02:27,,1,0,0,0
19776,2475,4,,,50,0,47.95,2397.5,,0,0,,0,0,2397.5,,2026-09-16 06:54:56,2026-09-17 08:02:27,,1,0,0,0
19777,2476,1,,,300,0,47.95,14385,,0,0,,0,0,14385,,2026-09-16 06:54:57,2026-09-17 08:02:28,,1,0,0,0
19778,2476,2,,,150,0,47.95,7192.5,,0,0,,0,0,7192.5,,2026-09-16 06:54:57,2026-09-17 08:02:28,,1,0,0,0
19779,2476,4,,,50,0,47.95,2397.5,,0,0,,0,0,2397.5,,2026-09-16 06:54:57,2026-09-17 08:02:28,,1,0,0,0
19780,2477,4,,,50,0,47.95,2397.5,,0,0,,0,0,2397.5,,2026-09-16 06:59:22,2026-09-17 08:02:28,,1,0,0,0
19781,2477,1,,,80,0,47.95,3836,,0,0,,0,0,3836,,2026-09-16 06:59:22,2026-09-17 08:02:28,,1,0,0,0
19782,2477,2,,,70,0,47.95,3356.5,,0,0,,0,0,3356.5,,2026-09-16 06:59:22,2026-09-17 08:02:28,,1,0,0,0
19783,2478,1,,,150,0,47.95,7192.5,,0,0,,0,0,7192.5,,2026-09-16 06:59:51,2026-09-17 08:02:29,,1,0,0,0
19784,2478,2,,,70,0,47.95,3356.5,,0,0,,0,0,3356.5,,2026-09-16 06:59:51,2026-09-17 08:02:29,,1,0,0,0
19785,2478,4,,,30,0,47.95,1438.5,,0,0,,0,0,1438.5,,2026-09-16 06:59:51,2026-09-17 08:02:29,,1,0,0,0
20643,2479,1,,,60,0,47.95,2877,,0,0,,0,0,2877,,2026-09-16 07:08:43,2026-09-17 08:02:29,,1,0,0,0
20644,2479,2,,,30,0,47.95,1438.5,,0,0,,0,0,1438.5,,2026-09-16 07:08:43,2026-09-17 08:02:29,,1,0,0,0
20645,2479,4,,,10,0,47.95,479.5,,0,0,,0,0,479.5,,2026-09-16 07:08:43,2026-09-17 08:02:29,,1,0,0,0
20646,2480,1,,,300,0,47.95,14385,,0,0,,0,0,14385,,2026-09-16 07:10:00,2026-09-17 08:02:30,,1,0,0,0
20647,2480,2,,,150,0,47.95,7192.5,,0,0,,0,0,7192.5,,2026-09-16 07:10:00,2026-09-17 08:02:30,,1,0,0,0
20648,2480,4,,,50,0,47.95,2397.5,,0,0,,0,0,2397.5,,2026-09-16 07:10:00,2026-09-17 08:02:30,,1,0,0,0
20649,2481,2,,,30,0,47.95,1438.5,,0,0,,0,0,1438.5,,2026-09-16 07:11:33,2026-09-17 08:02:30,,1,0,0,0
20650,2481,4,,,20,0,47.95,959,,0,0,,0,0,959,,2026-09-16 07:11:33,2026-09-17 08:02:30,,1,0,0,0
20800,2482,2,,,30,0,47.95,1438.5,,0,0,,0,0,1438.5,,2026-09-16 07:12:53,2026-09-17 07:09:33,,1,0,0,0
20801,2482,4,,,10,0,47.95,479.5,,0,0,,0,0,479.5,,2026-09-16 07:12:53,2026-09-17 07:09:33,,1,0,0,0
20802,2482,1,,,20,0,47.95,959,,0,0,,0,0,959,,2026-09-16 07:12:53,2026-09-17 07:09:33,,1,0,0,0
20803,2483,1,,,50,0,47.95,2397.5,,0,0,,0,0,2397.5,,2026-09-16 07:12:53,2026-09-17 07:09:33,,1,0,0,0
20804,2483,2,,,40,0,47.95,1918,,0,0,,0,0,1918,,2026-09-16 07:12:53,2026-09-17 07:09:33,,1,0,0,0
20805,2483,4,,,10,0,47.95,479.5,,0,0,,0,0,479.5,,2026-09-16 07:12:53,2026-09-17 07:09:33,,1,0,0,0
20806,2484,1,,,50,0,47.95,2397.5,,0,0,,0,0,2397.5,,2026-09-16 07:13:34,2026-09-17 07:09:34,,1,0,0,0
20807,2484,2,,,40,0,47.95,1918,,0,0,,0,0,1918,,2026-09-16 07:13:34,2026-09-17 07:09:34,,1,0,0,0
20808,2484,4,,,10,0,47.95,479.5,,0,0,,0,0,479.5,,2026-09-16 07:13:34,2026-09-17 07:09:34,,1,0,0,0
20809,2485,1,,,80,0,47.95,3836,,0,0,,0,0,3836,,2026-09-16 07:14:07,2026-09-17 08:02:31,,1,0,0,0
20810,2485,2,,,50,0,47.95,2397.5,,0,0,,0,0,2397.5,,2026-09-16 07:14:07,2026-09-17 08:02:31,,1,0,0,0
20811,2485,4,,,20,0,47.95,959,,0,0,,0,0,959,,2026-09-16 07:14:07,2026-09-17 08:02:31,,1,0,0,0
20812,2486,1,,,10,0,47.95,479.5,,0,0,,0,0,479.5,,2026-09-16 07:14:54,2026-09-17 08:02:32,,1,0,0,0
20813,2486,2,,,10,0,47.95,479.5,,0,0,,0,0,479.5,,2026-09-16 07:14:54,2026-09-17 08:02:32,,1,0,0,0
20814,2487,1,,,120,0,47.95,5754,,0,0,,0,0,5754,,2026-09-16 07:15:59,2026-09-17 08:02:32,,1,0,0,0
20815,2487,4,,,20,0,47.95,959,,0,0,,0,0,959,,2026-09-16 07:15:59,2026-09-17 08:02:32,,1,0,0,0
20816,2487,2,,,60,0,47.95,2877,,0,0,,0,0,2877,,2026-09-16 07:15:59,2026-09-17 08:02:32,,1,0,0,0
20817,2488,1,,,80,0,47.95,3836,,0,0,,0,0,3836,,2026-09-16 07:17:34,2026-09-17 07:09:35,,1,0,0,0
20818,2488,2,,,60,0,47.95,2877,,0,0,,0,0,2877,,2026-09-16 07:17:34,2026-09-17 07:09:35,,1,0,0,0
20819,2488,4,,,10,0,47.95,479.5,,0,0,,0,0,479.5,,2026-09-16 07:17:34,2026-09-17 07:09:35,,1,0,0,0
20820,2489,1,,,60,0,47.95,2877,,0,0,,0,0,2877,,2026-09-16 07:18:14,2026-09-17 08:02:33,,1,0,0,0
20821,2489,2,,,30,0,47.95,1438.5,,0,0,,0,0,1438.5,,2026-09-16 07:18:14,2026-09-17 08:02:33,,1,0,0,0
20822,2489,4,,,10,0,47.95,479.5,,0,0,,0,0,479.5,,2026-09-16 07:18:14,2026-09-17 08:02:33,,1,0,0,0
20823,2490,1,,,80,0,47.95,3836,,0,0,,0,0,3836,,2026-09-16 07:20:51,2026-09-17 08:02:33,,1,0,0,0
20824,2490,2,,,50,0,47.95,2397.5,,0,0,,0,0,2397.5,,2026-09-16 07:20:51,2026-09-17 08:02:33,,1,0,0,0
20825,2490,4,,,20,0,47.95,959,,0,0,,0,0,959,,2026-09-16 07:20:51,2026-09-17 08:02:33,,1,0,0,0
20826,2491,4,,,20,0,47.95,959,,0,0,,0,0,959,,2026-09-16 07:23:23,2026-09-17 07:09:35,,1,0,0,0
20827,2491,2,,,100,0,47.95,4795,,0,0,,0,0,4795,,2026-09-16 07:23:23,2026-09-17 07:09:35,,1,0,0,0
20828,2491,1,,,130,0,47.95,6233.5,,0,0,,0,0,6233.5,,2026-09-16 07:23:23,2026-09-17 07:09:35,,1,0,0,0
20829,2492,1,,,80,0,47.95,3836,,0,0,,0,0,3836,,2026-09-16 07:24:40,2026-09-17 07:09:36,,1,0,0,0
20830,2492,2,,,60,0,47.95,2877,,0,0,,0,0,2877,,2026-09-16 07:24:40,2026-09-17 07:09:36,,1,0,0,0
20831,2492,4,,,10,0,47.95,479.5,,0,0,,0,0,479.5,,2026-09-16 07:24:40,2026-09-17 07:09:36,,1,0,0,0
20832,2493,1,,,50,0,47.95,2397.5,,0,0,,0,0,2397.5,,2026-09-16 07:27:29,2026-09-17 08:02:34,,1,0,0,0
20833,2493,2,,,40,0,47.95,1918,,0,0,,0,0,1918,,2026-09-16 07:27:29,2026-09-17 08:02:34,,1,0,0,0
20834,2493,4,,,10,0,47.95,479.5,,0,0,,0,0,479.5,,2026-09-16 07:27:29,2026-09-17 08:02:34,,1,0,0,0
20835,2494,1,,,130,0,47.95,6233.5,,0,0,,0,0,6233.5,,2026-09-16 07:30:18,2026-09-17 07:09:36,,1,0,0,0
20836,2494,2,,,50,0,47.95,2397.5,,0,0,,0,0,2397.5,,2026-09-16 07:30:18,2026-09-17 07:09:36,,1,0,0,0
20837,2494,4,,,20,0,47.95,959,,0,0,,0,0,959,,2026-09-16 07:30:18,2026-09-17 07:09:36,,1,0,0,0
20838,2495,1,,,80,0,47.95,3836,,0,0,,0,0,3836,,2026-09-16 07:35:51,2026-09-16 07:38:19,2026-09-16 07:38:19,1,0,0,0
20839,2495,2,,,60,0,47.95,2877,,0,0,,0,0,2877,,2026-09-16 07:35:51,2026-09-16 07:38:19,2026-09-16 07:38:19,1,0,0,0
20840,2495,4,,,10,0,47.95,479.5,,0,0,,0,0,479.5,,2026-09-16 07:35:51,2026-09-16 07:38:19,2026-09-16 07:38:19,1,0,0,0
20841,2496,1,,,150,0,47.95,7192.5,,0,0,,0,0,7192.5,,2026-09-16 07:37:09,2026-09-17 07:09:37,,1,0,0,0
20842,2496,2,,,130,0,47.95,6233.5,,0,0,,0,0,6233.5,,2026-09-16 07:37:09,2026-09-17 07:09:37,,1,0,0,0
20843,2496,4,,,20,0,47.95,959,,0,0,,0,0,959,,2026-09-16 07:37:09,2026-09-17 07:09:37,,1,0,0,0
20844,2495,1,,,70,0,47.95,3356.5,,0,0,,0,0,3356.5,,2026-09-16 07:38:19,2026-09-17 07:09:38,,1,0,0,0
20845,2495,2,,,70,0,47.95,3356.5,,0,0,,0,0,3356.5,,2026-09-16 07:38:19,2026-09-17 07:09:38,,1,0,0,0
20846,2495,4,,,10,0,47.95,479.5,,0,0,,0,0,479.5,,2026-09-16 07:38:19,2026-09-17 07:09:38,,1,0,0,0
20847,2497,4,,,30,0,47.95,1438.5,,0,0,,0,0,1438.5,,2026-09-16 07:49:15,2026-09-17 08:02:34,,1,0,0,0
20848,2497,2,,,120,0,47.95,5754,,0,0,,0,0,5754,,2026-09-16 07:49:15,2026-09-17 08:02:34,,1,0,0,0
20849,2497,1,,,100,0,47.95,4795,,0,0,,0,0,4795,,2026-09-16 07:49:15,2026-09-17 08:02:34,,1,0,0,0
20850,2498,1,,,50,0,47.95,2397.5,,0,0,,0,0,2397.5,,2026-09-16 07:50:26,2026-09-17 07:09:38,,1,0,0,0
20851,2498,2,,,40,0,47.95,1918,,0,0,,0,0,1918,,2026-09-16 07:50:26,2026-09-17 07:09:38,,1,0,0,0
20852,2498,4,,,10,0,47.95,479.5,,0,0,,0,0,479.5,,2026-09-16 07:50:26,2026-09-17 07:09:38,,1,0,0,0
20853,2499,1,,,30,0,47.95,1438.5,,0,0,,0,0,1438.5,,2026-09-16 07:54:08,2026-09-17 08:02:35,,1,0,0,0
20854,2499,2,,,20,0,47.95,959,,0,0,,0,0,959,,2026-09-16 07:54:08,2026-09-17 08:02:35,,1,0,0,0
20855,2499,4,,,10,0,47.95,479.5,,0,0,,0,0,479.5,,2026-09-16 07:54:08,2026-09-17 08:02:35,,1,0,0,0
20856,2500,1,,,50,0,47.95,2397.5,,0,0,,0,0,2397.5,,2026-09-16 07:56:42,2026-09-17 08:02:35,,1,0,0,0
20857,2500,2,,,20,0,47.95,959,,0,0,,0,0,959,,2026-09-16 07:56:42,2026-09-17 08:02:35,,1,0,0,0
20858,2500,4,,,10,0,47.95,479.5,,0,0,,0,0,479.5,,2026-09-16 07:56:42,2026-09-17 08:02:35,,1,0,0,0
20859,2501,1,,,200,0,47.95,9590,,0,0,,0,0,9590,,2026-09-16 07:58:53,2026-09-17 07:09:39,,1,0,0,0
20860,2501,2,,,250,0,47.95,11987.5,,0,0,,0,0,11987.5,,2026-09-16 07:58:53,2026-09-17 07:09:39,,1,0,0,0
20861,2501,4,,,50,0,47.95,2397.5,,0,0,,0,0,2397.5,,2026-09-16 07:58:53,2026-09-17 07:09:39,,1,0,0,0
20862,2502,1,,,300,0,47.95,14385,,0,0,,0,0,14385,,2026-09-16 08:04:44,2026-09-17 08:02:36,,1,0,0,0
20863,2502,2,,,130,0,47.95,6233.5,,0,0,,0,0,6233.5,,2026-09-16 08:04:44,2026-09-17 08:02:36,,1,0,0,0
20864,2502,4,,,70,0,47.95,3356.5,,0,0,,0,0,3356.5,,2026-09-16 08:04:44,2026-09-17 08:02:36,,1,0,0,0
20865,2503,1,,,150,0,47.95,7192.5,,0,0,,0,0,7192.5,,2026-09-16 08:05:25,2026-09-17 08:02:37,,1,0,0,0
20866,2503,2,,,60,0,47.95,2877,,0,0,,0,0,2877,,2026-09-16 08:05:25,2026-09-17 08:02:37,,1,0,0,0
20867,2503,4,,,40,0,47.95,1918,,0,0,,0,0,1918,,2026-09-16 08:05:25,2026-09-17 08:02:37,,1,0,0,0
20868,2504,1,,,150,0,47.95,7192.5,,0,0,,0,0,7192.5,,2026-09-16 08:06:48,2026-09-17 07:09:39,,1,0,0,0
20869,2504,2,,,80,0,47.95,3836,,0,0,,0,0,3836,,2026-09-16 08:06:48,2026-09-17 07:09:39,,1,0,0,0
20870,2504,4,,,20,0,47.95,959,,0,0,,0,0,959,,2026-09-16 08:06:48,2026-09-17 07:09:39,,1,0,0,0
20871,2505,4,,,30,0,47.95,1438.5,,0,0,,0,0,1438.5,,2026-09-16 08:10:02,2026-09-17 08:02:37,,1,0,0,0
20872,2505,2,,,180,0,47.95,8631,,0,0,,0,0,8631,,2026-09-16 08:10:03,2026-09-17 08:02:37,,1,0,0,0
20873,2505,1,,,250,0,47.95,11987.5,,0,0,,0,0,11987.5,,2026-09-16 08:10:03,2026-09-17 08:02:37,,1,0,0,0
20874,2506,1,,,250,0,47.95,11987.5,,0,0,,0,0,11987.5,,2026-09-16 08:10:24,2026-09-17 07:09:40,,1,0,0,0
20875,2506,2,,,200,0,47.95,9590,,0,0,,0,0,9590,,2026-09-16 08:10:24,2026-09-17 07:09:40,,1,0,0,0
20876,2506,4,,,50,0,47.95,2397.5,,0,0,,0,0,2397.5,,2026-09-16 08:10:24,2026-09-17 07:09:40,,1,0,0,0
20877,2507,1,,,250,0,47.95,11987.5,,0,0,,0,0,11987.5,,2026-09-16 08:15:10,2026-09-17 07:09:41,,1,0,0,0
20878,2507,2,,,200,0,47.95,9590,,0,0,,0,0,9590,,2026-09-16 08:15:10,2026-09-17 07:09:41,,1,0,0,0
20879,2507,4,,,50,0,47.95,2397.5,,0,0,,0,0,2397.5,,2026-09-16 08:15:10,2026-09-17 07:09:41,,1,0,0,0
20880,2508,1,,,1650,0,47.95,79117.5,,0,0,,0,0,79117.5,,2026-09-16 08:27:33,2026-09-17 08:02:38,,1,0,0,0
20881,2508,2,,,700,0,47.95,33565,,0,0,,0,0,33565,,2026-09-16 08:27:33,2026-09-17 08:02:38,,1,0,0,0
20882,2508,4,,,150,0,47.95,7192.5,,0,0,,0,0,7192.5,,2026-09-16 08:27:33,2026-09-17 08:02:38,,1,0,0,0
20883,2509,4,,,150,0,47.95,7192.5,,0,0,,0,0,7192.5,,2026-09-16 08:37:13,2026-09-17 07:09:41,,1,0,0,0
20884,2509,2,,,1000,0,47.95,47950,,0,0,,0,0,47950,,2026-09-16 08:37:13,2026-09-17 07:09:41,,1,0,0,0
20885,2509,1,,,1970,0,47.95,94461.5,,0,0,,0,0,94461.5,,2026-09-16 08:37:13,2026-09-17 07:09:41,,1,0,0,0
20886,2510,1,,,50,0,47.95,2397.5,,0,0,,0,0,2397.5,,2026-09-16 08:38:06,2026-09-17 07:09:42,,1,0,0,0
20887,2510,2,,,90,0,47.95,4315.5,,0,0,,0,0,4315.5,,2026-09-16 08:38:06,2026-09-17 07:09:42,,1,0,0,0
20888,2510,4,,,10,0,47.95,479.5,,0,0,,0,0,479.5,,2026-09-16 08:38:06,2026-09-17 07:09:42,,1,0,0,0
20889,2511,1,,,40,0,47.95,1918,,0,0,,0,0,1918,,2026-09-16 08:40:30,2026-09-17 07:09:42,,1,0,0,0
20890,2511,2,,,10,0,47.95,479.5,,0,0,,0,0,479.5,,2026-09-16 08:40:30,2026-09-17 07:09:42,,1,0,0,0
20891,2511,4,,,10,0,47.95,479.5,,0,0,,0,0,479.5,,2026-09-16 08:40:30,2026-09-17 07:09:42,,1,0,0,0
20892,2512,1,,,300,0,47.95,14385,,0,0,,0,0,14385,,2026-09-16 08:41:39,2026-09-17 08:02:38,,1,0,0,0
20893,2512,2,,,150,0,47.95,7192.5,,0,0,,0,0,7192.5,,2026-09-16 08:41:39,2026-09-17 08:02:38,,1,0,0,0
20894,2512,4,,,50,0,47.95,2397.5,,0,0,,0,0,2397.5,,2026-09-16 08:41:39,2026-09-17 08:02:38,,1,0,0,0
20895,2513,1,,,40,0,47.95,1918,,0,0,,0,0,1918,,2026-09-16 08:48:55,2026-09-17 08:02:39,,1,0,0,0
20896,2513,2,,,40,0,47.95,1918,,0,0,,0,0,1918,,2026-09-16 08:48:55,2026-09-17 08:02:39,,1,0,0,0
20897,2513,4,,,20,0,47.95,959,,0,0,,0,0,959,,2026-09-16 08:48:55,2026-09-17 08:02:39,,1,0,0,0
20898,2514,1,,,20,0,47.95,959,,0,0,,0,0,959,,2026-09-16 08:49:35,2026-09-17 07:09:43,,1,0,0,0
20899,2514,2,,,110,0,47.95,5274.5,,0,0,,0,0,5274.5,,2026-09-16 08:49:35,2026-09-17 07:09:43,,1,0,0,0
20900,2514,4,,,10,0,47.95,479.5,,0,0,,0,0,479.5,,2026-09-16 08:49:35,2026-09-17 07:09:43,,1,0,0,0
20901,2515,1,,,120,0,47.95,5754,,0,0,,0,0,5754,,2026-09-16 08:51:01,2026-09-17 07:09:43,,1,0,0,0
20902,2515,2,,,70,0,47.95,3356.5,,0,0,,0,0,3356.5,,2026-09-16 08:51:01,2026-09-17 07:09:43,,1,0,0,0
20903,2515,4,,,10,0,47.95,479.5,,0,0,,0,0,479.5,,2026-09-16 08:51:01,2026-09-17 07:09:43,,1,0,0,0
20904,2516,1,,,150,0,47.95,7192.5,,0,0,,0,0,7192.5,,2026-09-16 08:52:59,2026-09-17 08:02:39,,1,0,0,0
20905,2516,2,,,30,0,47.95,1438.5,,0,0,,0,0,1438.5,,2026-09-16 08:52:59,2026-09-17 08:02:39,,1,0,0,0
20906,2516,4,,,20,0,47.95,959,,0,0,,0,0,959,,2026-09-16 08:52:59,2026-09-17 08:02:39,,1,0,0,0
20907,2517,1,,,500,0,47.95,23975,,0,0,,0,0,23975,,2026-09-16 08:53:55,2026-09-17 07:09:44,,1,0,0,0
20908,2517,2,,,500,0,47.95,23975,,0,0,,0,0,23975,,2026-09-16 08:53:55,2026-09-17 07:09:44,,1,0,0,0
20909,2517,4,,,50,0,47.95,2397.5,,0,0,,0,0,2397.5,,2026-09-16 08:53:55,2026-09-17 07:09:44,,1,0,0,0
20910,2518,1,,,150,0,47.95,7192.5,,0,0,,0,0,7192.5,,2026-09-16 08:54:25,2026-09-17 08:26:07,,1,0,0,0
20911,2518,2,,,40,0,47.95,1918,,0,0,,0,0,1918,,2026-09-16 08:54:25,2026-09-17 08:26:07,,1,0,0,0
20912,2518,4,,,10,0,47.95,479.5,,0,0,,0,0,479.5,,2026-09-16 08:54:25,2026-09-17 08:26:07,,1,0,0,0
20913,2519,1,,,220,0,47.95,10549,,0,0,,0,0,10549,,2026-09-16 08:55:46,2026-09-17 07:09:44,,1,0,0,0
20914,2519,4,,,30,0,47.95,1438.5,,0,0,,0,0,1438.5,,2026-09-16 08:55:46,2026-09-17 07:09:44,,1,0,0,0
20915,2519,2,,,250,0,47.95,11987.5,,0,0,,0,0,11987.5,,2026-09-16 08:55:46,2026-09-17 07:09:44,,1,0,0,0
20916,2520,1,,,150,0,47.95,7192.5,,0,0,,0,0,7192.5,,2026-09-16 08:56:17,2026-09-17 08:26:08,,1,0,0,0
20917,2520,2,,,100,0,47.95,4795,,0,0,,0,0,4795,,2026-09-16 08:56:17,2026-09-17 08:26:08,,1,0,0,0
20918,2520,4,,,50,0,47.95,2397.5,,0,0,,0,0,2397.5,,2026-09-16 08:56:17,2026-09-17 08:26:08,,1,0,0,0
20919,2521,1,,,90,0,47.95,4315.5,,0,0,,0,0,4315.5,,2026-09-16 08:57:40,2026-09-17 08:26:08,,1,0,0,0
20920,2521,4,,,10,0,47.95,479.5,,0,0,,0,0,479.5,,2026-09-16 08:57:40,2026-09-17 08:26:08,,1,0,0,0
20921,2522,1,,,100,0,47.95,4795,,0,0,,0,0,4795,,2026-09-16 08:58:45,2026-09-17 07:09:45,,1,0,0,0
20922,2522,2,,,80,0,47.95,3836,,0,0,,0,0,3836,,2026-09-16 08:58:45,2026-09-17 07:09:45,,1,0,0,0
20923,2522,4,,,20,0,47.95,959,,0,0,,0,0,959,,2026-09-16 08:58:45,2026-09-17 07:09:45,,1,0,0,0
20924,2523,1,,,50,0,47.95,2397.5,,0,0,,0,0,2397.5,,2026-09-16 09:00:04,2026-09-17 07:09:45,,1,0,0,0
20925,2523,2,,,40,0,47.95,1918,,0,0,,0,0,1918,,2026-09-16 09:00:04,2026-09-17 07:09:45,,1,0,0,0
20926,2523,4,,,10,0,47.95,479.5,,0,0,,0,0,479.5,,2026-09-16 09:00:04,2026-09-17 07:09:45,,1,0,0,0
20927,2524,1,,,80,0,47.95,3836,,0,0,,0,0,3836,,2026-09-16 09:01:22,2026-09-17 08:26:09,,1,0,0,0
20928,2524,2,,,50,0,47.95,2397.5,,0,0,,0,0,2397.5,,2026-09-16 09:01:22,2026-09-17 08:26:09,,1,0,0,0
20929,2524,4,,,20,0,47.95,959,,0,0,,0,0,959,,2026-09-16 09:01:22,2026-09-17 08:26:09,,1,0,0,0
20930,2525,1,,,600,0,47.95,28770,,0,0,,0,0,28770,,2026-09-16 09:02:40,2026-09-17 08:26:10,,1,0,0,0
20931,2525,2,,,300,0,47.95,14385,,0,0,,0,0,14385,,2026-09-16 09:02:40,2026-09-17 08:26:10,,1,0,0,0
20932,2525,4,,,100,0,47.95,4795,,0,0,,0,0,4795,,2026-09-16 09:02:40,2026-09-17 08:26:10,,1,0,0,0
20933,2526,1,,,500,0,47.95,23975,,0,0,,0,0,23975,,2026-09-16 09:04:02,2026-09-17 07:09:46,,1,0,0,0
20934,2526,4,,,50,0,47.95,2397.5,,0,0,,0,0,2397.5,,2026-09-16 09:04:02,2026-09-17 07:09:46,,1,0,0,0
20935,2526,2,,,450,0,47.95,21577.5,,0,0,,0,0,21577.5,,2026-09-16 09:04:02,2026-09-17 07:09:46,,1,0,0,0
20936,2527,1,,,80,0,47.95,3836,,0,0,,0,0,3836,,2026-09-16 09:07:32,2026-09-17 08:26:10,,1,0,0,0
20937,2527,2,,,50,0,47.95,2397.5,,0,0,,0,0,2397.5,,2026-09-16 09:07:32,2026-09-17 08:26:10,,1,0,0,0
20938,2527,4,,,20,0,47.95,959,,0,0,,0,0,959,,2026-09-16 09:07:32,2026-09-17 08:26:10,,1,0,0,0
20939,2528,1,,,50,0,47.95,2397.5,,0,0,,0,0,2397.5,,2026-09-16 09:12:33,2026-09-17 07:09:47,,1,0,0,0
20940,2528,2,,,20,0,47.95,959,,0,0,,0,0,959,,2026-09-16 09:12:33,2026-09-17 07:09:47,,1,0,0,0
20941,2528,4,,,10,0,47.95,479.5,,0,0,,0,0,479.5,,2026-09-16 09:12:33,2026-09-17 07:09:47,,1,0,0,0
20942,2529,1,,,50,0,47.95,2397.5,,0,0,,0,0,2397.5,,2026-09-16 09:13:10,2026-09-17 07:09:47,,1,0,0,0
20943,2529,2,,,10,0,47.95,479.5,,0,0,,0,0,479.5,,2026-09-16 09:13:10,2026-09-17 07:09:47,,1,0,0,0
20944,2529,4,,,10,0,47.95,479.5,,0,0,,0,0,479.5,,2026-09-16 09:13:10,2026-09-17 07:09:47,,1,0,0,0
20945,2530,4,,,120,0,47.95,5754,,0,0,,0,0,5754,,2026-09-16 09:14:09,2026-09-17 08:26:11,,1,0,0,0
20946,2530,2,,,1380,0,47.95,66171,,0,0,,0,0,66171,,2026-09-16 09:14:09,2026-09-17 08:26:11,,1,0,0,0
20947,2531,1,,,60,0,47.95,2877,,0,0,,0,0,2877,,2026-09-16 09:14:52,2026-09-17 08:26:11,,1,0,0,0
20948,2531,2,,,30,0,47.95,1438.5,,0,0,,0,0,1438.5,,2026-09-16 09:14:52,2026-09-17 08:26:11,,1,0,0,0
20949,2531,4,,,10,0,47.95,479.5,,0,0,,0,0,479.5,,2026-09-16 09:14:52,2026-09-17 08:26:11,,1,0,0,0
20950,2532,1,,,200,0,47.95,9590,,0,0,,0,0,9590,,2026-09-16 09:16:49,2026-09-17 07:09:48,,1,0,0,0
20951,2532,2,,,250,0,47.95,11987.5,,0,0,,0,0,11987.5,,2026-09-16 09:16:49,2026-09-17 07:09:48,,1,0,0,0
20952,2532,4,,,50,0,47.95,2397.5,,0,0,,0,0,2397.5,,2026-09-16 09:16:49,2026-09-17 07:09:48,,1,0,0,0
20953,2533,1,,,250,0,47.95,11987.5,,0,0,,0,0,11987.5,,2026-09-16 09:17:42,2026-09-17 07:09:48,,1,0,0,0
20954,2533,2,,,400,0,47.95,19180,,0,0,,0,0,19180,,2026-09-16 09:17:42,2026-09-17 07:09:48,,1,0,0,0
20955,2533,4,,,50,0,47.95,2397.5,,0,0,,0,0,2397.5,,2026-09-16 09:17:42,2026-09-17 07:09:48,,1,0,0,0
20956,2534,1,,,250,0,47.95,11987.5,,0,0,,0,0,11987.5,,2026-09-16 09:18:08,2026-09-17 08:26:12,,1,0,0,0
20957,2534,2,,,150,0,47.95,7192.5,,0,0,,0,0,7192.5,,2026-09-16 09:18:08,2026-09-17 08:26:12,,1,0,0,0
20958,2534,4,,,100,0,47.95,4795,,0,0,,0,0,4795,,2026-09-16 09:18:08,2026-09-17 08:26:12,,1,0,0,0
20959,2535,1,,,200,0,47.95,9590,,0,0,,0,0,9590,,2026-09-16 09:18:20,2026-09-17 07:09:49,,1,0,0,0
20960,2535,2,,,250,0,47.95,11987.5,,0,0,,0,0,11987.5,,2026-09-16 09:18:20,2026-09-17 07:09:49,,1,0,0,0
20961,2535,4,,,50,0,47.95,2397.5,,0,0,,0,0,2397.5,,2026-09-16 09:18:20,2026-09-17 07:09:49,,1,0,0,0
20962,2536,1,,,300,0,47.95,14385,,0,0,,0,0,14385,,2026-09-16 09:21:53,2026-09-17 08:26:12,,1,0,0,0
20963,2536,2,,,100,0,47.95,4795,,0,0,,0,0,4795,,2026-09-16 09:21:53,2026-09-17 08:26:12,,1,0,0,0
20964,2536,4,,,100,0,47.95,4795,,0,0,,0,0,4795,,2026-09-16 09:21:53,2026-09-17 08:26:12,,1,0,0,0
20965,2537,1,,,130,0,47.95,6233.5,,0,0,,0,0,6233.5,,2026-09-16 09:30:53,2026-09-17 07:09:49,,1,0,0,0
20966,2537,2,,,80,0,47.95,3836,,0,0,,0,0,3836,,2026-09-16 09:30:53,2026-09-17 07:09:49,,1,0,0,0
20967,2537,4,,,20,0,47.95,959,,0,0,,0,0,959,,2026-09-16 09:30:53,2026-09-17 07:09:49,,1,0,0,0
20968,2538,1,,,250,0,47.95,11987.5,,0,0,,0,0,11987.5,,2026-09-16 09:35:35,2026-09-17 08:26:13,,1,0,0,0
20969,2538,2,,,200,0,47.95,9590,,0,0,,0,0,9590,,2026-09-16 09:35:35,2026-09-17 08:26:13,,1,0,0,0
20970,2538,4,,,50,0,47.95,2397.5,,0,0,,0,0,2397.5,,2026-09-16 09:35:35,2026-09-17 08:26:13,,1,0,0,0
20971,2539,1,,,500,0,47.95,23975,,0,0,,0,0,23975,,2026-09-16 09:40:29,2026-09-17 08:26:13,,1,0,0,0
20972,2539,2,,,180,0,47.95,8631,,0,0,,0,0,8631,,2026-09-16 09:40:29,2026-09-17 08:26:13,,1,0,0,0
20973,2539,4,,,70,0,47.95,3356.5,,0,0,,0,0,3356.5,,2026-09-16 09:40:29,2026-09-17 08:26:13,,1,0,0,0
20974,2540,1,,,1400,0,47.95,67130,,0,0,,0,0,67130,,2026-09-16 09:50:39,2026-09-16 09:54:19,2026-09-16 09:54:19,1,0,0,0
20975,2540,4,,,200,0,47.95,9590,,0,0,,0,0,9590,,2026-09-16 09:50:39,2026-09-16 09:54:19,2026-09-16 09:54:19,1,0,0,0
20976,2540,2,,,1400,0,47.95,67130,,0,0,,0,0,67130,,2026-09-16 09:50:39,2026-09-16 09:54:19,2026-09-16 09:54:19,1,0,0,0
20977,2540,1,,,1400,0,47.95,67130,,0,0,,0,0,67130,,2026-09-16 09:54:19,2026-09-17 07:09:50,,1,0,0,0
20978,2540,4,,,200,0,47.95,9590,,0,0,,0,0,9590,,2026-09-16 09:54:19,2026-09-17 07:09:50,,1,0,0,0
20979,2540,2,,,1450,0,47.95,69527.5,,0,0,,0,0,69527.5,,2026-09-16 09:54:19,2026-09-17 07:09:50,,1,0,0,0
20980,2541,1,,,1000,0,47.95,47950,,0,0,,0,0,47950,,2026-09-16 09:55:57,2026-09-17 08:26:14,,1,0,0,0
20981,2542,1,,,60,0,47.95,2877,,0,0,,0,0,2877,,2026-09-16 09:56:07,2026-09-17 07:09:50,,1,0,0,0
20982,2542,2,,,120,0,47.95,5754,,0,0,,0,0,5754,,2026-09-16 09:56:07,2026-09-17 07:09:50,,1,0,0,0
20983,2542,4,,,20,0,47.95,959,,0,0,,0,0,959,,2026-09-16 09:56:07,2026-09-17 07:09:50,,1,0,0,0
20984,2543,1,,,1250,0,47.95,59937.5,,0,0,,0,0,59937.5,,2026-09-16 10:00:39,2026-09-17 07:09:51,,1,0,0,0
20985,2543,2,,,1150,0,47.95,55142.5,,0,0,,0,0,55142.5,,2026-09-16 10:00:39,2026-09-17 07:09:51,,1,0,0,0
20986,2543,4,,,100,0,47.95,4795,,0,0,,0,0,4795,,2026-09-16 10:00:39,2026-09-17 07:09:51,,1,0,0,0
20987,2544,1,,,270,0,47.95,12946.5,,0,0,,0,0,12946.5,,2026-09-16 10:05:06,2026-09-17 08:26:16,,1,0,0,0
20988,2544,2,,,80,0,47.95,3836,,0,0,,0,0,3836,,2026-09-16 10:05:06,2026-09-17 08:26:16,,1,0,0,0
20989,2544,4,,,70,0,47.95,3356.5,,0,0,,0,0,3356.5,,2026-09-16 10:05:06,2026-09-17 08:26:16,,1,0,0,0
20990,2545,1,,,160,0,47.95,7672,,0,0,,0,0,7672,,2026-09-16 10:07:23,2026-09-17 07:09:51,,1,0,0,0
20991,2545,2,,,150,0,47.95,7192.5,,0,0,,0,0,7192.5,,2026-09-16 10:07:23,2026-09-17 07:09:51,,1,0,0,0
20992,2545,4,,,20,0,47.95,959,,0,0,,0,0,959,,2026-09-16 10:07:23,2026-09-17 07:09:51,,1,0,0,0
20993,2546,1,,,50,0,47.95,2397.5,,0,0,,0,0,2397.5,,2026-09-16 10:18:26,2026-09-17 08:26:16,,1,0,0,0
20994,2547,1,,,250,0,47.95,11987.5,,0,0,,0,0,11987.5,,2026-09-16 10:39:58,2026-09-17 08:26:17,,1,0,0,0
20995,2547,2,,,250,0,47.95,11987.5,,0,0,,0,0,11987.5,,2026-09-16 10:39:58,2026-09-17 08:26:17,,1,0,0,0
20996,2474,1,,,4000,0,47.95,191800,,0,0,,0,0,191800,,2026-09-16 10:41:13,2026-09-17 08:26:18,,1,0,0,0
20997,2474,2,,,3500,0,47.95,167825,,0,0,,0,0,167825,,2026-09-16 10:41:13,2026-09-17 08:26:18,,1,0,0,0
20998,2474,4,,,200,0,47.95,9590,,0,0,,0,0,9590,,2026-09-16 10:41:13,2026-09-17 08:26:18,,1,0,0,0
20999,2548,1,,,3500,0,47.85,167475,,0,0,,0,0,167475,,2026-09-16 10:43:59,2026-09-17 08:26:18,,1,0,0,0
21000,2548,2,,,3500,0,47.85,167475,,0,0,,0,0,167475,,2026-09-16 10:43:59,2026-09-17 08:26:18,,1,0,0,0
21001,2549,1,,,40,0,47.95,1918,,0,0,,0,0,1918,,2026-09-16 10:59:58,2026-09-17 08:26:19,,1,0,0,0
21002,2550,1,,,2000,0,47.95,95900,,0,0,,0,0,95900,,2026-09-16 11:19:10,2026-09-17 07:09:52,,1,0,0,0
21003,2550,2,,,500,0,47.95,23975,,0,0,,0,0,23975,,2026-09-16 11:19:10,2026-09-17 07:09:52,,1,0,0,0
21004,2551,1,,,2000,0,47.95,95900,,0,0,,0,0,95900,,2026-09-16 11:19:34,2026-09-17 07:09:52,,1,0,0,0
21005,2551,2,,,500,0,47.95,23975,,0,0,,0,0,23975,,2026-09-16 11:19:34,2026-09-17 07:09:52,,1,0,0,0
21006,2552,1,1,1,7770,0,47.95,372571.5,,0,0,,0,0,372571.5,,2026-09-16 12:00:58,2026-09-16 12:00:58,,1,0,0,0
21007,2552,2,1,1,250,0,47.95,11987.5,,0,0,,0,0,11987.5,,2026-09-16 12:00:58,2026-09-16 12:00:58,,1,0,0,0
21008,2552,4,1,1,800,0,47.95,38360,,0,0,,0,0,38360,,2026-09-16 12:00:58,2026-09-16 12:00:58,,1,0,0,0
21009,2553,1,1,1,4520,0,47.95,216734,,0,0,,0,0,216734,,2026-09-16 12:01:41,2026-09-16 12:01:41,,1,0,0,0
21010,2553,2,1,1,6170,0,47.95,295851.5,,0,0,,0,0,295851.5,,2026-09-16 12:01:41,2026-09-16 12:01:41,,1,0,0,0
21011,2553,4,1,1,1320,0,47.95,63294,,0,0,,0,0,63294,,2026-09-16 12:01:41,2026-09-16 12:01:41,,1,0,0,0
22272,2554,1,,,80,0,47.95,3836,,0,0,,0,0,3836,,2026-09-17 07:09:53,2026-09-17 07:09:53,,1,0,0,0
22273,2554,2,,,70,0,47.95,3356.5,,0,0,,0,0,3356.5,,2026-09-17 07:09:53,2026-09-17 07:09:53,,1,0,0,0
22274,2554,4,,,20,0,47.95,959,,0,0,,0,0,959,,2026-09-17 07:09:53,2026-09-17 07:09:53,,1,0,0,0
22275,2555,1,,,100,0,47.95,4795,,0,0,,0,0,4795,,2026-09-17 07:09:53,2026-09-17 07:09:53,,1,0,0,0
22276,2555,2,,,80,0,47.95,3836,,0,0,,0,0,3836,,2026-09-17 07:09:53,2026-09-17 07:09:53,,1,0,0,0
22277,2555,4,,,20,0,47.95,959,,0,0,,0,0,959,,2026-09-17 07:09:53,2026-09-17 07:09:53,,1,0,0,0
22278,2556,1,,,60,0,47.95,2877,,0,0,,0,0,2877,,2026-09-17 07:09:54,2026-09-17 07:09:54,,1,0,0,0
22279,2556,2,,,30,0,47.95,1438.5,,0,0,,0,0,1438.5,,2026-09-17 07:09:54,2026-09-17 07:09:54,,1,0,0,0
22280,2556,4,,,10,0,47.95,479.5,,0,0,,0,0,479.5,,2026-09-17 07:09:54,2026-09-17 07:09:54,,1,0,0,0
22281,2557,1,,,60,0,47.95,2877,,0,0,,0,0,2877,,2026-09-17 07:10:31,2026-09-17 07:10:31,,1,0,0,0
22282,2557,2,,,40,0,47.95,1918,,0,0,,0,0,1918,,2026-09-17 07:10:31,2026-09-17 07:10:31,,1,0,0,0
22283,2557,4,,,10,0,47.95,479.5,,0,0,,0,0,479.5,,2026-09-17 07:10:31,2026-09-17 07:10:31,,1,0,0,0
22284,2558,1,,,500,0,47.95,23975,,0,0,,0,0,23975,,2026-09-17 07:12:00,2026-09-17 07:12:00,,1,0,0,0
22285,2558,2,,,400,0,47.95,19180,,0,0,,0,0,19180,,2026-09-17 07:12:00,2026-09-17 07:12:00,,1,0,0,0
22286,2558,4,,,100,0,47.95,4795,,0,0,,0,0,4795,,2026-09-17 07:12:00,2026-09-17 07:12:00,,1,0,0,0
22287,2559,1,,,2000,0,47.95,95900,,0,0,,0,0,95900,,2026-09-17 07:15:02,2026-09-17 07:15:02,,1,0,0,0
22288,2559,2,,,1800,0,47.95,86310,,0,0,,0,0,86310,,2026-09-17 07:15:02,2026-09-17 07:15:02,,1,0,0,0
22289,2559,4,,,200,0,47.95,9590,,0,0,,0,0,9590,,2026-09-17 07:15:02,2026-09-17 07:15:02,,1,0,0,0
22290,2560,1,,,40,0,47.95,1918,,0,0,,0,0,1918,,2026-09-17 07:18:06,2026-09-17 07:18:06,,1,0,0,0
22291,2560,2,,,50,0,47.95,2397.5,,0,0,,0,0,2397.5,,2026-09-17 07:18:06,2026-09-17 07:18:06,,1,0,0,0
22292,2560,4,,,10,0,47.95,479.5,,0,0,,0,0,479.5,,2026-09-17 07:18:06,2026-09-17 07:18:06,,1,0,0,0
22643,2561,1,,,300,0,47.95,14385,,0,0,,0,0,14385,,2026-09-17 07:27:25,2026-09-17 07:27:25,,1,0,0,0
22644,2561,2,,,150,0,47.95,7192.5,,0,0,,0,0,7192.5,,2026-09-17 07:27:25,2026-09-17 07:27:25,,1,0,0,0
22645,2561,4,,,50,0,47.95,2397.5,,0,0,,0,0,2397.5,,2026-09-17 07:27:25,2026-09-17 07:27:25,,1,0,0,0
22646,2562,1,,,20,0,47.95,959,,0,0,,0,0,959,,2026-09-17 07:28:30,2026-09-17 07:28:30,,1,0,0,0
22647,2562,2,,,10,0,47.95,479.5,,0,0,,0,0,479.5,,2026-09-17 07:28:30,2026-09-17 07:28:30,,1,0,0,0
22648,2563,1,,,250,0,47.95,11987.5,,0,0,,0,0,11987.5,,2026-09-17 07:31:11,2026-09-17 07:31:11,,1,0,0,0
22649,2563,2,,,200,0,47.95,9590,,0,0,,0,0,9590,,2026-09-17 07:31:11,2026-09-17 07:31:11,,1,0,0,0
22650,2563,4,,,50,0,47.95,2397.5,,0,0,,0,0,2397.5,,2026-09-17 07:31:11,2026-09-17 07:31:11,,1,0,0,0
22993,2564,4,,,10,0,47.95,479.5,,0,0,,0,0,479.5,,2026-09-17 07:35:51,2026-09-17 07:35:51,,1,0,0,0
22994,2564,2,,,50,0,47.95,2397.5,,0,0,,0,0,2397.5,,2026-09-17 07:35:51,2026-09-17 07:35:51,,1,0,0,0
22995,2564,1,,,70,0,47.95,3356.5,,0,0,,0,0,3356.5,,2026-09-17 07:35:51,2026-09-17 07:35:51,,1,0,0,0
23330,2565,1,,,30,0,47.95,1438.5,,0,0,,0,0,1438.5,,2026-09-17 07:47:08,2026-09-17 07:47:08,,1,0,0,0
23331,2565,4,,,10,0,47.95,479.5,,0,0,,0,0,479.5,,2026-09-17 07:47:08,2026-09-17 07:47:08,,1,0,0,0
23332,2565,2,,,70,0,47.95,3356.5,,0,0,,0,0,3356.5,,2026-09-17 07:47:08,2026-09-17 07:47:08,,1,0,0,0
23333,2566,1,,,40,0,47.95,1918,,0,0,,0,0,1918,,2026-09-17 07:49:15,2026-09-17 07:49:15,,1,0,0,0
23334,2567,1,,,100,0,47.95,4795,,0,0,,0,0,4795,,2026-09-17 07:50:31,2026-09-17 07:50:31,,1,0,0,0
23335,2567,2,,,80,0,47.95,3836,,0,0,,0,0,3836,,2026-09-17 07:50:31,2026-09-17 07:50:31,,1,0,0,0
23336,2567,4,,,20,0,47.95,959,,0,0,,0,0,959,,2026-09-17 07:50:31,2026-09-17 07:50:31,,1,0,0,0
23337,2568,4,,,70,0,47.95,3356.5,,0,0,,0,0,3356.5,,2026-09-17 07:59:03,2026-09-17 07:59:03,,1,0,0,0
23338,2568,2,,,350,0,47.95,16782.5,,0,0,,0,0,16782.5,,2026-09-17 07:59:03,2026-09-17 07:59:03,,1,0,0,0
23339,2568,1,,,380,0,47.95,18221,,0,0,,0,0,18221,,2026-09-17 07:59:03,2026-09-17 07:59:03,,1,0,0,0
23902,2569,1,,,100,0,47.95,4795,,0,0,,0,0,4795,,2026-09-17 08:05:30,2026-09-17 08:05:30,,1,0,0,0
23903,2569,2,,,90,0,47.95,4315.5,,0,0,,0,0,4315.5,,2026-09-17 08:05:30,2026-09-17 08:05:30,,1,0,0,0
23904,2569,4,,,20,0,47.95,959,,0,0,,0,0,959,,2026-09-17 08:05:31,2026-09-17 08:05:31,,1,0,0,0
23905,2570,1,,,500,0,47.95,23975,,0,0,,0,0,23975,,2026-09-17 08:18:36,2026-09-17 08:18:36,,1,0,0,0
23906,2570,2,,,170,0,47.95,8151.5,,0,0,,0,0,8151.5,,2026-09-17 08:18:36,2026-09-17 08:18:36,,1,0,0,0
23907,2570,4,,,80,0,47.95,3836,,0,0,,0,0,3836,,2026-09-17 08:18:36,2026-09-17 08:18:36,,1,0,0,0
23908,2571,1,,,500,0,47.95,23975,,0,0,,0,0,23975,,2026-09-17 08:21:19,2026-09-17 08:21:19,,1,0,0,0
23909,2571,2,,,500,0,47.95,23975,,0,0,,0,0,23975,,2026-09-17 08:21:19,2026-09-17 08:21:19,,1,0,0,0
23910,2571,4,,,50,0,47.95,2397.5,,0,0,,0,0,2397.5,,2026-09-17 08:21:19,2026-09-17 08:21:19,,1,0,0,0
23911,2572,1,,,150,0,47.95,7192.5,,0,0,,0,0,7192.5,,2026-09-17 08:23:13,2026-09-17 08:23:13,,1,0,0,0
23912,2572,2,,,80,0,47.95,3836,,0,0,,0,0,3836,,2026-09-17 08:23:13,2026-09-17 08:23:13,,1,0,0,0
23913,2572,4,,,20,0,47.95,959,,0,0,,0,0,959,,2026-09-17 08:23:13,2026-09-17 08:23:13,,1,0,0,0
23914,2573,1,,,100,0,47.95,4795,,0,0,,0,0,4795,,2026-09-17 08:24:25,2026-09-17 08:24:25,,1,0,0,0
23915,2573,2,,,80,0,47.95,3836,,0,0,,0,0,3836,,2026-09-17 08:24:25,2026-09-17 08:24:25,,1,0,0,0
23916,2573,4,,,20,0,47.95,959,,0,0,,0,0,959,,2026-09-17 08:24:25,2026-09-17 08:24:25,,1,0,0,0
23964,2574,1,,,150,0,47.95,7192.5,,0,0,,0,0,7192.5,,2026-09-17 08:26:19,2026-09-17 08:26:19,,1,0,0,0
23965,2574,2,,,70,0,47.95,3356.5,,0,0,,0,0,3356.5,,2026-09-17 08:26:19,2026-09-17 08:26:19,,1,0,0,0
23966,2574,4,,,30,0,47.95,1438.5,,0,0,,0,0,1438.5,,2026-09-17 08:26:19,2026-09-17 08:26:19,,1,0,0,0
23967,2575,1,,,1000,0,47.95,47950,,0,0,,0,0,47950,,2026-09-17 08:26:20,2026-09-17 08:26:20,,1,0,0,0
23968,2575,2,,,900,0,47.95,43155,,0,0,,0,0,43155,,2026-09-17 08:26:20,2026-09-17 08:26:20,,1,0,0,0
23969,2575,4,,,100,0,47.95,4795,,0,0,,0,0,4795,,2026-09-17 08:26:20,2026-09-17 08:26:20,,1,0,0,0
23970,2576,1,,,1000,0,47.95,47950,,0,0,,0,0,47950,,2026-09-17 08:26:20,2026-09-17 08:26:20,,1,0,0,0
23971,2576,2,,,450,0,47.95,21577.5,,0,0,,0,0,21577.5,,2026-09-17 08:26:20,2026-09-17 08:26:20,,1,0,0,0
23972,2576,4,,,50,0,47.95,2397.5,,0,0,,0,0,2397.5,,2026-09-17 08:26:20,2026-09-17 08:26:20,,1,0,0,0
23973,2577,1,,,500,0,47.95,23975,,0,0,,0,0,23975,,2026-09-17 08:26:53,2026-09-17 08:26:53,,1,0,0,0
23974,2578,1,,,300,0,47.95,14385,,0,0,,0,0,14385,,2026-09-17 08:33:41,2026-09-17 08:33:41,,1,0,0,0
23975,2578,2,,,280,0,47.95,13426,,0,0,,0,0,13426,,2026-09-17 08:33:41,2026-09-17 08:33:41,,1,0,0,0
23976,2578,4,,,50,0,47.95,2397.5,,0,0,,0,0,2397.5,,2026-09-17 08:33:41,2026-09-17 08:33:41,,1,0,0,0
23977,2579,4,,,10,0,47.95,479.5,,0,0,,0,0,479.5,,2026-09-17 08:36:09,2026-09-17 08:36:09,,1,0,0,0
23978,2579,1,,,70,0,47.95,3356.5,,0,0,,0,0,3356.5,,2026-09-17 08:36:09,2026-09-17 08:36:09,,1,0,0,0
23979,2579,2,,,70,0,47.95,3356.5,,0,0,,0,0,3356.5,,2026-09-17 08:36:09,2026-09-17 08:36:09,,1,0,0,0
23980,2580,1,,,1000,0,47.95,47950,,0,0,,0,0,47950,,2026-09-17 08:38:52,2026-09-17 08:38:52,,1,0,0,0
23981,2580,2,,,850,0,47.95,40757.5,,0,0,,0,0,40757.5,,2026-09-17 08:38:52,2026-09-17 08:38:52,,1,0,0,0
23982,2580,4,,,150,0,47.95,7192.5,,0,0,,0,0,7192.5,,2026-09-17 08:38:52,2026-09-17 08:38:52,,1,0,0,0
23983,2581,1,,,400,0,47.95,19180,,0,0,,0,0,19180,,2026-09-17 08:54:11,2026-09-17 08:54:11,,1,0,0,0
23984,2581,2,,,80,0,47.95,3836,,0,0,,0,0,3836,,2026-09-17 08:54:11,2026-09-17 08:54:11,,1,0,0,0
23985,2581,4,,,20,0,47.95,959,,0,0,,0,0,959,,2026-09-17 08:54:11,2026-09-17 08:54:11,,1,0,0,0
23986,2582,1,,,650,0,47.95,31167.5,,0,0,,0,0,31167.5,,2026-09-17 09:30:50,2026-09-17 09:30:50,,1,0,0,0
23987,2582,4,,,100,0,47.95,4795,,0,0,,0,0,4795,,2026-09-17 09:30:50,2026-09-17 09:30:50,,1,0,0,0
23988,2582,2,,,550,0,47.95,26372.5,,0,0,,0,0,26372.5,,2026-09-17 09:30:50,2026-09-17 09:30:50,,1,0,0,0
23989,2583,2,,,70,0,47.95,3356.5,,0,0,,0,0,3356.5,,2026-09-17 09:31:34,2026-09-17 09:31:34,,1,0,0,0
23990,2583,4,,,30,0,47.95,1438.5,,0,0,,0,0,1438.5,,2026-09-17 09:31:34,2026-09-17 09:31:34,,1,0,0,0
23991,2584,2,,,100,0,47.95,4795,,0,0,,0,0,4795,,2026-09-17 09:35:27,2026-09-17 09:35:27,,1,0,0,0
23992,2585,1,,,200,0,47.95,9590,,0,0,,0,0,9590,,2026-09-17 09:39:58,2026-09-17 09:39:58,,1,0,0,0
23993,2585,2,,,130,0,47.95,6233.5,,0,0,,0,0,6233.5,,2026-09-17 09:39:58,2026-09-17 09:39:58,,1,0,0,0
23994,2585,4,,,20,0,47.95,959,,0,0,,0,0,959,,2026-09-17 09:39:58,2026-09-17 09:39:58,,1,0,0,0
23995,2586,1,,,100,0,47.95,4795,,0,0,,0,0,4795,,2026-09-17 09:48:16,2026-09-17 09:48:16,,1,0,0,0
23996,2586,2,,,250,0,47.95,11987.5,,0,0,,0,0,11987.5,,2026-09-17 09:48:16,2026-09-17 09:48:16,,1,0,0,0
23997,2586,4,,,50,0,47.95,2397.5,,0,0,,0,0,2397.5,,2026-09-17 09:48:16,2026-09-17 09:48:16,,1,0,0,0
23998,2587,1,,,2500,0,47.95,119875,,0,0,,0,0,119875,,2026-09-17 10:25:11,2026-09-17 10:25:11,,1,0,0,0
23999,2587,2,,,2350,0,47.95,112682.5,,0,0,,0,0,112682.5,,2026-09-17 10:25:11,2026-09-17 10:25:11,,1,0,0,0
24000,2587,4,,,150,0,47.95,7192.5,,0,0,,0,0,7192.5,,2026-09-17 10:25:11,2026-09-17 10:25:11,,1,0,0,0
24001,2588,1,,,150,0,47.95,7192.5,,0,0,,0,0,7192.5,,2026-09-17 10:39:05,2026-09-17 10:39:05,,1,0,0,0
24002,2588,2,,,120,0,47.95,5754,,0,0,,0,0,5754,,2026-09-17 10:39:05,2026-09-17 10:39:05,,1,0,0,0
24003,2588,4,,,30,0,47.95,1438.5,,0,0,,0,0,1438.5,,2026-09-17 10:39:05,2026-09-17 10:39:05,,1,0,0,0
24004,2589,1,,,500,0,47.95,23975,,0,0,,0,0,23975,,2026-09-17 10:42:31,2026-09-17 10:42:31,,1,0,0,0
24005,2589,2,,,500,0,47.95,23975,,0,0,,0,0,23975,,2026-09-17 10:42:31,2026-09-17 10:42:31,,1,0,0,0
24006,2590,1,,,7150,0,47.95,342842.5,,0,0,,0,0,342842.5,,2026-09-17 10:43:29,2026-09-17 10:45:55,2026-09-17 10:45:55,1,0,0,0
24007,2590,2,,,5000,0,47.95,239750,,0,0,,0,0,239750,,2026-09-17 10:43:29,2026-09-17 10:45:55,2026-09-17 10:45:55,1,0,0,0
24008,2590,4,,,350,0,47.95,16782.5,,0,0,,0,0,16782.5,,2026-09-17 10:43:29,2026-09-17 10:45:55,2026-09-17 10:45:55,1,0,0,0
24009,2590,1,,,3000,0,47.95,143850,,0,0,,0,0,143850,,2026-09-17 10:45:55,2026-09-17 10:45:55,,1,0,0,0
24010,2590,2,,,2000,0,47.95,95900,,0,0,,0,0,95900,,2026-09-17 10:45:55,2026-09-17 10:45:55,,1,0,0,0
24011,2590,4,,,150,0,47.95,7192.5,,0,0,,0,0,7192.5,,2026-09-17 10:45:55,2026-09-17 10:45:55,,1,0,0,0
24012,2591,1,,,7150,0,47.95,342842.5,,0,0,,0,0,342842.5,,2026-09-17 10:46:31,2026-09-17 10:46:31,,1,0,0,0
24013,2591,2,,,5000,0,47.95,239750,,0,0,,0,0,239750,,2026-09-17 10:46:31,2026-09-17 10:46:31,,1,0,0,0
24014,2591,4,,,350,0,47.95,16782.5,,0,0,,0,0,16782.5,,2026-09-17 10:46:31,2026-09-17 10:46:31,,1,0,0,0
24015,2592,1,1,1,13700,0,47.95,656915,,0,0,,0,0,656915,,2026-09-17 11:38:10,2026-09-17 11:38:10,,1,0,0,0
24016,2592,2,1,1,7030,0,47.95,337088.5,,0,0,,0,0,337088.5,,2026-09-17 11:38:10,2026-09-17 11:38:10,,1,0,0,0
24017,2592,4,1,1,1420,0,47.95,68089,,0,0,,0,0,68089,,2026-09-17 11:38:10,2026-09-17 11:38:10,,1,0,0,0
24018,2593,1,1,1,4250,0,47.95,203787.5,,0,0,,0,0,203787.5,,2026-09-17 11:38:30,2026-09-17 11:38:30,,1,0,0,0
24019,2593,2,1,1,3400,0,47.95,163030,,0,0,,0,0,163030,,2026-09-17 11:38:30,2026-09-17 11:38:30,,1,0,0,0
24020,2593,4,1,1,770,0,47.95,36921.5,,0,0,,0,0,36921.5,,2026-09-17 11:38:30,2026-09-17 11:38:30,,1,0,0,0
