id,company_id,branch_id,warehouse_id,load_request_id,issue_order_id,route_id,sales_rep_id,customer_id,payment_term_id,currency_id,exchange_rate,invoice_no,invoice_date,invoice_time,subtotal,item_discount_total,invoice_discount_total,tax_total,incentive_total,net_total,paid_amount,remaining_amount,status,notes,created_by,approved_by,created_at,updated_at,deleted_at,treasury_id,posted_at,uuid,temp_invoice_no,source,mode,device_id,sync_status,synced_at,number_series_id,sales_territory_id,customer_type_id,client_uuid
1196,2,1,1,38,237,16,5,1396,,,1,260831-2026-001,2026-08-31 00:00:00,07:16:30,2397.5,0,0,0,0,2397.5,2397.5,0,posted,فاتورة كاش اوفلاين - تم المزامنة,5,,2026-08-31 07:16:30,2026-08-31 07:16:30,,,2026-08-31 07:16:30,SALE-1788160583952-6812,260831-2026-001,mobile,offline,,synced,2026-08-31 07:16:30,,2,,SALE-1788160583952-6812
1197,2,1,1,38,237,16,5,1424,,,1,260831-2026-002,2026-08-31 00:00:00,07:17:35,4795,0,0,0,0,4795,4795,0,posted,فاتورة كاش اوفلاين - تم المزامنة,5,,2026-08-31 07:17:35,2026-08-31 07:17:35,,,2026-08-31 07:17:35,SALE-1788160654594-861,260831-2026-002,mobile,offline,,synced,2026-08-31 07:17:35,,2,,SALE-1788160654594-861
1198,2,1,1,38,237,16,5,1423,,,1,260831-2026-003,2026-08-31 00:00:00,07:19:18,4795,0,0,0,0,4795,4795,0,posted,فاتورة كاش اوفلاين - تم المزامنة,5,,2026-08-31 07:19:18,2026-08-31 07:19:19,,,2026-08-31 07:19:19,SALE-1788160757986-2555,260831-2026-003,mobile,offline,,synced,2026-08-31 07:19:18,,2,,SALE-1788160757986-2555
1199,2,1,1,38,237,16,5,1402,,,1,260831-2026-004,2026-08-31 00:00:00,07:20:13,4795,0,0,0,0,4795,4795,0,posted,فاتورة كاش اوفلاين - تم المزامنة,5,,2026-08-31 07:20:13,2026-08-31 07:20:13,,,2026-08-31 07:20:13,SALE-1788160812456-9495,260831-2026-004,mobile,offline,,synced,2026-08-31 07:20:13,,2,,SALE-1788160812456-9495
1200,2,1,1,38,237,16,5,1381,,,1,260831-2026-005,2026-08-31 00:00:00,07:20:58,4795,0,0,0,0,4795,4795,0,posted,فاتورة كاش اوفلاين - تم المزامنة,5,,2026-08-31 07:20:58,2026-08-31 07:20:58,,,2026-08-31 07:20:58,SALE-1788160857245-2904,260831-2026-005,mobile,offline,,synced,2026-08-31 07:20:58,,2,,SALE-1788160857245-2904
1201,2,1,1,38,237,14,5,1055,,,1,260831-2026-006,2026-08-31 00:00:00,07:22:04,14385,0,0,0,0,14385,14385,0,posted,فاتورة كاش اوفلاين - تم المزامنة,5,,2026-08-31 07:22:04,2026-08-31 07:22:04,,,2026-08-31 07:22:04,SALE-1788160923667-1342,260831-2026-006,mobile,offline,,synced,2026-08-31 07:22:04,,2,,SALE-1788160923667-1342
1202,2,1,1,38,237,14,5,1029,,,1,260831-2026-007,2026-08-31 00:00:00,07:22:52,3836,0,0,0,0,3836,3836,0,posted,فاتورة كاش اوفلاين - تم المزامنة,5,,2026-08-31 07:22:52,2026-08-31 07:22:52,,,2026-08-31 07:22:52,SALE-1788160971249-9598,260831-2026-007,mobile,offline,,synced,2026-08-31 07:22:52,,2,,SALE-1788160971249-9598
1203,2,1,1,38,237,16,5,1379,,,1,260831-2026-008,2026-08-31 00:00:00,07:23:42,9590,0,0,0,0,9590,9590,0,posted,فاتورة كاش اوفلاين - تم المزامنة,5,,2026-08-31 07:23:42,2026-08-31 07:23:42,,,2026-08-31 07:23:42,SALE-1788161021462-1666,260831-2026-008,mobile,offline,,synced,2026-08-31 07:23:42,,2,,SALE-1788161021462-1666
1204,2,1,1,38,237,16,5,1395,,,1,260831-2026-009,2026-08-31 00:00:00,07:24:37,2397.5,0,0,0,0,2397.5,2397.5,0,posted,فاتورة كاش اوفلاين - تم المزامنة,5,,2026-08-31 07:24:37,2026-08-31 07:24:37,,,2026-08-31 07:24:37,SALE-1788161076450-2428,260831-2026-009,mobile,offline,,synced,2026-08-31 07:24:37,,2,,SALE-1788161076450-2428
1205,2,1,1,38,237,16,5,1344,,,1,260831-2026-010,2026-08-31 00:00:00,07:25:16,9590,0,0,0,0,9590,9590,0,posted,فاتورة كاش اوفلاين - تم المزامنة,5,,2026-08-31 07:25:16,2026-08-31 07:25:16,,,2026-08-31 07:25:16,SALE-1788161116043-2655,260831-2026-010,mobile,offline,,synced,2026-08-31 07:25:16,,2,,SALE-1788161116043-2655
1206,2,1,1,38,237,14,5,1048,,,1,260831-2026-011,2026-08-31 00:00:00,07:34:13,3356.5,0,0,0,0,3356.5,3356.5,0,posted,فاتورة كاش اوفلاين - تم المزامنة,5,,2026-08-31 07:34:13,2026-08-31 07:34:13,,,2026-08-31 07:34:13,SALE-1788161652181-1382,260831-2026-011,mobile,offline,,synced,2026-08-31 07:34:13,,2,,SALE-1788161652181-1382
1207,2,1,1,38,237,16,5,1430,,,1,260831-2026-012,2026-08-31 00:00:00,07:35:16,4795,0,0,0,0,4795,4795,0,posted,فاتورة كاش اوفلاين - تم المزامنة,5,,2026-08-31 07:35:16,2026-08-31 07:35:17,,,2026-08-31 07:35:17,SALE-1788161714323-9529,260831-2026-012,mobile,offline,,synced,2026-08-31 07:35:16,,2,,SALE-1788161714323-9529
1208,2,1,1,38,237,14,5,1044,,,1,260831-2026-013,2026-08-31 00:00:00,07:36:09,9590,0,0,0,0,9590,9590,0,posted,فاتورة كاش اوفلاين - تم المزامنة,5,,2026-08-31 07:36:09,2026-08-31 07:36:09,,,2026-08-31 07:36:09,SALE-1788161767853-4438,260831-2026-013,mobile,offline,,synced,2026-08-31 07:36:09,,2,,SALE-1788161767853-4438
1209,2,1,1,38,237,16,5,1406,,,1,260831-2026-014,2026-08-31 00:00:00,07:36:47,4795,0,0,0,0,4795,4795,0,posted,فاتورة كاش اوفلاين - تم المزامنة,5,,2026-08-31 07:36:47,2026-08-31 07:36:47,,,2026-08-31 07:36:47,SALE-1788161805460-9730,260831-2026-014,mobile,offline,,synced,2026-08-31 07:36:47,,2,,SALE-1788161805460-9730
1210,2,1,1,38,237,16,5,1387,,,1,260831-2026-015,2026-08-31 00:00:00,07:37:29,47950,0,0,0,0,47950,47950,0,posted,فاتورة كاش اوفلاين - تم المزامنة,5,,2026-08-31 07:37:29,2026-08-31 07:37:29,,,2026-08-31 07:37:29,SALE-1788161848032-1264,260831-2026-015,mobile,offline,,synced,2026-08-31 07:37:29,,2,,SALE-1788161848032-1264
1211,2,1,1,38,237,16,5,1432,,,1,260831-2026-016,2026-08-31 00:00:00,07:38:42,2397.5,0,0,0,0,2397.5,2397.5,0,posted,فاتورة كاش اوفلاين - تم المزامنة,5,,2026-08-31 07:38:42,2026-08-31 07:38:42,,,2026-08-31 07:38:42,SALE-1788161921543-1714,260831-2026-016,mobile,offline,,synced,2026-08-31 07:38:42,,2,,SALE-1788161921543-1714
1212,2,1,1,38,237,16,5,1468,,,1,260831-2026-017,2026-08-31 00:00:00,07:39:17,4315.5,0,0,0,0,4315.5,4315.5,0,posted,فاتورة كاش اوفلاين - تم المزامنة,5,,2026-08-31 07:39:17,2026-08-31 07:39:17,,,2026-08-31 07:39:17,SALE-1788161956686-1729,260831-2026-017,mobile,offline,,synced,2026-08-31 07:39:17,,2,,SALE-1788161956686-1729
1213,2,1,1,38,237,14,5,1060,,,1,260831-2026-018,2026-08-31 00:00:00,07:40:15,2877,0,0,0,0,2877,2877,0,posted,فاتورة كاش اوفلاين - تم المزامنة,5,,2026-08-31 07:40:15,2026-08-31 07:40:15,,,2026-08-31 07:40:15,SALE-1788162014622-7432,260831-2026-018,mobile,offline,,synced,2026-08-31 07:40:15,,2,,SALE-1788162014622-7432
1214,2,1,1,38,237,14,5,1067,,,1,260831-2026-019,2026-08-31 00:00:00,07:40:55,23975,0,0,0,0,23975,23975,0,posted,فاتورة كاش اوفلاين - تم المزامنة,5,,2026-08-31 07:40:55,2026-08-31 07:40:55,,,2026-08-31 07:40:55,SALE-1788162055147-1663,260831-2026-019,mobile,offline,,synced,2026-08-31 07:40:55,,2,,SALE-1788162055147-1663
1215,2,1,1,38,237,16,5,1422,,,1,260831-2026-020,2026-08-31 00:00:00,07:41:24,4795,0,0,0,0,4795,4795,0,posted,فاتورة كاش اوفلاين - تم المزامنة,5,,2026-08-31 07:41:24,2026-08-31 07:41:24,,,2026-08-31 07:41:24,SALE-1788162083248-6446,260831-2026-020,mobile,offline,,synced,2026-08-31 07:41:24,,2,,SALE-1788162083248-6446
1216,2,1,1,38,237,16,5,1355,,,1,260831-2026-021,2026-08-31 00:00:00,07:42:09,3356.5,0,0,0,0,3356.5,3356.5,0,posted,فاتورة كاش اوفلاين - تم المزامنة,5,,2026-08-31 07:42:09,2026-08-31 07:42:09,,,2026-08-31 07:42:09,SALE-1788162128767-4516,260831-2026-021,mobile,offline,,synced,2026-08-31 07:42:09,,2,,SALE-1788162128767-4516
1217,2,1,1,38,237,16,5,1403,,,1,260831-2026-022,2026-08-31 00:00:00,07:42:31,4795,0,0,0,0,4795,4795,0,posted,فاتورة كاش اوفلاين - تم المزامنة,5,,2026-08-31 07:42:31,2026-08-31 07:42:31,,,2026-08-31 07:42:31,SALE-1788162150956-8741,260831-2026-022,mobile,offline,,synced,2026-08-31 07:42:31,,2,,SALE-1788162150956-8741
1218,2,1,1,38,237,16,5,1426,,,1,260831-2026-023,2026-08-31 00:00:00,07:42:56,2397.5,0,0,0,0,2397.5,2397.5,0,posted,فاتورة كاش اوفلاين - تم المزامنة,5,,2026-08-31 07:42:56,2026-08-31 07:42:56,,,2026-08-31 07:42:56,SALE-1788162175857-2970,260831-2026-023,mobile,offline,,synced,2026-08-31 07:42:56,,2,,SALE-1788162175857-2970
1219,2,1,1,38,237,16,5,1469,,,1,260831-2026-024,2026-08-31 00:00:00,07:43:21,4315.5,0,0,0,0,4315.5,4315.5,0,posted,فاتورة كاش اوفلاين - تم المزامنة,5,,2026-08-31 07:43:21,2026-08-31 07:43:21,,,2026-08-31 07:43:21,SALE-1788162200562-5275,260831-2026-024,mobile,offline,,synced,2026-08-31 07:43:21,,2,,SALE-1788162200562-5275
1220,2,1,1,38,237,16,5,1366,,,1,260831-2026-025,2026-08-31 00:00:00,07:47:20,4795,0,0,0,0,4795,4795,0,posted,فاتورة كاش اوفلاين - تم المزامنة,5,,2026-08-31 07:47:20,2026-08-31 07:47:20,,,2026-08-31 07:47:20,SALE-1788162439782-6010,260831-2026-025,mobile,offline,,synced,2026-08-31 07:47:20,,2,,SALE-1788162439782-6010
1221,2,1,1,38,237,16,5,1368,,,1,260831-2026-026,2026-08-31 00:00:00,07:48:53,19180,0,0,0,0,19180,19180,0,posted,فاتورة كاش اوفلاين - تم المزامنة,5,,2026-08-31 07:48:53,2026-08-31 07:48:53,,,2026-08-31 07:48:53,SALE-1788162531996-8501,260831-2026-026,mobile,offline,,synced,2026-08-31 07:48:53,,2,,SALE-1788162531996-8501
1222,2,1,1,38,237,16,5,1345,,,1,260831-2026-027,2026-08-31 00:00:00,07:49:45,23975,0,0,0,0,23975,23975,0,posted,فاتورة كاش اوفلاين - تم المزامنة,5,,2026-08-31 07:49:45,2026-08-31 07:49:45,,,2026-08-31 07:49:45,SALE-1788162585031-8673,260831-2026-027,mobile,offline,,synced,2026-08-31 07:49:45,,2,,SALE-1788162585031-8673
1223,2,1,1,38,237,14,5,1068,,,1,260831-2026-028,2026-08-31 00:00:00,07:52:05,23975,0,0,0,0,23975,23975,0,posted,فاتورة كاش اوفلاين - تم المزامنة,5,,2026-08-31 07:52:05,2026-08-31 07:52:05,,,2026-08-31 07:52:05,SALE-1788162725056-1985,260831-2026-028,mobile,offline,,synced,2026-08-31 07:52:05,,2,,SALE-1788162725056-1985
1224,2,1,1,38,237,14,5,1027,,,1,260831-2026-029,2026-08-31 00:00:00,07:52:35,9590,0,0,0,0,9590,9590,0,posted,فاتورة كاش اوفلاين - تم المزامنة,5,,2026-08-31 07:52:35,2026-08-31 07:52:35,,,2026-08-31 07:52:35,SALE-1788162754261-4962,260831-2026-029,mobile,offline,,synced,2026-08-31 07:52:35,,2,,SALE-1788162754261-4962
1225,2,1,1,38,237,14,5,1052,,,1,260831-2026-030,2026-08-31 00:00:00,07:53:28,9590,0,0,0,0,9590,9590,0,posted,فاتورة كاش اوفلاين - تم المزامنة,5,,2026-08-31 07:53:28,2026-08-31 07:53:28,,,2026-08-31 07:53:28,SALE-1788162807314-4636,260831-2026-030,mobile,offline,,synced,2026-08-31 07:53:28,,2,,SALE-1788162807314-4636
1226,2,1,1,38,237,14,5,1023,,,1,260831-2026-031,2026-08-31 00:00:00,07:54:16,23975,0,0,0,0,23975,23975,0,posted,فاتورة كاش اوفلاين - تم المزامنة,5,,2026-08-31 07:54:16,2026-08-31 07:54:16,,,2026-08-31 07:54:16,SALE-1788162856080-3102,260831-2026-031,mobile,offline,,synced,2026-08-31 07:54:16,,2,,SALE-1788162856080-3102
1227,2,1,1,38,237,14,5,1047,,,1,260831-2026-032,2026-08-31 00:00:00,07:55:12,11987.5,0,0,0,0,11987.5,11987.5,0,posted,فاتورة كاش اوفلاين - تم المزامنة,5,,2026-08-31 07:55:12,2026-08-31 07:55:12,,,2026-08-31 07:55:12,SALE-1788162912133-8200,260831-2026-032,mobile,offline,,synced,2026-08-31 07:55:12,,2,,SALE-1788162912133-8200
1228,2,1,1,38,237,14,5,1031,,,1,260831-2026-033,2026-08-31 00:00:00,07:55:58,7192.5,0,0,0,0,7192.5,7192.5,0,posted,فاتورة كاش اوفلاين - تم المزامنة,5,,2026-08-31 07:55:58,2026-08-31 07:55:58,,,2026-08-31 07:55:58,SALE-1788162957726-2363,260831-2026-033,mobile,offline,,synced,2026-08-31 07:55:58,,2,,SALE-1788162957726-2363
1229,2,1,1,38,237,16,5,1384,,,1,260831-2026-034,2026-08-31 00:00:00,07:56:30,7192.5,0,0,0,0,7192.5,7192.5,0,posted,فاتورة كاش اوفلاين - تم المزامنة,5,,2026-08-31 07:56:30,2026-08-31 07:56:30,,,2026-08-31 07:56:30,SALE-1788162989477-1235,260831-2026-034,mobile,offline,,synced,2026-08-31 07:56:30,,2,,SALE-1788162989477-1235
1230,2,1,1,38,237,16,5,1428,,,1,260831-2026-035,2026-08-31 00:00:00,08:00:02,2877,0,0,0,0,2877,2877,0,posted,فاتورة كاش اوفلاين - تم المزامنة,5,,2026-08-31 08:00:02,2026-08-31 08:02:24,,,2026-08-31 08:00:02,SALE-1788163201380-5343,260831-2026-035,mobile,offline,,synced,2026-08-31 08:00:02,,2,,SALE-1788163201380-5343
1231,2,1,1,38,237,14,5,1069,,,1,260831-2026-037,2026-08-31 00:00:00,08:04:22,24934,0,0,0,0,24934,24934,0,posted,فاتورة كاش اوفلاين - تم المزامنة,5,,2026-08-31 08:04:22,2026-08-31 08:04:22,,,2026-08-31 08:04:22,SALE-1788163461380-7729,260831-2026-037,mobile,offline,,synced,2026-08-31 08:04:22,,2,,SALE-1788163461380-7729
1232,2,1,1,38,237,16,5,1372,,,1,260831-2026-038,2026-08-31 00:00:00,08:05:22,4795,0,0,0,0,4795,4795,0,posted,فاتورة كاش اوفلاين - تم المزامنة,5,,2026-08-31 08:05:22,2026-08-31 08:05:23,,,2026-08-31 08:05:23,SALE-1788163522234-6032,260831-2026-038,mobile,offline,,synced,2026-08-31 08:05:22,,2,,SALE-1788163522234-6032
1233,2,1,1,38,237,16,5,1335,,,1,260831-2026-039,2026-08-31 00:00:00,08:08:23,11987.5,0,0,0,0,11987.5,11987.5,0,posted,فاتورة كاش اوفلاين - تم المزامنة,5,,2026-08-31 08:08:23,2026-08-31 08:08:24,,,2026-08-31 08:08:24,SALE-1788163703111-5279,260831-2026-039,mobile,offline,,synced,2026-08-31 08:08:23,,2,,SALE-1788163703111-5279
1234,2,1,1,38,237,16,5,1391,,,1,260831-2026-040,2026-08-31 00:00:00,08:12:22,5274.5,0,0,0,0,5274.5,5274.5,0,posted,فاتورة كاش اوفلاين - تم المزامنة,5,,2026-08-31 08:12:22,2026-08-31 08:12:22,,,2026-08-31 08:12:22,SALE-1788163941350-6158,260831-2026-040,mobile,offline,,synced,2026-08-31 08:12:22,,2,,SALE-1788163941350-6158
1235,2,1,1,38,237,16,5,1337,,,1,260831-2026-041,2026-08-31 00:00:00,08:14:16,2397.5,0,0,0,0,2397.5,2397.5,0,posted,فاتورة كاش اوفلاين - تم المزامنة,5,,2026-08-31 08:14:16,2026-08-31 08:14:16,,,2026-08-31 08:14:16,SALE-1788164055813-9451,260831-2026-041,mobile,offline,,synced,2026-08-31 08:14:16,,2,,SALE-1788164055813-9451
1236,2,1,1,38,237,16,5,1434,,,1,260831-2026-042,2026-08-31 00:00:00,08:18:04,6713,0,0,0,0,6713,6713,0,posted,فاتورة كاش اوفلاين - تم المزامنة,5,,2026-08-31 08:18:04,2026-08-31 08:18:04,,,2026-08-31 08:18:04,SALE-1788164283215-797,260831-2026-042,mobile,offline,,synced,2026-08-31 08:18:04,,2,,SALE-1788164283215-797
1237,2,1,1,38,237,16,5,697,,,1,260831-2026-044,2026-08-31 00:00:00,08:32:04,7192.5,0,0,0,0,7192.5,7192.5,0,posted,فاتورة كاش اوفلاين - تم المزامنة,5,,2026-08-31 08:32:04,2026-08-31 08:32:04,,,2026-08-31 08:32:04,SALE-1788165122577-7599,260831-2026-044,mobile,offline,,synced,2026-08-31 08:32:04,,2,8,SALE-1788165122577-7599
1238,2,1,1,38,237,16,5,1418,,,1,260831-2026-045,2026-08-31 00:00:00,08:33:04,11987.5,0,0,0,0,11987.5,11987.5,0,posted,فاتورة كاش اوفلاين - تم المزامنة,5,,2026-08-31 08:33:04,2026-08-31 08:33:04,,,2026-08-31 08:33:04,SALE-1788165183420-8479,260831-2026-045,mobile,offline,,synced,2026-08-31 08:33:04,,2,,SALE-1788165183420-8479
1239,2,1,1,38,237,16,5,1360,,,1,260831-2026-046,2026-08-31 00:00:00,08:33:26,11987.5,0,0,0,0,11987.5,11987.5,0,posted,فاتورة كاش اوفلاين - تم المزامنة,5,,2026-08-31 08:33:26,2026-08-31 08:33:26,,,2026-08-31 08:33:26,SALE-1788165205230-2390,260831-2026-046,mobile,offline,,synced,2026-08-31 08:33:26,,2,,SALE-1788165205230-2390
1240,2,1,1,38,237,14,5,1057,,,1,260831-2026-047,2026-08-31 00:00:00,08:33:54,3356.5,0,0,0,0,3356.5,3356.5,0,posted,فاتورة كاش اوفلاين - تم المزامنة,5,,2026-08-31 08:33:54,2026-08-31 08:33:54,,,2026-08-31 08:33:54,SALE-1788165233305-7299,260831-2026-047,mobile,offline,,synced,2026-08-31 08:33:54,,2,,SALE-1788165233305-7299
1241,2,1,1,38,237,16,5,1427,,,1,260831-2026-048,2026-08-31 00:00:00,08:34:13,5754,0,0,0,0,5754,5754,0,posted,فاتورة كاش اوفلاين - تم المزامنة,5,,2026-08-31 08:34:13,2026-08-31 08:34:13,,,2026-08-31 08:34:13,SALE-1788165252168-6474,260831-2026-048,mobile,offline,,synced,2026-08-31 08:34:13,,2,,SALE-1788165252168-6474
1242,2,1,1,38,237,16,5,1367,,,1,260831-2026-049,2026-08-31 00:00:00,08:34:54,26372.5,0,0,0,0,26372.5,26372.5,0,posted,فاتورة كاش اوفلاين - تم المزامنة,5,,2026-08-31 08:34:54,2026-08-31 08:34:54,,,2026-08-31 08:34:54,SALE-1788165293016-8860,260831-2026-049,mobile,offline,,synced,2026-08-31 08:34:54,,2,,SALE-1788165293016-8860
1243,2,1,1,38,237,14,5,1046,,,1,260831-2026-050,2026-08-31 00:00:00,08:35:56,47950,0,0,0,0,47950,47950,0,posted,فاتورة كاش اوفلاين - تم المزامنة,5,,2026-08-31 08:35:56,2026-08-31 08:35:56,,,2026-08-31 08:35:56,SALE-1788165356001-2633,260831-2026-050,mobile,offline,,synced,2026-08-31 08:35:56,,2,,SALE-1788165356001-2633
1244,2,1,1,38,237,16,5,1371,,,1,260831-2026-051,2026-08-31 00:00:00,08:36:57,13426,0,0,0,0,13426,13426,0,posted,فاتورة كاش اوفلاين - تم المزامنة,5,,2026-08-31 08:36:57,2026-08-31 08:36:57,,,2026-08-31 08:36:57,SALE-1788165416877-8882,260831-2026-051,mobile,offline,,synced,2026-08-31 08:36:57,,2,,SALE-1788165416877-8882
1245,2,1,1,38,237,14,5,1030,,,1,260831-2026-052,2026-08-31 00:00:00,08:37:44,11987.5,0,0,0,0,11987.5,11987.5,0,posted,فاتورة كاش اوفلاين - تم المزامنة,5,,2026-08-31 08:37:44,2026-08-31 08:37:44,,,2026-08-31 08:37:44,SALE-1788165463439-4489,260831-2026-052,mobile,offline,,synced,2026-08-31 08:37:44,,2,,SALE-1788165463439-4489
1246,2,1,1,38,237,14,5,1024,,,1,260831-2026-054,2026-08-31 00:00:00,08:46:50,11987.5,0,0,0,0,11987.5,11987.5,0,posted,فاتورة كاش اوفلاين - تم المزامنة,5,,2026-08-31 08:46:50,2026-08-31 08:46:50,,,2026-08-31 08:46:50,SALE-1788166009218-3954,260831-2026-054,mobile,offline,,synced,2026-08-31 08:46:50,,2,,SALE-1788166009218-3954
1247,2,1,1,38,237,14,5,1035,,,1,260831-2026-055,2026-08-31 00:00:00,08:50:17,14385,0,0,0,0,14385,14385,0,posted,فاتورة كاش اوفلاين - تم المزامنة,5,,2026-08-31 08:50:17,2026-08-31 08:50:18,,,2026-08-31 08:50:18,SALE-1788166217174-3253,260831-2026-055,mobile,offline,,synced,2026-08-31 08:50:17,,2,,SALE-1788166217174-3253
1248,2,1,1,38,237,16,5,1409,,,1,260831-2026-056,2026-08-31 00:00:00,08:53:05,7192.5,0,0,0,0,7192.5,7192.5,0,posted,فاتورة كاش اوفلاين - تم المزامنة,5,,2026-08-31 08:53:05,2026-08-31 08:53:05,,,2026-08-31 08:53:05,SALE-1788166384668-8637,260831-2026-056,mobile,offline,,synced,2026-08-31 08:53:05,,2,,SALE-1788166384668-8637
1249,2,1,1,38,237,16,5,1419,,,1,260831-2026-057,2026-08-31 00:00:00,08:55:04,19180,0,0,0,0,19180,19180,0,posted,فاتورة كاش اوفلاين - تم المزامنة,5,,2026-08-31 08:55:04,2026-08-31 08:55:04,,,2026-08-31 08:55:04,SALE-1788166503062-4242,260831-2026-057,mobile,offline,,synced,2026-08-31 08:55:04,,2,,SALE-1788166503062-4242
1250,2,1,1,38,237,16,5,1421,,,1,260831-2026-058,2026-08-31 00:00:00,08:57:13,1438.5,0,0,0,0,1438.5,1438.5,0,posted,فاتورة كاش اوفلاين - تم المزامنة,5,,2026-08-31 08:57:13,2026-08-31 08:57:13,,,2026-08-31 08:57:13,SALE-1788166632583-7870,260831-2026-058,mobile,offline,,synced,2026-08-31 08:57:13,,2,,SALE-1788166632583-7870
1251,2,1,1,38,237,16,5,1414,,,1,260831-2026-059,2026-08-31 00:00:00,08:58:46,5754,0,0,0,0,5754,5754,0,posted,فاتورة كاش اوفلاين - تم المزامنة,5,,2026-08-31 08:58:46,2026-08-31 08:58:46,,,2026-08-31 08:58:46,SALE-1788166725247-1782,260831-2026-059,mobile,offline,,synced,2026-08-31 08:58:46,,2,,SALE-1788166725247-1782
1252,2,1,1,38,237,14,5,1058,,,1,260831-2026-060,2026-08-31 00:00:00,09:00:37,23975,0,0,0,0,23975,23975,0,posted,فاتورة كاش اوفلاين - تم المزامنة,5,,2026-08-31 09:00:37,2026-08-31 09:00:37,,,2026-08-31 09:00:37,SALE-1788166836263-3472,260831-2026-060,mobile,offline,,synced,2026-08-31 09:00:37,,2,,SALE-1788166836263-3472
1253,2,1,1,38,237,16,5,1370,,,1,260831-2026-061,2026-08-31 00:00:00,09:04:27,4795,0,0,0,0,4795,4795,0,posted,فاتورة كاش اوفلاين - تم المزامنة,5,,2026-08-31 09:04:27,2026-08-31 09:04:27,,,2026-08-31 09:04:27,SALE-1788167066818-1574,260831-2026-061,mobile,offline,,synced,2026-08-31 09:04:27,,2,,SALE-1788167066818-1574
1254,2,1,1,38,237,16,5,1359,,,1,260831-2026-062,2026-08-31 00:00:00,09:05:44,4795,0,0,0,0,4795,4795,0,posted,فاتورة كاش اوفلاين - تم المزامنة,5,,2026-08-31 09:05:44,2026-08-31 09:05:44,,,2026-08-31 09:05:44,SALE-1788167143758-6196,260831-2026-062,mobile,offline,,synced,2026-08-31 09:05:44,,2,,SALE-1788167143758-6196
1255,2,1,1,38,237,14,5,1028,,,1,260831-2026-063,2026-08-31 00:00:00,09:06:42,19180,0,0,0,0,19180,19180,0,posted,فاتورة كاش اوفلاين - تم المزامنة,5,,2026-08-31 09:06:42,2026-08-31 09:06:43,,,2026-08-31 09:06:43,SALE-1788167202238-5126,260831-2026-063,mobile,offline,,synced,2026-08-31 09:06:42,,2,,SALE-1788167202238-5126
1256,2,1,1,38,237,16,5,1405,,,1,260831-2026-064,2026-08-31 00:00:00,09:09:28,4795,0,0,0,0,4795,4795,0,posted,فاتورة كاش اوفلاين - تم المزامنة,5,,2026-08-31 09:09:28,2026-08-31 09:09:28,,,2026-08-31 09:09:28,SALE-1788167367388-6869,260831-2026-064,mobile,offline,,synced,2026-08-31 09:09:28,,2,,SALE-1788167367388-6869
1257,2,1,1,38,237,16,5,1340,,,1,260831-2026-065,2026-08-31 00:00:00,09:10:52,2397.5,0,0,0,0,2397.5,2397.5,0,posted,فاتورة كاش اوفلاين - تم المزامنة,5,,2026-08-31 09:10:52,2026-08-31 09:10:52,,,2026-08-31 09:10:52,SALE-1788167451546-943,260831-2026-065,mobile,offline,,synced,2026-08-31 09:10:52,,2,,SALE-1788167451546-943
1258,2,1,1,38,237,14,5,1038,,,1,260831-2026-066,2026-08-31 00:00:00,09:12:36,67130,0,0,0,0,67130,67130,0,posted,فاتورة كاش اوفلاين - تم المزامنة,5,,2026-08-31 09:12:36,2026-08-31 09:12:36,,,2026-08-31 09:12:36,SALE-1788167555554-8967,260831-2026-066,mobile,offline,,synced,2026-08-31 09:12:36,,2,,SALE-1788167555554-8967
1259,2,1,1,38,237,16,5,1412,,,1,260831-2026-067,2026-08-31 00:00:00,09:15:00,9590,0,0,0,0,9590,9590,0,posted,فاتورة كاش اوفلاين - تم المزامنة,5,,2026-08-31 09:15:00,2026-08-31 09:15:00,,,2026-08-31 09:15:00,SALE-1788167699368-8083,260831-2026-067,mobile,offline,,synced,2026-08-31 09:15:00,,2,,SALE-1788167699368-8083
1260,2,1,1,38,237,14,5,1033,,,1,260831-2026-068,2026-08-31 00:00:00,09:16:39,47950,0,0,0,0,47950,47950,0,posted,فاتورة كاش اوفلاين - تم المزامنة,5,,2026-08-31 09:16:39,2026-08-31 09:16:39,,,2026-08-31 09:16:39,SALE-1788167796630-2044,260831-2026-068,mobile,offline,,synced,2026-08-31 09:16:39,,2,,SALE-1788167796630-2044
1261,2,1,1,38,237,16,5,1382,,,1,260831-2026-069,2026-08-31 00:00:00,09:18:08,7192.5,0,0,0,0,7192.5,7192.5,0,posted,فاتورة كاش اوفلاين - تم المزامنة,5,,2026-08-31 09:18:08,2026-08-31 09:18:08,,,2026-08-31 09:18:08,SALE-1788167887594-918,260831-2026-069,mobile,offline,,synced,2026-08-31 09:18:08,,2,,SALE-1788167887594-918
1262,2,1,1,38,237,16,5,1389,,,1,260831-2026-070,2026-08-31 00:00:00,09:20:49,67130,0,0,0,0,67130,67130,0,posted,فاتورة كاش اوفلاين - تم المزامنة,5,,2026-08-31 09:20:49,2026-08-31 09:20:49,,,2026-08-31 09:20:49,SALE-1788168048980-8359,260831-2026-070,mobile,offline,,synced,2026-08-31 09:20:49,,2,,SALE-1788168048980-8359
1263,2,1,1,38,237,16,5,1466,,,1,260831-2026-071,2026-08-31 00:00:00,09:22:34,14385,0,0,0,0,14385,14385,0,posted,فاتورة كاش اوفلاين - تم المزامنة,5,,2026-08-31 09:22:34,2026-08-31 09:22:34,,,2026-08-31 09:22:34,SALE-1788168153576-5646,260831-2026-071,mobile,offline,,synced,2026-08-31 09:22:34,,2,,SALE-1788168153576-5646
1264,2,1,1,38,237,16,5,1386,,,1,260831-2026-072,2026-08-31 00:00:00,09:24:16,7192.5,0,0,0,0,7192.5,7192.5,0,posted,فاتورة كاش اوفلاين - تم المزامنة,5,,2026-08-31 09:24:16,2026-08-31 09:24:16,,,2026-08-31 09:24:16,SALE-1788168256070-4222,260831-2026-072,mobile,offline,,synced,2026-08-31 09:24:16,,2,,SALE-1788168256070-4222
1265,2,1,1,38,237,16,5,1416,,,1,260831-2026-073,2026-08-31 00:00:00,09:31:06,4795,0,0,0,0,4795,4795,0,posted,فاتورة كاش اوفلاين - تم المزامنة,5,,2026-08-31 09:31:06,2026-08-31 09:31:06,,,2026-08-31 09:31:06,SALE-1788168665436-2839,260831-2026-073,mobile,offline,,synced,2026-08-31 09:31:06,,2,,SALE-1788168665436-2839
1266,2,1,1,38,237,14,5,1026,,,1,260831-2026-074,2026-08-31 00:00:00,09:33:04,119875,0,0,0,0,119875,119875,0,posted,فاتورة كاش اوفلاين - تم المزامنة,5,,2026-08-31 09:33:04,2026-08-31 09:33:04,,,2026-08-31 09:33:04,SALE-1788168783986-6951,260831-2026-074,mobile,offline,,synced,2026-08-31 09:33:04,,2,,SALE-1788168783986-6951
1267,2,1,1,38,237,14,5,1045,,,1,260831-2026-075,2026-08-31 00:00:00,09:33:32,119875,0,0,0,0,119875,119875,0,posted,فاتورة كاش اوفلاين - تم المزامنة,5,,2026-08-31 09:33:32,2026-08-31 09:33:32,,,2026-08-31 09:33:32,SALE-1788168811850-2139,260831-2026-075,mobile,offline,,synced,2026-08-31 09:33:32,,2,,SALE-1788168811850-2139
1268,2,1,1,38,237,14,5,1049,,,1,260831-2026-076,2026-08-31 00:00:00,09:34:12,23975,0,0,0,0,23975,23975,0,posted,فاتورة كاش اوفلاين - تم المزامنة,5,,2026-08-31 09:34:12,2026-08-31 09:34:12,,,2026-08-31 09:34:12,SALE-1788168851499-4348,260831-2026-076,mobile,offline,,synced,2026-08-31 09:34:12,,2,,SALE-1788168851499-4348
1269,2,1,1,39,239,15,6,790,,,1,260831-2027-001,2026-08-31 00:00:00,09:35:05,23975,0,0,0,0,23975,23975,0,posted,فاتورة كاش اوفلاين - تم المزامنة,6,,2026-08-31 09:35:05,2026-08-31 09:35:05,,,2026-08-31 09:35:05,SALE-1788168904441-4599,260831-2027-001,mobile,offline,,synced,2026-08-31 09:35:05,,2,,SALE-1788168904441-4599
1270,2,1,1,38,237,14,5,697,,,1,260831-2026-077,2026-08-31 00:00:00,09:37:58,479.5,0,0,0,0,479.5,479.5,0,posted,فاتورة كاش اوفلاين - تم المزامنة,5,,2026-08-31 09:37:58,2026-08-31 09:37:59,,,2026-08-31 09:37:59,SALE-1788169078222-5504,260831-2026-077,mobile,offline,,synced,2026-08-31 09:37:58,,2,8,SALE-1788169078222-5504
1271,2,1,1,38,237,16,5,1334,,,1,260831-2026-078,2026-08-31 00:00:00,09:39:00,11987.5,0,0,0,0,11987.5,11987.5,0,posted,فاتورة كاش اوفلاين - تم المزامنة,5,,2026-08-31 09:39:00,2026-08-31 09:39:00,,,2026-08-31 09:39:00,SALE-1788169139546-5049,260831-2026-078,mobile,offline,,synced,2026-08-31 09:39:00,,2,,SALE-1788169139546-5049
1272,2,1,1,38,237,16,5,1435,,,1,260831-2026-079,2026-08-31 00:00:00,09:39:45,11987.5,0,0,0,0,11987.5,11987.5,0,posted,فاتورة كاش اوفلاين - تم المزامنة,5,,2026-08-31 09:39:45,2026-08-31 09:39:45,,,2026-08-31 09:39:45,SALE-1788169185094-5778,260831-2026-079,mobile,offline,,synced,2026-08-31 09:39:45,,2,,SALE-1788169185094-5778
1273,2,1,1,38,237,16,5,1411,,,1,260831-2026-080,2026-08-31 00:00:00,09:42:26,4795,0,0,0,0,4795,4795,0,posted,فاتورة كاش اوفلاين - تم المزامنة,5,,2026-08-31 09:42:26,2026-08-31 09:42:26,,,2026-08-31 09:42:26,SALE-1788169345878-7802,260831-2026-080,mobile,offline,,synced,2026-08-31 09:42:26,,2,,SALE-1788169345878-7802
1274,2,1,1,38,237,16,5,1400,,,1,260831-2026-081,2026-08-31 00:00:00,09:43:48,47950,0,0,0,0,47950,47950,0,posted,فاتورة كاش اوفلاين - تم المزامنة,5,,2026-08-31 09:43:48,2026-08-31 09:43:48,,,2026-08-31 09:43:48,SALE-1788169427840-5158,260831-2026-081,mobile,offline,,synced,2026-08-31 09:43:48,,2,,SALE-1788169427840-5158
1275,2,1,1,38,237,14,5,1041,,,1,260831-2026-082,2026-08-31 00:00:00,09:50:36,14385,0,0,0,0,14385,14385,0,posted,فاتورة كاش اوفلاين - تم المزامنة,5,,2026-08-31 09:50:36,2026-08-31 09:50:36,,,2026-08-31 09:50:36,SALE-1788169835630-9521,260831-2026-082,mobile,offline,,synced,2026-08-31 09:50:36,,2,,SALE-1788169835630-9521
1276,2,1,1,38,237,16,5,1431,,,1,260831-2026-083,2026-08-31 00:00:00,09:51:03,4795,0,0,0,0,4795,4795,0,posted,فاتورة كاش اوفلاين - تم المزامنة,5,,2026-08-31 09:51:03,2026-08-31 09:51:03,,,2026-08-31 09:51:03,SALE-1788169862572-389,260831-2026-083,mobile,offline,,synced,2026-08-31 09:51:03,,2,,SALE-1788169862572-389
1277,2,1,1,38,237,16,5,1392,,,1,260831-2026-084,2026-08-31 00:00:00,09:51:42,4795,0,0,0,0,4795,4795,0,posted,فاتورة كاش اوفلاين - تم المزامنة,5,,2026-08-31 09:51:42,2026-08-31 09:51:42,,,2026-08-31 09:51:42,SALE-1788169901678-5693,260831-2026-084,mobile,offline,,synced,2026-08-31 09:51:42,,2,,SALE-1788169901678-5693
1278,2,1,1,40,240,14,5,1025,,,1,260831-2026-085,2026-08-31 00:00:00,09:52:35,33565,0,0,0,0,33565,33565,0,posted,فاتورة كاش اوفلاين - تم المزامنة,5,,2026-08-31 09:52:35,2026-08-31 09:52:35,,,2026-08-31 09:52:35,SALE-1788169954380-7695,260831-2026-085,mobile,offline,,synced,2026-08-31 09:52:35,,2,,SALE-1788169954380-7695
1279,2,1,1,38,237,14,5,1065,,,1,260831-2026-086,2026-08-31 00:00:00,09:57:50,23975,0,0,0,0,23975,23975,0,posted,فاتورة كاش اوفلاين - تم المزامنة,5,,2026-08-31 09:57:50,2026-08-31 09:57:50,,,2026-08-31 09:57:50,SALE-1788170269155-7095,260831-2026-086,mobile,offline,,synced,2026-08-31 09:57:50,,2,,SALE-1788170269155-7095
1280,2,1,1,38,237,16,5,1339,,,1,260831-2026-087,2026-08-31 00:00:00,10:01:17,11987.5,0,0,0,0,11987.5,11987.5,0,posted,فاتورة كاش اوفلاين - تم المزامنة,5,,2026-08-31 10:01:17,2026-08-31 10:01:17,,,2026-08-31 10:01:17,SALE-1788170476330-1770,260831-2026-087,mobile,offline,,synced,2026-08-31 10:01:17,,2,,SALE-1788170476330-1770
1281,2,1,1,38,237,16,5,1425,,,1,260831-2026-088,2026-08-31 00:00:00,10:04:37,11987.5,0,0,0,0,11987.5,11987.5,0,posted,فاتورة كاش اوفلاين - تم المزامنة,5,,2026-08-31 10:04:37,2026-08-31 10:04:37,,,2026-08-31 10:04:37,SALE-1788170676092-6426,260831-2026-088,mobile,offline,,synced,2026-08-31 10:04:37,,2,,SALE-1788170676092-6426
1282,2,1,1,39,239,15,6,788,,,1,260831-2027-002,2026-08-31 00:00:00,10:05:35,105490,0,0,0,0,105490,105490,0,posted,فاتورة كاش اوفلاين - تم المزامنة,6,,2026-08-31 10:05:35,2026-08-31 10:05:35,,,2026-08-31 10:05:35,SALE-1788170734053-7157,260831-2027-002,mobile,offline,,synced,2026-08-31 10:05:35,,2,,SALE-1788170734053-7157
1283,2,1,1,39,239,15,6,798,,,1,260831-2027-003,2026-08-31 00:00:00,10:07:10,71925,0,0,0,0,71925,71925,0,posted,فاتورة كاش اوفلاين - تم المزامنة,6,,2026-08-31 10:07:10,2026-08-31 10:07:10,,,2026-08-31 10:07:10,SALE-1788170829419-4126,260831-2027-003,mobile,offline,,synced,2026-08-31 10:07:10,,2,,SALE-1788170829419-4126
1284,2,1,1,38,237,16,5,1374,,,1,260831-2026-089,2026-08-31 00:00:00,10:07:12,11987.5,0,0,0,0,11987.5,11987.5,0,posted,فاتورة كاش اوفلاين - تم المزامنة,5,,2026-08-31 10:07:12,2026-08-31 10:07:12,,,2026-08-31 10:07:12,SALE-1788170832124-9200,260831-2026-089,mobile,offline,,synced,2026-08-31 10:07:12,,2,,SALE-1788170832124-9200
1285,2,1,1,38,237,18,5,871,,,1,260831-2026-090,2026-08-31 00:00:00,10:09:22,59937.5,0,0,0,0,59937.5,59937.5,0,posted,فاتورة كاش اوفلاين - تم المزامنة,5,,2026-08-31 10:09:22,2026-08-31 10:09:22,,,2026-08-31 10:09:22,SALE-1788170961540-4961,260831-2026-090,mobile,offline,,synced,2026-08-31 10:09:22,,3,7,SALE-1788170961540-4961
1286,2,1,1,38,237,14,5,697,,,1,260831-2026-091,2026-08-31 00:00:00,10:15:43,9590,0,0,0,0,9590,9590,0,posted,فاتورة كاش اوفلاين - تم المزامنة,5,,2026-08-31 10:15:43,2026-08-31 10:15:43,,,2026-08-31 10:15:43,SALE-1788171342487-7642,260831-2026-091,mobile,offline,,synced,2026-08-31 10:15:43,,2,8,SALE-1788171342487-7642
1287,2,1,1,38,237,14,5,1042,,,1,260831-2026-092,2026-08-31 00:00:00,10:20:59,29729,0,0,0,0,29729,29729,0,posted,فاتورة كاش اوفلاين - تم المزامنة,5,,2026-08-31 10:20:59,2026-08-31 10:20:59,,,2026-08-31 10:20:59,SALE-1788171659082-2123,260831-2026-092,mobile,offline,,synced,2026-08-31 10:20:59,,2,,SALE-1788171659082-2123
1288,2,1,1,39,239,15,6,793,,,1,260831-2027-004,2026-08-31 00:00:00,10:22:20,163030,0,0,0,0,163030,163030,0,posted,فاتورة كاش اوفلاين - تم المزامنة,6,,2026-08-31 10:22:20,2026-08-31 10:22:20,,,2026-08-31 10:22:20,SALE-1788171738959-9102,260831-2027-004,mobile,offline,,synced,2026-08-31 10:22:20,,2,,SALE-1788171738959-9102
1289,2,1,1,38,237,14,5,1059,,,1,260831-2026-093,2026-08-31 00:00:00,10:23:09,52745,0,0,0,0,52745,52745,0,posted,فاتورة كاش اوفلاين - تم المزامنة,5,,2026-08-31 10:23:09,2026-08-31 10:24:14,,,2026-08-31 10:23:09,SALE-1788171788579-27,260831-2026-093,mobile,offline,,synced,2026-08-31 10:23:09,,2,,SALE-1788171788579-27
1290,2,1,1,38,237,16,5,1383,,,1,260831-2026-094,2026-08-31 00:00:00,10:28:06,28770,0,0,0,0,28770,28770,0,posted,فاتورة كاش اوفلاين - تم المزامنة,5,,2026-08-31 10:28:06,2026-08-31 10:28:06,,,2026-08-31 10:28:06,SALE-1788172085948-6795,260831-2026-094,mobile,offline,,synced,2026-08-31 10:28:06,,2,,SALE-1788172085948-6795
1291,2,1,1,38,237,14,5,1064,,,1,260831-2026-095,2026-08-31 00:00:00,10:31:17,23975,0,0,0,0,23975,23975,0,posted,فاتورة كاش اوفلاين - تم المزامنة,5,,2026-08-31 10:31:17,2026-08-31 10:31:17,,,2026-08-31 10:31:17,SALE-1788172276354-1500,260831-2026-095,mobile,offline,,synced,2026-08-31 10:31:17,,2,,SALE-1788172276354-1500
1292,2,1,1,38,237,16,5,1433,,,1,260831-2026-096,2026-08-31 00:00:00,10:32:33,2397.5,0,0,0,0,2397.5,2397.5,0,posted,فاتورة كاش اوفلاين - تم المزامنة,5,,2026-08-31 10:32:33,2026-08-31 10:32:33,,,2026-08-31 10:32:33,SALE-1788172352800-6760,260831-2026-096,mobile,offline,,synced,2026-08-31 10:32:33,,2,,SALE-1788172352800-6760
1293,2,1,1,38,237,16,5,1342,,,1,260831-2026-097,2026-08-31 00:00:00,10:34:00,23975,0,0,0,0,23975,23975,0,posted,فاتورة كاش اوفلاين - تم المزامنة,5,,2026-08-31 10:34:00,2026-08-31 10:34:00,,,2026-08-31 10:34:00,SALE-1788172440049-6573,260831-2026-097,mobile,offline,,synced,2026-08-31 10:34:00,,2,,SALE-1788172440049-6573
1294,2,1,1,38,237,16,5,1390,,,1,260831-2026-098,2026-08-31 00:00:00,10:34:35,1438.5,0,0,0,0,1438.5,1438.5,0,posted,فاتورة كاش اوفلاين - تم المزامنة,5,,2026-08-31 10:34:35,2026-08-31 10:34:35,,,2026-08-31 10:34:35,SALE-1788172474937-2150,260831-2026-098,mobile,offline,,synced,2026-08-31 10:34:35,,2,,SALE-1788172474937-2150
1295,2,1,1,38,237,16,5,1410,,,1,260831-2026-099,2026-08-31 00:00:00,10:38:29,23975,0,0,0,0,23975,23975,0,posted,فاتورة كاش اوفلاين - تم المزامنة,5,,2026-08-31 10:38:29,2026-08-31 10:38:29,,,2026-08-31 10:38:29,SALE-1788172709054-1550,260831-2026-099,mobile,offline,,synced,2026-08-31 10:38:29,,2,,SALE-1788172709054-1550
1296,2,1,1,38,237,14,5,1037,,,1,260831-2026-100,2026-08-31 00:00:00,10:40:40,7192.5,0,0,0,0,7192.5,7192.5,0,posted,فاتورة كاش اوفلاين - تم المزامنة,5,,2026-08-31 10:40:40,2026-08-31 10:40:41,,,2026-08-31 10:40:41,SALE-1788172840221-1739,260831-2026-100,mobile,offline,,synced,2026-08-31 10:40:40,,2,,SALE-1788172840221-1739
1297,2,1,1,38,237,16,5,1398,,,1,260831-2026-101,2026-08-31 00:00:00,10:42:21,2397.5,0,0,0,0,2397.5,2397.5,0,posted,فاتورة كاش اوفلاين - تم المزامنة,5,,2026-08-31 10:42:21,2026-08-31 10:42:21,,,2026-08-31 10:42:21,SALE-1788172938304-2902,260831-2026-101,mobile,offline,,synced,2026-08-31 10:42:21,,2,,SALE-1788172938304-2902
1298,2,1,1,38,237,16,5,1338,,,1,260831-2026-102,2026-08-31 00:00:00,10:44:40,3836,0,0,0,0,3836,3836,0,posted,فاتورة كاش اوفلاين - تم المزامنة,5,,2026-08-31 10:44:40,2026-08-31 10:44:40,,,2026-08-31 10:44:40,SALE-1788173078222-6787,260831-2026-102,mobile,offline,,synced,2026-08-31 10:44:40,,2,,SALE-1788173078222-6787
1299,2,1,1,38,237,16,5,1378,,,1,260831-2026-103,2026-08-31 00:00:00,10:47:08,106449,0,0,0,0,106449,106449,0,posted,فاتورة كاش اوفلاين - تم المزامنة,5,,2026-08-31 10:47:08,2026-08-31 10:47:08,,,2026-08-31 10:47:08,SALE-1788173227140-981,260831-2026-103,mobile,offline,,synced,2026-08-31 10:47:08,,2,,SALE-1788173227140-981
1300,2,1,1,38,237,16,5,1407,,,1,260831-2026-104,2026-08-31 00:00:00,10:48:17,31167.5,0,0,0,0,31167.5,31167.5,0,posted,فاتورة كاش اوفلاين - تم المزامنة,5,,2026-08-31 10:48:17,2026-08-31 10:48:17,,,2026-08-31 10:48:17,SALE-1788173296435-120,260831-2026-104,mobile,offline,,synced,2026-08-31 10:48:17,,2,,SALE-1788173296435-120
1301,2,1,1,37,238,10,4,1290,,,1,260831-2025-007,2026-08-31 00:00:00,10:59:12,2877,0,0,0,0,2877,2877,0,posted,فاتورة كاش اوفلاين - تم المزامنة,4,,2026-08-31 10:59:12,2026-08-31 10:59:12,,,2026-08-31 10:59:12,SALE-1788163043810-4481,260831-2025-007,mobile,offline,,synced,2026-08-31 10:59:12,,1,,SALE-1788163043810-4481
1302,2,1,1,37,238,10,4,1296,,,1,260831-2025-008,2026-08-31 00:00:00,10:59:13,9590,0,0,0,0,9590,9590,0,posted,فاتورة كاش اوفلاين - تم المزامنة,4,,2026-08-31 10:59:13,2026-08-31 10:59:13,,,2026-08-31 10:59:13,SALE-1788163111078-2578,260831-2025-008,mobile,offline,,synced,2026-08-31 10:59:13,,1,,SALE-1788163111078-2578
1303,2,1,1,37,238,10,4,1300,,,1,260831-2025-009,2026-08-31 00:00:00,10:59:13,3836,0,0,0,0,3836,3836,0,posted,فاتورة كاش اوفلاين - تم المزامنة,4,,2026-08-31 10:59:13,2026-08-31 10:59:13,,,2026-08-31 10:59:13,SALE-1788163163397-7998,260831-2025-009,mobile,offline,,synced,2026-08-31 10:59:13,,1,,SALE-1788163163397-7998
1304,2,1,1,37,238,10,4,1280,,,1,260831-2025-010,2026-08-31 00:00:00,10:59:14,2397.5,0,0,0,0,2397.5,2397.5,0,posted,فاتورة كاش اوفلاين - تم المزامنة,4,,2026-08-31 10:59:14,2026-08-31 10:59:14,,,2026-08-31 10:59:14,SALE-1788163214709-6564,260831-2025-010,mobile,offline,,synced,2026-08-31 10:59:14,,1,,SALE-1788163214709-6564
1305,2,1,1,37,238,10,4,1281,,,1,260831-2025-011,2026-08-31 00:00:00,10:59:15,4795,0,0,0,0,4795,4795,0,posted,فاتورة كاش اوفلاين - تم المزامنة,4,,2026-08-31 10:59:15,2026-08-31 10:59:15,,,2026-08-31 10:59:15,SALE-1788163266459-6062,260831-2025-011,mobile,offline,,synced,2026-08-31 10:59:15,,1,,SALE-1788163266459-6062
1306,2,1,1,37,238,10,4,1249,,,1,260831-2025-012,2026-08-31 00:00:00,10:59:16,9590,0,0,0,0,9590,9590,0,posted,فاتورة كاش اوفلاين - تم المزامنة,4,,2026-08-31 10:59:16,2026-08-31 10:59:16,,,2026-08-31 10:59:16,SALE-1788163312012-7066,260831-2025-012,mobile,offline,,synced,2026-08-31 10:59:16,,1,,SALE-1788163312012-7066
1307,2,1,1,37,238,10,4,1268,,,1,260831-2025-013,2026-08-31 00:00:00,10:59:17,2877,0,0,0,0,2877,2877,0,posted,فاتورة كاش اوفلاين - تم المزامنة,4,,2026-08-31 10:59:17,2026-08-31 10:59:18,,,2026-08-31 10:59:18,SALE-1788163362845-699,260831-2025-013,mobile,offline,,synced,2026-08-31 10:59:17,,1,,SALE-1788163362845-699
1308,2,1,1,37,238,10,4,1306,,,1,260831-2025-014,2026-08-31 00:00:00,10:59:19,4795,0,0,0,0,4795,4795,0,posted,فاتورة كاش اوفلاين - تم المزامنة,4,,2026-08-31 10:59:19,2026-08-31 10:59:19,,,2026-08-31 10:59:19,SALE-1788163407476-8917,260831-2025-014,mobile,offline,,synced,2026-08-31 10:59:19,,1,,SALE-1788163407476-8917
1309,2,1,1,37,238,10,4,1264,,,1,260831-2025-015,2026-08-31 00:00:00,10:59:21,10069.5,0,0,0,0,10069.5,10069.5,0,posted,فاتورة كاش اوفلاين - تم المزامنة,4,,2026-08-31 10:59:21,2026-08-31 10:59:21,,,2026-08-31 10:59:21,SALE-1788163460452-615,260831-2025-015,mobile,offline,,synced,2026-08-31 10:59:21,,1,,SALE-1788163460452-615
1310,2,1,1,37,238,10,4,1282,,,1,260831-2025-016,2026-08-31 00:00:00,10:59:22,9590,0,0,0,0,9590,9590,0,posted,فاتورة كاش اوفلاين - تم المزامنة,4,,2026-08-31 10:59:22,2026-08-31 10:59:22,,,2026-08-31 10:59:22,SALE-1788163523120-9771,260831-2025-016,mobile,offline,,synced,2026-08-31 10:59:22,,1,,SALE-1788163523120-9771
1311,2,1,1,37,238,10,4,1277,,,1,260831-2025-017,2026-08-31 00:00:00,10:59:24,9590,0,0,0,0,9590,9590,0,posted,فاتورة كاش اوفلاين - تم المزامنة,4,,2026-08-31 10:59:24,2026-08-31 10:59:24,,,2026-08-31 10:59:24,SALE-1788163606994-5465,260831-2025-017,mobile,offline,,synced,2026-08-31 10:59:24,,1,,SALE-1788163606994-5465
1312,2,1,1,37,238,10,4,1250,,,1,260831-2025-018,2026-08-31 00:00:00,10:59:25,4795,0,0,0,0,4795,4795,0,posted,فاتورة كاش اوفلاين - تم المزامنة,4,,2026-08-31 10:59:25,2026-08-31 10:59:25,,,2026-08-31 10:59:25,SALE-1788163721756-2298,260831-2025-018,mobile,offline,,synced,2026-08-31 10:59:25,,1,,SALE-1788163721756-2298
1313,2,1,1,37,238,10,4,1286,,,1,260831-2025-019,2026-08-31 00:00:00,10:59:26,3836,0,0,0,0,3836,3836,0,posted,فاتورة كاش اوفلاين - تم المزامنة,4,,2026-08-31 10:59:26,2026-08-31 10:59:26,,,2026-08-31 10:59:26,SALE-1788163795720-3159,260831-2025-019,mobile,offline,,synced,2026-08-31 10:59:26,,1,,SALE-1788163795720-3159
1314,2,1,1,37,238,10,4,1252,,,1,260831-2025-020,2026-08-31 00:00:00,10:59:27,3836,0,0,0,0,3836,3836,0,posted,فاتورة كاش اوفلاين - تم المزامنة,4,,2026-08-31 10:59:27,2026-08-31 10:59:27,,,2026-08-31 10:59:27,SALE-1788163956067-7081,260831-2025-020,mobile,offline,,synced,2026-08-31 10:59:27,,1,,SALE-1788163956067-7081
1315,2,1,1,37,238,10,4,1271,,,1,260831-2025-021,2026-08-31 00:00:00,10:59:28,3836,0,0,0,0,3836,3836,0,posted,فاتورة كاش اوفلاين - تم المزامنة,4,,2026-08-31 10:59:28,2026-08-31 10:59:29,,,2026-08-31 10:59:29,SALE-1788164004766-776,260831-2025-021,mobile,offline,,synced,2026-08-31 10:59:28,,1,,SALE-1788164004766-776
1316,2,1,1,37,238,10,4,1284,,,1,260831-2025-022,2026-08-31 00:00:00,10:59:34,2877,0,0,0,0,2877,2877,0,posted,فاتورة كاش اوفلاين - تم المزامنة,4,,2026-08-31 10:59:34,2026-08-31 10:59:34,,,2026-08-31 10:59:34,SALE-1788164050940-2493,260831-2025-022,mobile,offline,,synced,2026-08-31 10:59:34,,1,,SALE-1788164050940-2493
1317,2,1,1,37,238,10,4,1292,,,1,260831-2025-023,2026-08-31 00:00:00,10:59:36,1918,0,0,0,0,1918,1918,0,posted,فاتورة كاش اوفلاين - تم المزامنة,4,,2026-08-31 10:59:36,2026-08-31 10:59:36,,,2026-08-31 10:59:36,SALE-1788164087216-3736,260831-2025-023,mobile,offline,,synced,2026-08-31 10:59:36,,1,,SALE-1788164087216-3736
1318,2,1,1,37,238,10,4,1244,,,1,260831-2025-024,2026-08-31 00:00:00,10:59:37,11987.5,0,0,0,0,11987.5,11987.5,0,posted,فاتورة كاش اوفلاين - تم المزامنة,4,,2026-08-31 10:59:37,2026-08-31 10:59:37,,,2026-08-31 10:59:37,SALE-1788164209345-1221,260831-2025-024,mobile,offline,,synced,2026-08-31 10:59:37,,1,,SALE-1788164209345-1221
1319,2,1,1,37,238,10,4,1253,,,1,260831-2025-025,2026-08-31 00:00:00,10:59:37,4795,0,0,0,0,4795,4795,0,posted,فاتورة كاش اوفلاين - تم المزامنة,4,,2026-08-31 10:59:37,2026-08-31 10:59:37,,,2026-08-31 10:59:37,SALE-1788164299054-6486,260831-2025-025,mobile,offline,,synced,2026-08-31 10:59:37,,1,,SALE-1788164299054-6486
1320,2,1,1,37,238,10,4,1309,,,1,260831-2025-026,2026-08-31 00:00:00,10:59:38,19180,0,0,0,0,19180,19180,0,posted,فاتورة كاش اوفلاين - تم المزامنة,4,,2026-08-31 10:59:38,2026-08-31 10:59:38,,,2026-08-31 10:59:38,SALE-1788164346062-1233,260831-2025-026,mobile,offline,,synced,2026-08-31 10:59:38,,1,,SALE-1788164346062-1233
1321,2,1,1,37,238,10,4,1270,,,1,260831-2025-027,2026-08-31 00:00:00,10:59:39,16782.5,0,0,0,0,16782.5,16782.5,0,posted,فاتورة كاش اوفلاين - تم المزامنة,4,,2026-08-31 10:59:39,2026-08-31 10:59:39,,,2026-08-31 10:59:39,SALE-1788164510558-1913,260831-2025-027,mobile,offline,,synced,2026-08-31 10:59:39,,1,,SALE-1788164510558-1913
1322,2,1,1,37,238,10,4,1267,,,1,260831-2025-028,2026-08-31 00:00:00,10:59:40,16782.5,0,0,0,0,16782.5,16782.5,0,posted,فاتورة كاش اوفلاين - تم المزامنة,4,,2026-08-31 10:59:40,2026-08-31 10:59:40,,,2026-08-31 10:59:40,SALE-1788164570176-1146,260831-2025-028,mobile,offline,,synced,2026-08-31 10:59:40,,1,,SALE-1788164570176-1146
1323,2,1,1,37,238,10,4,1259,,,1,260831-2025-029,2026-08-31 00:00:00,10:59:40,3836,0,0,0,0,3836,3836,0,posted,فاتورة كاش اوفلاين - تم المزامنة,4,,2026-08-31 10:59:40,2026-08-31 10:59:41,,,2026-08-31 10:59:41,SALE-1788164637537-736,260831-2025-029,mobile,offline,,synced,2026-08-31 10:59:40,,1,,SALE-1788164637537-736
1324,2,1,1,37,238,10,4,1308,,,1,260831-2025-030,2026-08-31 00:00:00,10:59:41,1918,0,0,0,0,1918,1918,0,posted,فاتورة كاش اوفلاين - تم المزامنة,4,,2026-08-31 10:59:41,2026-08-31 10:59:41,,,2026-08-31 10:59:41,SALE-1788164681801-6287,260831-2025-030,mobile,offline,,synced,2026-08-31 10:59:41,,1,,SALE-1788164681801-6287
1325,2,1,1,37,238,10,4,1258,,,1,260831-2025-031,2026-08-31 00:00:00,10:59:42,7192.5,0,0,0,0,7192.5,7192.5,0,posted,فاتورة كاش اوفلاين - تم المزامنة,4,,2026-08-31 10:59:42,2026-08-31 10:59:42,,,2026-08-31 10:59:42,SALE-1788164730245-7214,260831-2025-031,mobile,offline,,synced,2026-08-31 10:59:42,,1,,SALE-1788164730245-7214
1326,2,1,1,37,238,10,4,1248,,,1,260831-2025-032,2026-08-31 00:00:00,10:59:43,2877,0,0,0,0,2877,2877,0,posted,فاتورة كاش اوفلاين - تم المزامنة,4,,2026-08-31 10:59:43,2026-08-31 10:59:43,,,2026-08-31 10:59:43,SALE-1788164791754-4854,260831-2025-032,mobile,offline,,synced,2026-08-31 10:59:43,,1,,SALE-1788164791754-4854
1327,2,1,1,37,238,10,4,1301,,,1,260831-2025-033,2026-08-31 00:00:00,10:59:44,19180,0,0,0,0,19180,19180,0,posted,فاتورة كاش اوفلاين - تم المزامنة,4,,2026-08-31 10:59:44,2026-08-31 10:59:44,,,2026-08-31 10:59:44,SALE-1788164867222-6951,260831-2025-033,mobile,offline,,synced,2026-08-31 10:59:44,,1,,SALE-1788164867222-6951
1328,2,1,1,37,238,10,4,1298,,,1,260831-2025-034,2026-08-31 00:00:00,10:59:45,19180,0,0,0,0,19180,19180,0,posted,فاتورة كاش اوفلاين - تم المزامنة,4,,2026-08-31 10:59:45,2026-08-31 10:59:45,,,2026-08-31 10:59:45,SALE-1788164994879-2277,260831-2025-034,mobile,offline,,synced,2026-08-31 10:59:45,,1,,SALE-1788164994879-2277
1329,2,1,1,37,238,10,4,1279,,,1,260831-2025-035,2026-08-31 00:00:00,10:59:45,11987.5,0,0,0,0,11987.5,11987.5,0,posted,فاتورة كاش اوفلاين - تم المزامنة,4,,2026-08-31 10:59:45,2026-08-31 10:59:45,,,2026-08-31 10:59:45,SALE-1788165044053-8846,260831-2025-035,mobile,offline,,synced,2026-08-31 10:59:45,,1,,SALE-1788165044053-8846
1330,2,1,1,37,238,10,4,1251,,,1,260831-2025-036,2026-08-31 00:00:00,10:59:47,58019.5,0,0,0,0,58019.5,58019.5,0,posted,فاتورة كاش اوفلاين - تم المزامنة,4,,2026-08-31 10:59:47,2026-08-31 11:01:15,,,2026-08-31 10:59:47,SALE-1788165365014-5181,260831-2025-036,mobile,offline,,synced,2026-08-31 10:59:47,,1,,SALE-1788165365014-5181
1331,2,1,1,37,238,10,4,1266,,,1,260831-2025-037,2026-08-31 00:00:00,10:59:47,30208.5,0,0,0,0,30208.5,30208.5,0,posted,فاتورة كاش اوفلاين - تم المزامنة,4,,2026-08-31 10:59:47,2026-08-31 10:59:47,,,2026-08-31 10:59:47,SALE-1788165522321-984,260831-2025-037,mobile,offline,,synced,2026-08-31 10:59:47,,1,,SALE-1788165522321-984
1332,2,1,1,,,10,4,1275,,,1,260831-2025-038,2026-08-31 00:00:00,10:59:49,35962.5,0,0,0,0,35962.5,35962.5,0,posted,فاتورة كاش اوفلاين - تم المزامنة,4,,2026-08-31 10:59:49,2026-08-31 10:59:49,,,2026-08-31 10:59:49,SALE-1788165623496-9037,260831-2025-038,mobile,offline,,synced,2026-08-31 10:59:49,,1,,SALE-1788165623496-9037
1333,2,1,1,37,238,10,4,1242,,,1,260831-2025-039,2026-08-31 00:00:00,10:59:50,2397.5,0,0,0,0,2397.5,2397.5,0,posted,فاتورة كاش اوفلاين - تم المزامنة,4,,2026-08-31 10:59:50,2026-08-31 10:59:50,,,2026-08-31 10:59:50,SALE-1788165699807-9779,260831-2025-039,mobile,offline,,synced,2026-08-31 10:59:50,,1,,SALE-1788165699807-9779
1334,2,1,1,37,238,10,4,1272,,,1,260831-2025-040,2026-08-31 00:00:00,10:59:51,1438.5,0,0,0,0,1438.5,1438.5,0,posted,فاتورة كاش اوفلاين - تم المزامنة,4,,2026-08-31 10:59:51,2026-08-31 10:59:51,,,2026-08-31 10:59:51,SALE-1788165743939-1839,260831-2025-040,mobile,offline,,synced,2026-08-31 10:59:51,,1,,SALE-1788165743939-1839
1335,2,1,1,37,238,10,4,1297,,,1,260831-2025-041,2026-08-31 00:00:00,10:59:51,7192.5,0,0,0,0,7192.5,7192.5,0,posted,فاتورة كاش اوفلاين - تم المزامنة,4,,2026-08-31 10:59:51,2026-08-31 10:59:51,,,2026-08-31 10:59:51,SALE-1788165897716-3819,260831-2025-041,mobile,offline,,synced,2026-08-31 10:59:51,,1,,SALE-1788165897716-3819
1336,2,1,1,37,238,10,4,1245,,,1,260831-2025-042,2026-08-31 00:00:00,10:59:52,61855.5,0,0,0,0,61855.5,61855.5,0,posted,فاتورة كاش اوفلاين - تم المزامنة,4,,2026-08-31 10:59:52,2026-08-31 11:04:47,,,2026-08-31 10:59:52,SALE-1788166230953-1896,260831-2025-042,mobile,offline,,synced,2026-08-31 10:59:52,,1,,SALE-1788166230953-1896
1337,2,1,1,37,238,10,4,1254,,,1,260831-2025-043,2026-08-31 00:00:00,10:59:53,9590,0,0,0,0,9590,9590,0,posted,فاتورة كاش اوفلاين - تم المزامنة,4,,2026-08-31 10:59:53,2026-08-31 10:59:53,,,2026-08-31 10:59:53,SALE-1788167043357-1762,260831-2025-043,mobile,offline,,synced,2026-08-31 10:59:53,,1,,SALE-1788167043357-1762
1338,2,1,1,37,238,10,4,1246,,,1,260831-2025-044,2026-08-31 00:00:00,10:59:54,9590,0,0,0,0,9590,9590,0,posted,فاتورة كاش اوفلاين - تم المزامنة,4,,2026-08-31 10:59:54,2026-08-31 10:59:54,,,2026-08-31 10:59:54,SALE-1788167087905-862,260831-2025-044,mobile,offline,,synced,2026-08-31 10:59:54,,1,,SALE-1788167087905-862
1339,2,1,1,37,238,10,4,1295,,,1,260831-2025-045,2026-08-31 00:00:00,10:59:54,2397.5,0,0,0,0,2397.5,2397.5,0,posted,فاتورة كاش اوفلاين - تم المزامنة,4,,2026-08-31 10:59:54,2026-08-31 10:59:54,,,2026-08-31 10:59:54,SALE-1788167109363-976,260831-2025-045,mobile,offline,,synced,2026-08-31 10:59:54,,1,,SALE-1788167109363-976
1340,2,1,1,37,238,10,4,1299,,,1,260831-2025-046,2026-08-31 00:00:00,10:59:55,33565,0,0,0,0,33565,33565,0,posted,فاتورة كاش اوفلاين - تم المزامنة,4,,2026-08-31 10:59:55,2026-08-31 10:59:55,,,2026-08-31 10:59:55,SALE-1788167210555-5824,260831-2025-046,mobile,offline,,synced,2026-08-31 10:59:55,,1,,SALE-1788167210555-5824
1341,2,1,1,37,238,10,4,1289,,,1,260831-2025-047,2026-08-31 00:00:00,10:59:56,38360,0,0,0,0,38360,38360,0,posted,فاتورة كاش اوفلاين - تم المزامنة,4,,2026-08-31 10:59:56,2026-08-31 10:59:56,,,2026-08-31 10:59:56,SALE-1788167392198-4948,260831-2025-047,mobile,offline,,synced,2026-08-31 10:59:56,,1,,SALE-1788167392198-4948
1342,2,1,1,37,238,10,4,1261,,,1,260831-2025-048,2026-08-31 00:00:00,10:59:57,4795,0,0,0,0,4795,4795,0,posted,فاتورة كاش اوفلاين - تم المزامنة,4,,2026-08-31 10:59:57,2026-08-31 10:59:57,,,2026-08-31 10:59:57,SALE-1788167503808-8753,260831-2025-048,mobile,offline,,synced,2026-08-31 10:59:57,,1,,SALE-1788167503808-8753
1343,2,1,1,37,238,10,4,1255,,,1,260831-2025-049,2026-08-31 00:00:00,10:59:57,5274.5,0,0,0,0,5274.5,5274.5,0,posted,فاتورة كاش اوفلاين - تم المزامنة,4,,2026-08-31 10:59:57,2026-08-31 10:59:58,,,2026-08-31 10:59:58,SALE-1788168063682-3490,260831-2025-049,mobile,offline,,synced,2026-08-31 10:59:57,,1,,SALE-1788168063682-3490
1344,2,1,1,37,238,10,4,1302,,,1,260831-2025-050,2026-08-31 00:00:00,10:59:58,23016,0,0,0,0,23016,23016,0,posted,فاتورة كاش اوفلاين - تم المزامنة,4,,2026-08-31 10:59:58,2026-08-31 10:59:58,,,2026-08-31 10:59:58,SALE-1788168173745-2450,260831-2025-050,mobile,offline,,synced,2026-08-31 10:59:58,,1,,SALE-1788168173745-2450
1345,2,1,1,37,238,10,4,1276,,,1,260831-2025-051,2026-08-31 00:00:00,10:59:59,119875,0,0,0,0,119875,119875,0,posted,فاتورة كاش اوفلاين - تم المزامنة,4,,2026-08-31 10:59:59,2026-08-31 10:59:59,,,2026-08-31 10:59:59,SALE-1788169046483-229,260831-2025-051,mobile,offline,,synced,2026-08-31 10:59:59,,1,,SALE-1788169046483-229
1346,2,1,1,37,238,10,4,1304,,,1,260831-2025-052,2026-08-31 00:00:00,11:00:00,2397.5,0,0,0,0,2397.5,2397.5,0,posted,فاتورة كاش اوفلاين - تم المزامنة,4,,2026-08-31 11:00:00,2026-08-31 11:00:00,,,2026-08-31 11:00:00,SALE-1788169562857-8910,260831-2025-052,mobile,offline,,synced,2026-08-31 11:00:00,,1,,SALE-1788169562857-8910
1347,2,1,1,37,238,10,4,1283,,,1,260831-2025-053,2026-08-31 00:00:00,11:00:01,11987.5,0,0,0,0,11987.5,11987.5,0,posted,فاتورة كاش اوفلاين - تم المزامنة,4,,2026-08-31 11:00:01,2026-08-31 11:00:01,,,2026-08-31 11:00:01,SALE-1788170066156-4970,260831-2025-053,mobile,offline,,synced,2026-08-31 11:00:01,,1,,SALE-1788170066156-4970
1348,2,1,1,37,238,10,4,1293,,,1,260831-2025-054,2026-08-31 00:00:00,11:00:02,14864.5,0,0,0,0,14864.5,14864.5,0,posted,فاتورة كاش اوفلاين - تم المزامنة,4,,2026-08-31 11:00:02,2026-08-31 11:00:02,,,2026-08-31 11:00:02,SALE-1788170186749-5829,260831-2025-054,mobile,offline,,synced,2026-08-31 11:00:02,,1,,SALE-1788170186749-5829
1349,2,1,1,,,10,4,1262,,,1,260831-2025-055,2026-08-31 00:00:00,11:00:02,95900,0,0,0,0,95900,95900,0,posted,فاتورة كاش اوفلاين - تم المزامنة,4,,2026-08-31 11:00:02,2026-08-31 11:00:02,,,2026-08-31 11:00:02,SALE-1788170391373-71,260831-2025-055,mobile,offline,,synced,2026-08-31 11:00:02,,1,,SALE-1788170391373-71
1350,2,1,1,37,238,10,4,1260,,,1,260831-2025-056,2026-08-31 00:00:00,11:00:03,12946.5,0,0,0,0,12946.5,12946.5,0,posted,فاتورة كاش اوفلاين - تم المزامنة,4,,2026-08-31 11:00:03,2026-08-31 11:00:03,,,2026-08-31 11:00:03,SALE-1788171101528-5487,260831-2025-056,mobile,offline,,synced,2026-08-31 11:00:03,,1,,SALE-1788171101528-5487
1351,2,1,1,38,237,11,5,697,,,1,260831-2026-105,2026-08-31 00:00:00,11:09:03,10069.5,0,0,0,0,10069.5,10069.5,0,posted,فاتورة كاش اوفلاين - تم المزامنة,5,,2026-08-31 11:09:03,2026-08-31 11:09:03,,,2026-08-31 11:09:03,SALE-1788174542695-8234,260831-2026-105,mobile,offline,,synced,2026-08-31 11:09:03,,2,8,SALE-1788174542695-8234
1352,2,1,1,38,237,16,5,1420,,,1,260831-2026-106,2026-08-31 00:00:00,11:16:13,7672,0,0,0,0,7672,7672,0,posted,فاتورة كاش اوفلاين - تم المزامنة,5,,2026-08-31 11:16:13,2026-08-31 11:16:13,,,2026-08-31 11:16:13,SALE-1788174973095-5796,260831-2026-106,mobile,offline,,synced,2026-08-31 11:16:13,,2,,SALE-1788174973095-5796
1353,2,1,1,38,237,16,5,1377,,,1,260831-2026-107,2026-08-31 00:00:00,11:20:03,7192.5,0,0,0,0,7192.5,7192.5,0,posted,فاتورة كاش اوفلاين - تم المزامنة,5,,2026-08-31 11:20:03,2026-08-31 11:20:03,,,2026-08-31 11:20:03,SALE-1788175202445-5393,260831-2026-107,mobile,offline,,synced,2026-08-31 11:20:03,,2,,SALE-1788175202445-5393
1354,2,1,1,39,239,15,6,780,,,1,260831-2027-005,2026-08-31 00:00:00,11:28:14,263725,0,0,0,0,263725,263725,0,posted,فاتورة كاش اوفلاين - تم المزامنة,6,,2026-08-31 11:28:14,2026-08-31 11:28:14,,,2026-08-31 11:28:14,SALE-1788175693533-2365,260831-2027-005,mobile,offline,,synced,2026-08-31 11:28:14,,2,,SALE-1788175693533-2365
1355,2,1,1,38,237,16,5,1394,,,1,260831-2026-108,2026-08-31 00:00:00,11:31:36,8151.5,0,0,0,0,8151.5,8151.5,0,posted,فاتورة كاش اوفلاين - تم المزامنة,5,,2026-08-31 11:31:36,2026-08-31 11:31:36,,,2026-08-31 11:31:36,SALE-1788175895898-1965,260831-2026-108,mobile,offline,,synced,2026-08-31 11:31:36,,2,,SALE-1788175895898-1965
1356,2,1,1,,,,,1463,,,1,SINV-00001,2026-08-31 00:00:00,,478500,0,0,0,0,478500,0,478500,posted,,,,2026-08-31 11:35:24,2026-08-31 11:36:19,,1,2026-08-31 11:36:19,,,desktop,,,synced,,,,,
1357,2,1,1,38,237,14,5,1043,,,1,260831-2026-109,2026-08-31 00:00:00,11:37:53,2397.5,0,0,0,0,2397.5,2397.5,0,posted,فاتورة كاش اوفلاين - تم المزامنة,5,,2026-08-31 11:37:53,2026-08-31 11:37:53,,,2026-08-31 11:37:53,SALE-1788176272850-8260,260831-2026-109,mobile,offline,,synced,2026-08-31 11:37:53,,2,,SALE-1788176272850-8260
1358,2,1,1,,,,,697,,,1,SA-00001,2026-08-31 00:00:00,11:40:12,187005,0,0,0,0,215055.75,0,215055.75,approved,Ø£Ù…Ø± Ø¨ÙŠØ¹ Ù…Ù† Ø§ØºÙ„Ø§Ù‚ Ø§Ù„Ø¥Ø°Ù† RO-00002,27,27,2026-08-31 11:40:12,2026-09-15 18:24:10,2026-09-17 17:14:07,,,,,desktop,,,synced,,,,,
1359,2,1,1,,,,,697,,,1,SA-00002,2026-08-31 00:00:00,11:52:54,97818,0,0,0,0,112490.7,0,112490.7,approved,Ø£Ù…Ø± Ø¨ÙŠØ¹ Ù…Ù† Ø§ØºÙ„Ø§Ù‚ Ø§Ù„Ø¥Ø°Ù† RO-00003,2,2,2026-08-31 11:52:54,2026-09-15 18:24:10,2026-09-17 17:14:07,,,,,desktop,,,synced,,,,,
1360,2,1,1,,,,,697,,,1,SA-00003,2026-08-31 00:00:00,11:57:30,270438,0,0,0,0,311003.7,0,311003.7,approved,Ø£Ù…Ø± Ø¨ÙŠØ¹ Ù…Ù† Ø§ØºÙ„Ø§Ù‚ Ø§Ù„Ø¥Ø°Ù† RO-00001,2,2,2026-08-31 11:57:30,2026-09-15 18:24:10,2026-09-17 17:14:07,,,,,desktop,,,synced,,,,,
1361,2,1,1,41,242,18,4,932,,,1,260901-2025-002,2026-09-01 00:00:00,06:55:42,47950,0,0,0,0,47950,47950,0,posted,فاتورة كاش اوفلاين - تم المزامنة,4,,2026-09-01 06:55:42,2026-09-01 06:55:42,,,2026-09-01 06:55:42,SALE-1788245740593-8947,260901-2025-002,mobile,offline,,synced,2026-09-01 06:55:42,,3,,SALE-1788245740593-8947
1362,2,1,1,41,242,18,4,847,,,1,260901-2025-003,2026-09-01 00:00:00,06:58:37,23975,0,0,0,0,23975,23975,0,posted,فاتورة كاش اوفلاين - تم المزامنة,4,,2026-09-01 06:58:37,2026-09-01 06:58:37,,,2026-09-01 06:58:37,SALE-1788245916602-6820,260901-2025-003,mobile,offline,,synced,2026-09-01 06:58:37,,3,,SALE-1788245916602-6820
1363,2,1,1,41,242,18,4,833,,,1,260901-2025-004,2026-09-01 00:00:00,07:06:54,7192.5,0,0,0,0,7192.5,7192.5,0,posted,فاتورة كاش اوفلاين - تم المزامنة,4,,2026-09-01 07:06:54,2026-09-01 07:06:54,,,2026-09-01 07:06:54,SALE-1788246413779-7295,260901-2025-004,mobile,offline,,synced,2026-09-01 07:06:54,,3,,SALE-1788246413779-7295
1364,2,1,1,41,242,18,4,925,,,1,260901-2025-005,2026-09-01 00:00:00,07:08:39,71925,0,0,0,0,71925,71925,0,posted,فاتورة كاش اوفلاين - تم المزامنة,4,,2026-09-01 07:08:39,2026-09-01 07:08:39,,,2026-09-01 07:08:39,SALE-1788246518347-9816,260901-2025-005,mobile,offline,,synced,2026-09-01 07:08:39,,3,,SALE-1788246518347-9816
1365,2,1,1,41,242,18,4,962,,,1,260901-2025-006,2026-09-01 00:00:00,07:18:46,7192.5,0,0,0,0,7192.5,7192.5,0,posted,فاتورة كاش اوفلاين - تم المزامنة,4,,2026-09-01 07:18:46,2026-09-01 07:18:46,,,2026-09-01 07:18:46,SALE-1788247125241-817,260901-2025-006,mobile,offline,,synced,2026-09-01 07:18:46,,3,,SALE-1788247125241-817
1366,2,1,1,41,242,18,4,848,,,1,260901-2025-007,2026-09-01 00:00:00,07:20:30,10069.5,0,0,0,0,10069.5,10069.5,0,posted,فاتورة كاش اوفلاين - تم المزامنة,4,,2026-09-01 07:20:30,2026-09-01 07:20:30,,,2026-09-01 07:20:30,SALE-1788247229178-7001,260901-2025-007,mobile,offline,,synced,2026-09-01 07:20:30,,3,,SALE-1788247229178-7001
1367,2,1,1,41,242,18,4,857,,,1,260901-2025-008,2026-09-01 00:00:00,07:20:57,20139,0,0,0,0,20139,20139,0,posted,فاتورة كاش اوفلاين - تم المزامنة,4,,2026-09-01 07:20:57,2026-09-01 07:49:27,,,2026-09-01 07:20:57,SALE-1788247256213-2143,260901-2025-008,mobile,offline,,synced,2026-09-01 07:20:57,,3,,SALE-1788247256213-2143
1368,2,1,1,41,242,18,4,954,,,1,260901-2025-009,2026-09-01 00:00:00,07:22:07,23975,0,0,0,0,23975,23975,0,posted,فاتورة كاش اوفلاين - تم المزامنة,4,,2026-09-01 07:22:07,2026-09-01 07:22:07,,,2026-09-01 07:22:07,SALE-1788247326987-7619,260901-2025-009,mobile,offline,,synced,2026-09-01 07:22:07,,3,,SALE-1788247326987-7619
1369,2,1,1,42,241,11,5,1480,,,1,260901-2026-001,2026-09-01 00:00:00,07:27:28,341404,0,0,0,0,341404,341404,0,posted,فاتورة كاش اوفلاين - تم المزامنة,5,,2026-09-01 07:27:28,2026-09-02 18:34:50,,,2026-09-01 07:27:28,SALE-1788247647211-6110,260901-2026-001,mobile,offline,,synced,2026-09-01 07:27:28,,2,8,SALE-1788287689160-4781
1370,2,1,1,42,241,18,5,905,,,1,260901-2026-002,2026-09-01 00:00:00,07:29:07,47950,0,0,0,0,47950,47950,0,posted,فاتورة كاش اوفلاين - تم المزامنة,5,,2026-09-01 07:29:07,2026-09-01 07:29:07,,,2026-09-01 07:29:07,SALE-1788247746249-9570,260901-2026-002,mobile,offline,,synced,2026-09-01 07:29:07,,3,7,SALE-1788247746249-9570
1371,2,1,1,42,241,18,5,863,,,1,260901-2026-003,2026-09-01 00:00:00,07:33:13,14864.5,0,0,0,0,14864.5,14864.5,0,posted,فاتورة كاش اوفلاين - تم المزامنة,5,,2026-09-01 07:33:13,2026-09-01 07:33:13,,,2026-09-01 07:33:13,SALE-1788247992848-1383,260901-2026-003,mobile,offline,,synced,2026-09-01 07:33:13,,3,7,SALE-1788247992848-1383
1372,2,1,1,42,241,18,5,879,,,1,260901-2026-004,2026-09-01 00:00:00,07:34:21,23975,0,0,0,0,23975,23975,0,posted,فاتورة كاش اوفلاين - تم المزامنة,5,,2026-09-01 07:34:21,2026-09-01 07:34:21,,,2026-09-01 07:34:21,SALE-1788248059622-2762,260901-2026-004,mobile,offline,,synced,2026-09-01 07:34:21,,3,7,SALE-1788248059622-2762
1373,2,1,1,42,241,18,5,817,,,1,260901-2026-005,2026-09-01 00:00:00,07:38:13,47950,0,0,0,0,47950,47950,0,posted,فاتورة كاش اوفلاين - تم المزامنة,5,,2026-09-01 07:38:13,2026-09-01 07:38:13,,,2026-09-01 07:38:13,SALE-1788248292429-2100,260901-2026-005,mobile,offline,,synced,2026-09-01 07:38:13,,3,7,SALE-1788248292429-2100
1374,2,1,1,42,241,18,5,921,,,1,260901-2026-006,2026-09-01 00:00:00,07:42:34,34524,0,0,0,0,34524,34524,0,posted,فاتورة كاش اوفلاين - تم المزامنة,5,,2026-09-01 07:42:34,2026-09-01 07:42:34,,,2026-09-01 07:42:34,SALE-1788248553551-4186,260901-2026-006,mobile,offline,,synced,2026-09-01 07:42:34,,3,7,SALE-1788248553551-4186
1375,2,1,1,42,241,18,5,966,,,1,260901-2026-007,2026-09-01 00:00:00,07:46:08,23975,0,0,0,0,23975,23975,0,posted,فاتورة كاش اوفلاين - تم المزامنة,5,,2026-09-01 07:46:08,2026-09-01 07:46:08,,,2026-09-01 07:46:08,SALE-1788248767861-7722,260901-2026-007,mobile,offline,,synced,2026-09-01 07:46:08,,3,7,SALE-1788248767861-7722
1376,2,1,1,41,242,18,4,828,,,1,260901-2025-010,2026-09-01 00:00:00,07:49:27,47950,0,0,0,0,47950,47950,0,posted,فاتورة كاش اوفلاين - تم المزامنة,4,,2026-09-01 07:49:27,2026-09-01 07:49:27,,,2026-09-01 07:49:27,SALE-1788247418176-2323,260901-2025-010,mobile,offline,,synced,2026-09-01 07:49:27,,3,,SALE-1788247418176-2323
1377,2,1,1,41,242,18,4,837,,,1,260901-2025-011,2026-09-01 00:00:00,07:49:28,11987.5,0,0,0,0,11987.5,11987.5,0,posted,فاتورة كاش اوفلاين - تم المزامنة,4,,2026-09-01 07:49:28,2026-09-01 07:49:28,,,2026-09-01 07:49:28,SALE-1788247786461-4869,260901-2025-011,mobile,offline,,synced,2026-09-01 07:49:28,,3,,SALE-1788247786461-4869
1378,2,1,1,41,242,18,4,874,,,1,260901-2025-012,2026-09-01 00:00:00,07:49:29,7192.5,0,0,0,0,7192.5,7192.5,0,posted,فاتورة كاش اوفلاين - تم المزامنة,4,,2026-09-01 07:49:29,2026-09-01 07:49:29,,,2026-09-01 07:49:29,SALE-1788248046944-999,260901-2025-012,mobile,offline,,synced,2026-09-01 07:49:29,,3,,SALE-1788248046944-999
1379,2,1,1,41,242,18,4,845,,,1,260901-2025-013,2026-09-01 00:00:00,07:49:30,1918,0,0,0,0,1918,1918,0,posted,فاتورة كاش اوفلاين - تم المزامنة,4,,2026-09-01 07:49:30,2026-09-01 07:49:30,,,2026-09-01 07:49:30,SALE-1788248113851-4593,260901-2025-013,mobile,offline,,synced,2026-09-01 07:49:30,,3,,SALE-1788248113851-4593
1380,2,1,1,41,242,18,4,824,,,1,260901-2025-014,2026-09-01 00:00:00,07:49:31,14864.5,0,0,0,0,14864.5,14864.5,0,posted,فاتورة كاش اوفلاين - تم المزامنة,4,,2026-09-01 07:49:31,2026-09-01 07:49:31,,,2026-09-01 07:49:31,SALE-1788248457949-6647,260901-2025-014,mobile,offline,,synced,2026-09-01 07:49:31,,3,,SALE-1788248457949-6647
1381,2,1,1,41,242,18,4,893,,,1,260901-2025-015,2026-09-01 00:00:00,07:49:31,7192.5,0,0,0,0,7192.5,7192.5,0,posted,فاتورة كاش اوفلاين - تم المزامنة,4,,2026-09-01 07:49:31,2026-09-01 07:49:31,,,2026-09-01 07:49:31,SALE-1788248528675-7093,260901-2025-015,mobile,offline,,synced,2026-09-01 07:49:31,,3,,SALE-1788248528675-7093
1382,2,1,1,41,242,18,4,952,,,1,260901-2025-016,2026-09-01 00:00:00,07:49:32,9590,0,0,0,0,9590,9590,0,posted,فاتورة كاش اوفلاين - تم المزامنة,4,,2026-09-01 07:49:32,2026-09-01 07:49:32,,,2026-09-01 07:49:32,SALE-1788248758971-4339,260901-2025-016,mobile,offline,,synced,2026-09-01 07:49:32,,3,,SALE-1788248758971-4339
1383,2,1,1,41,242,18,4,878,,,1,260901-2025-017,2026-09-01 00:00:00,07:49:33,11987.5,0,0,0,0,11987.5,11987.5,0,posted,فاتورة كاش اوفلاين - تم المزامنة,4,,2026-09-01 07:49:33,2026-09-01 07:49:33,,,2026-09-01 07:49:33,SALE-1788248808980-3009,260901-2025-017,mobile,offline,,synced,2026-09-01 07:49:33,,3,,SALE-1788248808980-3009
1384,2,1,1,41,242,18,4,961,,,1,260901-2025-018,2026-09-01 00:00:00,07:49:34,52745,0,0,0,0,52745,52745,0,posted,فاتورة كاش اوفلاين - تم المزامنة,4,,2026-09-01 07:49:34,2026-09-01 07:49:34,,,2026-09-01 07:49:34,SALE-1788248849631-5602,260901-2025-018,mobile,offline,,synced,2026-09-01 07:49:34,,3,,SALE-1788248849631-5602
1385,2,1,1,42,241,18,5,832,,,1,260901-2026-008,2026-09-01 00:00:00,07:51:56,47950,0,0,0,0,47950,47950,0,posted,فاتورة كاش اوفلاين - تم المزامنة,5,,2026-09-01 07:51:56,2026-09-01 07:51:56,,,2026-09-01 07:51:56,SALE-1788249115012-189,260901-2026-008,mobile,offline,,synced,2026-09-01 07:51:56,,3,7,SALE-1788249115012-189
1386,2,1,1,41,242,18,4,977,,,1,260901-2025-019,2026-09-01 00:00:00,07:52:46,30208.5,0,0,0,0,30208.5,30208.5,0,posted,فاتورة كاش اوفلاين - تم المزامنة,4,,2026-09-01 07:52:46,2026-09-01 07:52:46,,,2026-09-01 07:52:46,SALE-1788249165409-4499,260901-2025-019,mobile,offline,,synced,2026-09-01 07:52:46,,3,,SALE-1788249165409-4499
1387,2,1,1,41,242,18,4,813,,,1,260901-2025-020,2026-09-01 00:00:00,07:59:35,11987.5,0,0,0,0,11987.5,11987.5,0,posted,فاتورة كاش اوفلاين - تم المزامنة,4,,2026-09-01 07:59:35,2026-09-01 12:15:53,,,2026-09-01 07:59:35,SALE-1788249574334-6560,260901-2025-020,mobile,offline,,synced,2026-09-01 07:59:35,,3,,SALE-1788249574334-6560
1388,2,1,1,42,241,18,5,979,,,1,260901-2026-009,2026-09-01 00:00:00,08:14:54,35962.5,0,0,0,0,35962.5,35962.5,0,posted,فاتورة كاش اوفلاين - تم المزامنة,5,,2026-09-01 08:14:54,2026-09-01 08:16:12,,,2026-09-01 08:14:54,SALE-1788250494026-4376,260901-2026-009,mobile,offline,,synced,2026-09-01 08:14:54,,3,,SALE-1788250494026-4376
1389,2,1,1,42,241,18,5,1480,,,1,260901-2026-010,2026-09-01 00:00:00,08:25:40,7192.5,0,0,0,0,7192.5,7192.5,0,posted,فاتورة كاش اوفلاين - تم المزامنة,5,,2026-09-01 08:25:40,2026-09-01 08:25:40,,,2026-09-01 08:25:40,SALE-1788251139343-1847,260901-2026-010,mobile,offline,,synced,2026-09-01 08:25:40,,3,8,SALE-1788251139343-1847
1390,2,1,1,42,241,18,5,897,,,1,260901-2026-011,2026-09-01 00:00:00,08:46:55,11987.5,0,0,0,0,11987.5,11987.5,0,posted,فاتورة كاش اوفلاين - تم المزامنة,5,,2026-09-01 08:46:55,2026-09-01 08:46:55,,,2026-09-01 08:46:55,SALE-1788252413880-8987,260901-2026-011,mobile,offline,,synced,2026-09-01 08:46:55,,3,7,SALE-1788252413880-8987
1391,2,1,1,42,241,18,5,972,,,1,260901-2026-012,2026-09-01 00:00:00,09:01:53,20139,0,0,0,0,20139,20139,0,posted,فاتورة كاش اوفلاين - تم المزامنة,5,,2026-09-01 09:01:53,2026-09-01 09:01:54,,,2026-09-01 09:01:54,SALE-1788253312817-7452,260901-2026-012,mobile,offline,,synced,2026-09-01 09:01:53,,3,7,SALE-1788253312817-7452
1392,2,1,1,42,241,18,5,870,,,1,260901-2026-013,2026-09-01 00:00:00,09:04:21,23975,0,0,0,0,23975,23975,0,posted,فاتورة كاش اوفلاين - تم المزامنة,5,,2026-09-01 09:04:21,2026-09-01 09:04:21,,,2026-09-01 09:04:21,SALE-1788253459622-826,260901-2026-013,mobile,offline,,synced,2026-09-01 09:04:21,,3,7,SALE-1788253459622-826
1393,2,1,1,42,241,18,5,956,,,1,260901-2026-014,2026-09-01 00:00:00,09:08:23,38360,0,0,0,0,38360,38360,0,posted,فاتورة كاش اوفلاين - تم المزامنة,5,,2026-09-01 09:08:23,2026-09-01 09:08:23,,,2026-09-01 09:08:23,SALE-1788253702041-8461,260901-2026-014,mobile,offline,,synced,2026-09-01 09:08:23,,3,7,SALE-1788253702041-8461
1394,2,1,1,42,241,18,5,856,,,1,260901-2026-015,2026-09-01 00:00:00,09:13:09,47950,0,0,0,0,47950,47950,0,posted,فاتورة كاش اوفلاين - تم المزامنة,5,,2026-09-01 09:13:09,2026-09-01 09:13:09,,,2026-09-01 09:13:09,SALE-1788253988812-5781,260901-2026-015,mobile,offline,,synced,2026-09-01 09:13:09,,3,7,SALE-1788253988812-5781
1395,2,1,1,42,241,18,5,943,,,1,260901-2026-016,2026-09-01 00:00:00,09:13:54,47950,0,0,0,0,47950,47950,0,posted,فاتورة كاش اوفلاين - تم المزامنة,5,,2026-09-01 09:13:54,2026-09-01 09:13:54,,,2026-09-01 09:13:54,SALE-1788254033554-5291,260901-2026-016,mobile,offline,,synced,2026-09-01 09:13:54,,3,7,SALE-1788254033554-5291
1396,2,1,1,42,241,18,5,888,,,1,260901-2026-017,2026-09-01 00:00:00,09:20:12,16782.5,0,0,0,0,16782.5,16782.5,0,posted,فاتورة كاش اوفلاين - تم المزامنة,5,,2026-09-01 09:20:12,2026-09-01 09:20:12,,,2026-09-01 09:20:12,SALE-1788254410996-4275,260901-2026-017,mobile,offline,,synced,2026-09-01 09:20:12,,3,7,SALE-1788254410996-4275
1397,2,1,1,42,241,18,5,930,,,1,260901-2026-018,2026-09-01 00:00:00,09:33:48,47950,0,0,0,0,47950,47950,0,posted,فاتورة كاش اوفلاين - تم المزامنة,5,,2026-09-01 09:33:48,2026-09-01 09:33:48,,,2026-09-01 09:33:48,SALE-1788255228153-9973,260901-2026-018,mobile,offline,,synced,2026-09-01 09:33:48,,3,7,SALE-1788255228153-9973
1398,2,1,1,42,241,18,5,819,,,1,260901-2026-019,2026-09-01 00:00:00,09:35:09,14864.5,0,0,0,0,14864.5,14864.5,0,posted,فاتورة كاش اوفلاين - تم المزامنة,5,,2026-09-01 09:35:10,2026-09-01 09:35:10,,,2026-09-01 09:35:10,SALE-1788255307660-8723,260901-2026-019,mobile,offline,,synced,2026-09-01 09:35:09,,3,7,SALE-1788255307660-8723
1399,2,1,1,42,241,11,5,1310,,,1,260901-2026-020,2026-09-01 00:00:00,09:54:20,47950,0,0,0,0,47950,47950,0,posted,فاتورة كاش اوفلاين - تم المزامنة,5,,2026-09-01 09:54:20,2026-09-02 19:56:57,,,2026-09-01 09:54:20,SALE-1788256119243-1909,260901-2026-020,mobile,offline,,synced,2026-09-01 09:54:20,,2,,SALE-1788291926533-3634
1400,2,1,1,42,241,18,5,873,,,1,260901-2026-021,2026-09-01 00:00:00,09:54:22,23975,0,0,0,0,23975,23975,0,posted,فاتورة كاش اوفلاين - تم المزامنة,5,,2026-09-01 09:54:22,2026-09-01 09:54:22,,,2026-09-01 09:54:22,SALE-1788256201747-7744,260901-2026-021,mobile,offline,,synced,2026-09-01 09:54:22,,3,7,SALE-1788256201747-7744
1401,2,1,1,42,241,18,5,830,,,1,260901-2026-022,2026-09-01 00:00:00,09:54:23,23975,0,0,0,0,23975,23975,0,posted,فاتورة كاش اوفلاين - تم المزامنة,5,,2026-09-01 09:54:23,2026-09-01 09:54:23,,,2026-09-01 09:54:23,SALE-1788256282475-5791,260901-2026-022,mobile,offline,,synced,2026-09-01 09:54:23,,3,7,SALE-1788256282475-5791
1402,2,1,1,42,241,18,5,913,,,1,260901-2026-023,2026-09-01 00:00:00,10:27:13,32126.5,0,0,0,0,32126.5,32126.5,0,posted,فاتورة كاش اوفلاين - تم المزامنة,5,,2026-09-01 10:27:13,2026-09-01 10:27:13,,,2026-09-01 10:27:13,SALE-1788258431465-5563,260901-2026-023,mobile,offline,,synced,2026-09-01 10:27:13,,3,7,SALE-1788258431465-5563
1403,2,1,1,42,241,18,5,829,,,1,260901-2026-025,2026-09-01 00:00:00,10:28:23,23975,0,0,0,0,23975,23975,0,posted,فاتورة كاش اوفلاين - تم المزامنة,5,,2026-09-01 10:28:23,2026-09-01 10:28:23,,,2026-09-01 10:28:23,SALE-1788258501785-9244,260901-2026-025,mobile,offline,,synced,2026-09-01 10:28:23,,3,7,SALE-1788258501785-9244
1404,2,1,1,42,241,18,5,853,,,1,260901-2026-026,2026-09-01 00:00:00,10:33:15,23975,0,0,0,0,23975,23975,0,posted,فاتورة كاش اوفلاين - تم المزامنة,5,,2026-09-01 10:33:15,2026-09-01 10:33:15,,,2026-09-01 10:33:15,SALE-1788258794255-7351,260901-2026-026,mobile,offline,,synced,2026-09-01 10:33:15,,3,7,SALE-1788258794255-7351
1405,2,1,1,42,241,18,5,895,,,1,260901-2026-027,2026-09-01 00:00:00,10:35:54,71925,0,0,0,0,71925,71925,0,posted,فاتورة كاش اوفلاين - تم المزامنة,5,,2026-09-01 10:35:54,2026-09-01 10:35:54,,,2026-09-01 10:35:54,SALE-1788258953021-6018,260901-2026-027,mobile,offline,,synced,2026-09-01 10:35:54,,3,7,SALE-1788258953021-6018
1406,2,1,1,42,241,18,5,894,,,1,260901-2026-028,2026-09-01 00:00:00,10:51:48,8151.5,0,0,0,0,8151.5,8151.5,0,posted,فاتورة كاش اوفلاين - تم المزامنة,5,,2026-09-01 10:51:48,2026-09-01 10:51:48,,,2026-09-01 10:51:48,SALE-1788259907524-7339,260901-2026-028,mobile,offline,,synced,2026-09-01 10:51:48,,3,7,SALE-1788259907524-7339
1407,2,1,1,42,241,18,5,896,,,1,260901-2026-029,2026-09-01 00:00:00,10:52:58,7192.5,0,0,0,0,7192.5,7192.5,0,posted,فاتورة كاش اوفلاين - تم المزامنة,5,,2026-09-01 10:52:58,2026-09-01 10:52:58,,,2026-09-01 10:52:58,SALE-1788259976701-198,260901-2026-029,mobile,offline,,synced,2026-09-01 10:52:58,,3,7,SALE-1788259976701-198
1408,2,1,1,42,241,18,5,949,,,1,260901-2026-030,2026-09-01 00:00:00,10:53:48,4795,0,0,0,0,4795,4795,0,posted,فاتورة كاش اوفلاين - تم المزامنة,5,,2026-09-01 10:53:48,2026-09-01 10:53:48,,,2026-09-01 10:53:48,SALE-1788260026841-1372,260901-2026-030,mobile,offline,,synced,2026-09-01 10:53:48,,3,7,SALE-1788260026841-1372
1409,2,1,1,42,241,18,5,934,,,1,260901-2026-031,2026-09-01 00:00:00,10:54:33,4795,0,0,0,0,4795,4795,0,posted,فاتورة كاش اوفلاين - تم المزامنة,5,,2026-09-01 10:54:33,2026-09-01 10:54:33,,,2026-09-01 10:54:33,SALE-1788260071945-3923,260901-2026-031,mobile,offline,,synced,2026-09-01 10:54:33,,3,7,SALE-1788260071945-3923
1410,2,1,1,42,241,18,5,823,,,1,260901-2026-032,2026-09-01 00:00:00,10:55:06,4795,0,0,0,0,4795,4795,0,posted,فاتورة كاش اوفلاين - تم المزامنة,5,,2026-09-01 10:55:06,2026-09-01 10:55:06,,,2026-09-01 10:55:06,SALE-1788260105346-5331,260901-2026-032,mobile,offline,,synced,2026-09-01 10:55:06,,3,7,SALE-1788260105346-5331
1411,2,1,1,42,241,18,5,988,,,1,260901-2026-033,2026-09-01 00:00:00,10:55:53,4795,0,0,0,0,4795,4795,0,posted,فاتورة كاش اوفلاين - تم المزامنة,5,,2026-09-01 10:55:53,2026-09-01 10:55:53,,,2026-09-01 10:55:53,SALE-1788260152656-6225,260901-2026-033,mobile,offline,,synced,2026-09-01 10:55:53,,3,7,SALE-1788260152656-6225
1412,2,1,1,42,241,18,5,842,,,1,260901-2026-034,2026-09-01 00:00:00,10:56:44,1918,0,0,0,0,1918,1918,0,posted,فاتورة كاش اوفلاين - تم المزامنة,5,,2026-09-01 10:56:44,2026-09-01 10:57:57,,,2026-09-01 10:56:44,SALE-1788260203356-3059,260901-2026-034,mobile,offline,,synced,2026-09-01 10:56:44,,3,,SALE-1788260203356-3059
1413,2,1,1,42,241,18,5,887,,,1,260901-2026-035,2026-09-01 00:00:00,10:58:53,9590,0,0,0,0,9590,9590,0,posted,فاتورة كاش اوفلاين - تم المزامنة,5,,2026-09-01 10:58:53,2026-09-01 10:58:53,,,2026-09-01 10:58:53,SALE-1788260332429-5219,260901-2026-035,mobile,offline,,synced,2026-09-01 10:58:53,,3,7,SALE-1788260332429-5219
1414,2,1,1,42,241,18,5,815,,,1,260901-2026-036,2026-09-01 00:00:00,10:59:56,7192.5,0,0,0,0,7192.5,7192.5,0,posted,فاتورة كاش اوفلاين - تم المزامنة,5,,2026-09-01 10:59:56,2026-09-01 10:59:56,,,2026-09-01 10:59:56,SALE-1788260395374-8437,260901-2026-036,mobile,offline,,synced,2026-09-01 10:59:56,,3,7,SALE-1788260395374-8437
1415,2,1,1,42,241,18,5,812,,,1,260901-2026-037,2026-09-01 00:00:00,11:00:39,4795,0,0,0,0,4795,4795,0,posted,فاتورة كاش اوفلاين - تم المزامنة,5,,2026-09-01 11:00:39,2026-09-01 11:00:39,,,2026-09-01 11:00:39,SALE-1788260438136-2755,260901-2026-037,mobile,offline,,synced,2026-09-01 11:00:39,,3,7,SALE-1788260438136-2755
1416,2,1,1,42,241,18,5,881,,,1,260901-2026-038,2026-09-01 00:00:00,11:01:27,2397.5,0,0,0,0,2397.5,2397.5,0,posted,فاتورة كاش اوفلاين - تم المزامنة,5,,2026-09-01 11:01:27,2026-09-01 11:01:27,,,2026-09-01 11:01:27,SALE-1788260486544-9665,260901-2026-038,mobile,offline,,synced,2026-09-01 11:01:27,,3,7,SALE-1788260486544-9665
1417,2,1,1,42,241,18,5,904,,,1,260901-2026-039,2026-09-01 00:00:00,11:02:49,23975,0,0,0,0,23975,23975,0,posted,فاتورة كاش اوفلاين - تم المزامنة,5,,2026-09-01 11:02:49,2026-09-01 11:02:49,,,2026-09-01 11:02:49,SALE-1788260567772-3064,260901-2026-039,mobile,offline,,synced,2026-09-01 11:02:49,,3,7,SALE-1788260567772-3064
1418,2,1,1,42,241,18,5,908,,,1,260901-2026-040,2026-09-01 00:00:00,11:05:12,3836,0,0,0,0,3836,3836,0,posted,فاتورة كاش اوفلاين - تم المزامنة,5,,2026-09-01 11:05:12,2026-09-01 11:05:12,,,2026-09-01 11:05:12,SALE-1788260711041-657,260901-2026-040,mobile,offline,,synced,2026-09-01 11:05:12,,3,7,SALE-1788260711041-657
1419,2,1,1,42,241,18,5,912,,,1,260901-2026-041,2026-09-01 00:00:00,11:06:22,23975,0,0,0,0,23975,23975,0,posted,فاتورة كاش اوفلاين - تم المزامنة,5,,2026-09-01 11:06:22,2026-09-01 11:06:22,,,2026-09-01 11:06:22,SALE-1788260782034-2474,260901-2026-041,mobile,offline,,synced,2026-09-01 11:06:22,,3,7,SALE-1788260782034-2474
1420,2,1,1,42,241,18,5,911,,,1,260901-2026-042,2026-09-01 00:00:00,11:07:51,47950,0,0,0,0,47950,47950,0,posted,فاتورة كاش اوفلاين - تم المزامنة,5,,2026-09-01 11:07:51,2026-09-01 11:07:51,,,2026-09-01 11:07:51,SALE-1788260869187-801,260901-2026-042,mobile,offline,,synced,2026-09-01 11:07:51,,3,7,SALE-1788260869187-801
1421,2,1,1,42,241,18,5,883,,,1,260901-2026-043,2026-09-01 00:00:00,11:10:15,23975,0,0,0,0,23975,23975,0,posted,فاتورة كاش اوفلاين - تم المزامنة,5,,2026-09-01 11:10:15,2026-09-01 11:10:15,,,2026-09-01 11:10:15,SALE-1788261013977-7163,260901-2026-043,mobile,offline,,synced,2026-09-01 11:10:15,,3,7,SALE-1788261013977-7163
1422,2,1,1,42,241,18,5,948,,,1,260901-2026-044,2026-09-01 00:00:00,11:12:16,4795,0,0,0,0,4795,4795,0,posted,فاتورة كاش اوفلاين - تم المزامنة,5,,2026-09-01 11:12:16,2026-09-01 11:12:16,,,2026-09-01 11:12:16,SALE-1788261135274-7411,260901-2026-044,mobile,offline,,synced,2026-09-01 11:12:16,,3,7,SALE-1788261135274-7411
1423,2,1,1,42,241,18,5,935,,,1,260901-2026-045,2026-09-01 00:00:00,11:13:39,23016,0,0,0,0,23016,23016,0,posted,فاتورة كاش اوفلاين - تم المزامنة,5,,2026-09-01 11:13:39,2026-09-01 11:13:39,,,2026-09-01 11:13:39,SALE-1788261217846-496,260901-2026-045,mobile,offline,,synced,2026-09-01 11:13:39,,3,7,SALE-1788261217846-496
1424,2,1,1,42,241,18,5,810,,,1,260901-2026-046,2026-09-01 00:00:00,11:16:21,2397.5,0,0,0,0,2397.5,2397.5,0,posted,فاتورة كاش اوفلاين - تم المزامنة,5,,2026-09-01 11:16:21,2026-09-01 11:16:21,,,2026-09-01 11:16:21,SALE-1788261380372-5872,260901-2026-046,mobile,offline,,synced,2026-09-01 11:16:21,,3,7,SALE-1788261380372-5872
1425,2,1,1,42,241,18,5,805,,,1,260901-2026-047,2026-09-01 00:00:00,11:17:23,4795,0,0,0,0,4795,4795,0,posted,فاتورة كاش اوفلاين - تم المزامنة,5,,2026-09-01 11:17:23,2026-09-01 11:17:23,,,2026-09-01 11:17:23,SALE-1788261442144-1146,260901-2026-047,mobile,offline,,synced,2026-09-01 11:17:23,,3,7,SALE-1788261442144-1146
1426,2,1,1,42,241,18,5,867,,,1,260901-2026-048,2026-09-01 00:00:00,11:18:24,4795,0,0,0,0,4795,4795,0,posted,فاتورة كاش اوفلاين - تم المزامنة,5,,2026-09-01 11:18:24,2026-09-01 11:18:24,,,2026-09-01 11:18:24,SALE-1788261503154-3133,260901-2026-048,mobile,offline,,synced,2026-09-01 11:18:24,,3,7,SALE-1788261503154-3133
1427,2,1,1,41,242,18,4,808,,,1,260901-2025-021,2026-09-01 00:00:00,11:19:39,2877,0,0,0,0,2877,2877,0,posted,فاتورة كاش اوفلاين - تم المزامنة,4,,2026-09-01 11:19:39,2026-09-01 11:19:39,,,2026-09-01 11:19:39,SALE-1788249877494-6792,260901-2025-021,mobile,offline,,synced,2026-09-01 11:19:39,,3,,SALE-1788249877494-6792
1428,2,1,1,41,242,18,4,922,,,1,260901-2025-022,2026-09-01 00:00:00,11:19:39,1918,0,0,0,0,1918,1918,0,posted,فاتورة كاش اوفلاين - تم المزامنة,4,,2026-09-01 11:19:39,2026-09-01 11:19:40,,,2026-09-01 11:19:40,SALE-1788250426864-2507,260901-2025-022,mobile,offline,,synced,2026-09-01 11:19:39,,3,,SALE-1788250426864-2507
1429,2,1,1,41,242,18,4,882,,,1,260901-2025-023,2026-09-01 00:00:00,11:19:40,2877,0,0,0,0,2877,2877,0,posted,فاتورة كاش اوفلاين - تم المزامنة,4,,2026-09-01 11:19:40,2026-09-01 11:19:40,,,2026-09-01 11:19:40,SALE-1788250715262-3169,260901-2025-023,mobile,offline,,synced,2026-09-01 11:19:40,,3,,SALE-1788250715262-3169
1430,2,1,1,41,242,18,4,940,,,1,260901-2025-025,2026-09-01 00:00:00,11:19:41,1438.5,0,0,0,0,1438.5,1438.5,0,posted,فاتورة كاش اوفلاين - تم المزامنة,4,,2026-09-01 11:19:41,2026-09-01 11:19:41,,,2026-09-01 11:19:41,SALE-1788250827143-4394,260901-2025-025,mobile,offline,,synced,2026-09-01 11:19:41,,3,,SALE-1788250827143-4394
1431,2,1,1,41,242,18,4,697,,,1,260901-2025-026,2026-09-01 00:00:00,11:19:42,9590,0,0,0,0,9590,9590,0,posted,فاتورة كاش اوفلاين - تم المزامنة,4,,2026-09-01 11:19:42,2026-09-01 11:19:42,,,2026-09-01 11:19:42,SALE-1788251340374-7914,260901-2025-026,mobile,offline,,synced,2026-09-01 11:19:42,,3,8,SALE-1788251340374-7914
1432,2,1,1,41,242,18,4,914,,,1,260901-2025-028,2026-09-01 00:00:00,11:19:43,23975,0,0,0,0,23975,23975,0,posted,فاتورة كاش اوفلاين - تم المزامنة,4,,2026-09-01 11:19:43,2026-09-01 11:19:43,,,2026-09-01 11:19:43,SALE-1788251572998-1850,260901-2025-028,mobile,offline,,synced,2026-09-01 11:19:43,,3,,SALE-1788251572998-1850
1433,2,1,1,41,242,18,4,970,,,1,260901-2025-029,2026-09-01 00:00:00,11:19:43,4795,0,0,0,0,4795,4795,0,posted,فاتورة كاش اوفلاين - تم المزامنة,4,,2026-09-01 11:19:43,2026-09-01 11:19:43,,,2026-09-01 11:19:43,SALE-1788251818115-4958,260901-2025-029,mobile,offline,,synced,2026-09-01 11:19:43,,3,,SALE-1788251818115-4958
1434,2,1,1,41,242,18,4,955,,,1,260901-2025-030,2026-09-01 00:00:00,11:19:44,29729,0,0,0,0,29729,29729,0,posted,فاتورة كاش اوفلاين - تم المزامنة,4,,2026-09-01 11:19:44,2026-09-01 11:19:44,,,2026-09-01 11:19:44,SALE-1788251945634-9764,260901-2025-030,mobile,offline,,synced,2026-09-01 11:19:44,,3,,SALE-1788251945634-9764
1435,2,1,1,41,242,18,4,987,,,1,260901-2025-032,2026-09-01 00:00:00,11:19:45,28770,0,0,0,0,28770,28770,0,posted,فاتورة كاش اوفلاين - تم المزامنة,4,,2026-09-01 11:19:45,2026-09-01 11:19:45,,,2026-09-01 11:19:45,SALE-1788252574582-2618,260901-2025-032,mobile,offline,,synced,2026-09-01 11:19:45,,3,,SALE-1788252574582-2618
1436,2,1,1,41,242,18,4,919,,,1,260901-2025-033,2026-09-01 00:00:00,11:19:46,959,0,0,0,0,959,959,0,posted,فاتورة كاش اوفلاين - تم المزامنة,4,,2026-09-01 11:19:46,2026-09-01 11:19:46,,,2026-09-01 11:19:46,SALE-1788252778293-7168,260901-2025-033,mobile,offline,,synced,2026-09-01 11:19:46,,3,,SALE-1788252778293-7168
1437,2,1,1,41,242,18,4,854,,,1,260901-2025-034,2026-09-01 00:00:00,11:19:47,4795,0,0,0,0,4795,4795,0,posted,فاتورة كاش اوفلاين - تم المزامنة,4,,2026-09-01 11:19:47,2026-09-01 11:19:47,,,2026-09-01 11:19:47,SALE-1788252875488-4249,260901-2025-034,mobile,offline,,synced,2026-09-01 11:19:47,,3,,SALE-1788252875488-4249
1438,2,1,1,41,242,18,4,957,,,1,260901-2025-035,2026-09-01 00:00:00,11:19:47,23975,0,0,0,0,23975,23975,0,posted,فاتورة كاش اوفلاين - تم المزامنة,4,,2026-09-01 11:19:47,2026-09-01 11:19:47,,,2026-09-01 11:19:47,SALE-1788252933214-2538,260901-2025-035,mobile,offline,,synced,2026-09-01 11:19:47,,3,,SALE-1788252933214-2538
1439,2,1,1,41,242,18,4,902,,,1,260901-2025-036,2026-09-01 00:00:00,11:19:48,47950,0,0,0,0,47950,47950,0,posted,فاتورة كاش اوفلاين - تم المزامنة,4,,2026-09-01 11:19:48,2026-09-01 11:19:48,,,2026-09-01 11:19:48,SALE-1788253336144-7750,260901-2025-036,mobile,offline,,synced,2026-09-01 11:19:48,,3,,SALE-1788253336144-7750
1440,2,1,1,41,242,18,4,697,,,1,260901-2025-037,2026-09-01 00:00:00,11:19:49,9590,0,0,0,0,9590,9590,0,posted,فاتورة كاش اوفلاين - تم المزامنة,4,,2026-09-01 11:19:49,2026-09-01 11:19:49,,,2026-09-01 11:19:49,SALE-1788253613745-3358,260901-2025-037,mobile,offline,,synced,2026-09-01 11:19:49,,3,8,SALE-1788253613745-3358
1441,2,1,1,41,242,18,4,889,,,1,260901-2025-038,2026-09-01 00:00:00,11:19:50,10069.5,0,0,0,0,10069.5,10069.5,0,posted,فاتورة كاش اوفلاين - تم المزامنة,4,,2026-09-01 11:19:50,2026-09-01 11:19:50,,,2026-09-01 11:19:50,SALE-1788254348433-3148,260901-2025-038,mobile,offline,,synced,2026-09-01 11:19:50,,3,,SALE-1788254348433-3148
1442,2,1,1,41,242,18,4,821,,,1,260901-2025-039,2026-09-01 00:00:00,11:19:51,11987.5,0,0,0,0,11987.5,11987.5,0,posted,فاتورة كاش اوفلاين - تم المزامنة,4,,2026-09-01 11:19:51,2026-09-01 11:19:51,,,2026-09-01 11:19:51,SALE-1788254907297-4865,260901-2025-039,mobile,offline,,synced,2026-09-01 11:19:51,,3,,SALE-1788254907297-4865
1443,2,1,1,41,242,18,4,864,,,1,260901-2025-041,2026-09-01 00:00:00,11:19:51,4795,0,0,0,0,4795,4795,0,posted,فاتورة كاش اوفلاين - تم المزامنة,4,,2026-09-01 11:19:51,2026-09-01 11:19:51,,,2026-09-01 11:19:51,SALE-1788255221306-2756,260901-2025-041,mobile,offline,,synced,2026-09-01 11:19:51,,3,,SALE-1788255221306-2756
1444,2,1,1,41,242,18,4,937,,,1,260901-2025-042,2026-09-01 00:00:00,11:19:52,7192.5,0,0,0,0,7192.5,7192.5,0,posted,فاتورة كاش اوفلاين - تم المزامنة,4,,2026-09-01 11:19:52,2026-09-01 11:19:52,,,2026-09-01 11:19:52,SALE-1788255325814-832,260901-2025-042,mobile,offline,,synced,2026-09-01 11:19:52,,3,,SALE-1788255325814-832
1445,2,1,1,41,242,18,4,960,,,1,260901-2025-043,2026-09-01 00:00:00,11:19:53,11987.5,0,0,0,0,11987.5,11987.5,0,posted,فاتورة كاش اوفلاين - تم المزامنة,4,,2026-09-01 11:19:53,2026-09-01 11:19:53,,,2026-09-01 11:19:53,SALE-1788256438834-7858,260901-2025-043,mobile,offline,,synced,2026-09-01 11:19:53,,3,,SALE-1788256438834-7858
1446,2,1,1,42,241,18,5,944,,,1,260901-2026-049,2026-09-01 00:00:00,11:20:23,9110.5,0,0,0,0,9110.5,9110.5,0,posted,فاتورة كاش اوفلاين - تم المزامنة,5,,2026-09-01 11:20:23,2026-09-01 11:20:23,,,2026-09-01 11:20:23,SALE-1788261621866-6726,260901-2026-049,mobile,offline,,synced,2026-09-01 11:20:23,,3,7,SALE-1788261621866-6726
1447,2,1,1,42,241,18,5,827,,,1,260901-2026-050,2026-09-01 00:00:00,11:21:37,47950,0,0,0,0,47950,47950,0,posted,فاتورة كاش اوفلاين - تم المزامنة,5,,2026-09-01 11:21:37,2026-09-01 11:21:37,,,2026-09-01 11:21:37,SALE-1788261696551-1302,260901-2026-050,mobile,offline,,synced,2026-09-01 11:21:37,,3,7,SALE-1788261696551-1302
1448,2,1,1,42,241,18,5,947,,,1,260901-2026-051,2026-09-01 00:00:00,11:22:33,23975,0,0,0,0,23975,23975,0,posted,فاتورة كاش اوفلاين - تم المزامنة,5,,2026-09-01 11:22:33,2026-09-01 11:22:33,,,2026-09-01 11:22:33,SALE-1788261751564-4068,260901-2026-051,mobile,offline,,synced,2026-09-01 11:22:33,,3,7,SALE-1788261751564-4068
1449,2,1,1,42,241,18,5,869,,,1,260901-2026-052,2026-09-01 00:00:00,11:23:51,4795,0,0,0,0,4795,4795,0,posted,فاتورة كاش اوفلاين - تم المزامنة,5,,2026-09-01 11:23:51,2026-09-01 11:23:51,,,2026-09-01 11:23:51,SALE-1788261829789-2083,260901-2026-052,mobile,offline,,synced,2026-09-01 11:23:51,,3,7,SALE-1788261829789-2083
1450,2,1,1,41,242,18,4,918,,,1,260901-2025-024,2026-09-01 00:00:00,11:26:12,5754,0,0,0,0,5754,5754,0,posted,فاتورة كاش اوفلاين - تم المزامنة,4,,2026-09-01 11:26:12,2026-09-01 11:26:12,,,2026-09-01 11:26:12,SALE-1788250795603-8432,260901-2025-024,mobile,offline,,synced,2026-09-01 11:26:12,,3,,SALE-1788250795603-8432
1451,2,1,1,41,242,18,4,849,,,1,260901-2025-027,2026-09-01 00:00:00,11:26:12,4795,0,0,0,0,4795,4795,0,posted,فاتورة كاش اوفلاين - تم المزامنة,4,,2026-09-01 11:26:12,2026-09-01 11:26:12,,,2026-09-01 11:26:12,SALE-1788251411559-6649,260901-2025-027,mobile,offline,,synced,2026-09-01 11:26:12,,3,,SALE-1788251411559-6649
1452,2,1,1,41,242,18,4,825,,,1,260901-2025-031,2026-09-01 00:00:00,11:26:13,47950,0,0,0,0,47950,47950,0,posted,فاتورة كاش اوفلاين - تم المزامنة,4,,2026-09-01 11:26:13,2026-09-01 11:26:13,,,2026-09-01 11:26:13,SALE-1788252298092-3700,260901-2025-031,mobile,offline,,synced,2026-09-01 11:26:13,,3,,SALE-1788252298092-3700
1453,2,1,1,41,242,18,4,946,,,1,260901-2025-040,2026-09-01 00:00:00,11:26:14,9590,0,0,0,0,9590,9590,0,posted,فاتورة كاش اوفلاين - تم المزامنة,4,,2026-09-01 11:26:14,2026-09-01 11:26:14,,,2026-09-01 11:26:14,SALE-1788255200249-8680,260901-2025-040,mobile,offline,,synced,2026-09-01 11:26:14,,3,,SALE-1788255200249-8680
1454,2,1,1,42,241,18,5,915,,,1,260901-2026-053,2026-09-01 00:00:00,11:26:56,47950,0,0,0,0,47950,47950,0,posted,فاتورة كاش اوفلاين - تم المزامنة,5,,2026-09-01 11:26:56,2026-09-01 11:26:56,,,2026-09-01 11:26:56,SALE-1788262014977-2539,260901-2026-053,mobile,offline,,synced,2026-09-01 11:26:56,,3,7,SALE-1788262014977-2539
1455,2,1,1,42,241,18,5,851,,,1,260901-2026-054,2026-09-01 00:00:00,11:27:35,9590,0,0,0,0,9590,9590,0,posted,فاتورة كاش اوفلاين - تم المزامنة,5,,2026-09-01 11:27:35,2026-09-01 11:27:35,,,2026-09-01 11:27:35,SALE-1788262053805-2482,260901-2026-054,mobile,offline,,synced,2026-09-01 11:27:35,,3,7,SALE-1788262053805-2482
1456,2,1,1,42,241,18,5,953,,,1,260901-2026-055,2026-09-01 00:00:00,11:34:10,4795,0,0,0,0,4795,4795,0,posted,فاتورة كاش اوفلاين - تم المزامنة,5,,2026-09-01 11:34:10,2026-09-01 11:34:10,,,2026-09-01 11:34:10,SALE-1788262448694-9048,260901-2026-055,mobile,offline,,synced,2026-09-01 11:34:10,,3,7,SALE-1788262448694-9048
1457,2,1,1,42,241,18,5,903,,,1,260901-2026-056,2026-09-01 00:00:00,11:35:15,9590,0,0,0,0,9590,9590,0,posted,فاتورة كاش اوفلاين - تم المزامنة,5,,2026-09-01 11:35:15,2026-09-01 11:35:15,,,2026-09-01 11:35:15,SALE-1788262514652-4320,260901-2026-056,mobile,offline,,synced,2026-09-01 11:35:15,,3,7,SALE-1788262514652-4320
1458,2,1,1,43,243,15,6,779,,,1,260901-2027-001,2026-09-01 00:00:00,11:50:32,359625,0,0,0,0,359625,359625,0,posted,فاتورة كاش اوفلاين - تم المزامنة,6,,2026-09-01 11:50:32,2026-09-02 17:31:32,,,2026-09-01 11:50:32,SALE-1788263431014-6159,260901-2027-001,mobile,offline,,synced,2026-09-01 11:50:32,,2,,SALE-1788283888136-5680
1459,2,1,1,,,,,697,,,1,SA-00004,2026-09-01 00:00:00,12:46:01,0,0,0,0,0,0,0,0,approved,Ø£Ù…Ø± Ø¨ÙŠØ¹ Ù…Ù† Ø§ØºÙ„Ø§Ù‚ Ø§Ù„Ø¥Ø°Ù† RO-00005,2,2,2026-09-01 12:46:01,2026-09-06 17:33:20,2026-09-17 17:14:07,,,,,desktop,,,synced,,,,,
1460,2,1,1,,,,,697,,,1,SA-00005,2026-09-01 00:00:00,12:46:15,0,0,0,0,0,0,0,0,approved,Ø£Ù…Ø± Ø¨ÙŠØ¹ Ù…Ù† Ø§ØºÙ„Ø§Ù‚ Ø§Ù„Ø¥Ø°Ù† RO-00004,2,2,2026-09-01 12:46:15,2026-09-06 17:33:13,2026-09-17 17:14:07,,,,,desktop,,,synced,,,,,
1461,2,1,1,,,,,697,,,1,SA-00006,2026-09-02 00:00:00,05:03:57,1166623.5,0,0,0,0,1341617.025,0,1341617.025,approved,Ø£Ù…Ø± Ø¨ÙŠØ¹ Ù…Ù† Ø§ØºÙ„Ø§Ù‚ Ø§Ù„Ø¥Ø°Ù† RO-00006,2,2,2026-09-02 05:03:57,2026-09-15 18:24:16,2026-09-17 17:14:07,,,,,desktop,,,synced,,,,,
1462,2,1,1,46,245,13,5,1151,,,1,260902-2026-001,2026-09-02 00:00:00,08:14:35,4795,0,0,0,0,4795,4795,0,posted,فاتورة كاش اوفلاين - تم المزامنة,5,,2026-09-02 08:14:35,2026-09-02 08:14:35,,,2026-09-02 08:14:35,SALE-1788336874418-8527,260902-2026-001,mobile,offline,,synced,2026-09-02 08:14:35,,2,,SALE-1788336874418-8527
1463,2,1,1,46,245,13,5,1108,,,1,260902-2026-002,2026-09-02 00:00:00,08:16:26,13905.5,0,0,0,0,13905.5,13905.5,0,posted,فاتورة كاش اوفلاين - تم المزامنة,5,,2026-09-02 08:16:26,2026-09-02 08:16:26,,,2026-09-02 08:16:26,SALE-1788336984690-5161,260902-2026-002,mobile,offline,,synced,2026-09-02 08:16:26,,2,,SALE-1788336984690-5161
1464,2,1,1,46,245,13,5,1158,,,1,260902-2026-003,2026-09-02 00:00:00,08:17:22,23975,0,0,0,0,23975,23975,0,posted,فاتورة كاش اوفلاين - تم المزامنة,5,,2026-09-02 08:17:22,2026-09-02 08:17:22,,,2026-09-02 08:17:22,SALE-1788337041518-2229,260902-2026-003,mobile,offline,,synced,2026-09-02 08:17:22,,2,,SALE-1788337041518-2229
1465,2,1,1,46,245,13,5,1160,,,1,260902-2026-004,2026-09-02 00:00:00,08:17:58,9590,0,0,0,0,9590,9590,0,posted,فاتورة كاش اوفلاين - تم المزامنة,5,,2026-09-02 08:17:58,2026-09-02 08:17:59,,,2026-09-02 08:17:59,SALE-1788337077254-7208,260902-2026-004,mobile,offline,,synced,2026-09-02 08:17:58,,2,,SALE-1788337077254-7208
1466,2,1,1,46,245,13,5,1120,,,1,260902-2026-005,2026-09-02 00:00:00,08:18:33,2397.5,0,0,0,0,2397.5,2397.5,0,posted,فاتورة كاش اوفلاين - تم المزامنة,5,,2026-09-02 08:18:33,2026-09-02 08:18:33,,,2026-09-02 08:18:33,SALE-1788337112253-2314,260902-2026-005,mobile,offline,,synced,2026-09-02 08:18:33,,2,,SALE-1788337112253-2314
1467,2,1,1,46,245,13,5,1165,,,1,260902-2026-006,2026-09-02 00:00:00,08:19:07,4795,0,0,0,0,4795,4795,0,posted,فاتورة كاش اوفلاين - تم المزامنة,5,,2026-09-02 08:19:07,2026-09-02 08:19:07,,,2026-09-02 08:19:07,SALE-1788337146242-5780,260902-2026-006,mobile,offline,,synced,2026-09-02 08:19:07,,2,,SALE-1788337146242-5780
1468,2,1,1,46,245,13,5,1144,,,1,260902-2026-007,2026-09-02 00:00:00,08:19:55,23975,0,0,0,0,23975,23975,0,posted,فاتورة كاش اوفلاين - تم المزامنة,5,,2026-09-02 08:19:55,2026-09-02 08:19:55,,,2026-09-02 08:19:55,SALE-1788337193687-3125,260902-2026-007,mobile,offline,,synced,2026-09-02 08:19:55,,2,,SALE-1788337193687-3125
1469,2,1,1,46,245,13,5,1105,,,1,260902-2026-008,2026-09-02 00:00:00,08:20:28,7192.5,0,0,0,0,7192.5,7192.5,0,posted,فاتورة كاش اوفلاين - تم المزامنة,5,,2026-09-02 08:20:28,2026-09-02 08:20:28,,,2026-09-02 08:20:28,SALE-1788337227015-9166,260902-2026-008,mobile,offline,,synced,2026-09-02 08:20:28,,2,,SALE-1788337227015-9166
1470,2,1,1,46,245,13,5,1128,,,1,260902-2026-009,2026-09-02 00:00:00,08:20:57,4795,0,0,0,0,4795,4795,0,posted,فاتورة كاش اوفلاين - تم المزامنة,5,,2026-09-02 08:20:57,2026-09-02 08:20:57,,,2026-09-02 08:20:57,SALE-1788337256920-4003,260902-2026-009,mobile,offline,,synced,2026-09-02 08:20:57,,2,,SALE-1788337256920-4003
1471,2,1,1,46,245,13,5,1141,,,1,260902-2026-010,2026-09-02 00:00:00,08:21:36,9590,0,0,0,0,9590,9590,0,posted,فاتورة كاش اوفلاين - تم المزامنة,5,,2026-09-02 08:21:36,2026-09-02 08:21:36,,,2026-09-02 08:21:36,SALE-1788337294427-505,260902-2026-010,mobile,offline,,synced,2026-09-02 08:21:36,,2,,SALE-1788337294427-505
1472,2,1,1,46,245,13,5,1107,,,1,260902-2026-011,2026-09-02 00:00:00,08:22:11,9590,0,0,0,0,9590,9590,0,posted,فاتورة كاش اوفلاين - تم المزامنة,5,,2026-09-02 08:22:11,2026-09-02 08:22:11,,,2026-09-02 08:22:11,SALE-1788337329714-7184,260902-2026-011,mobile,offline,,synced,2026-09-02 08:22:11,,2,,SALE-1788337329714-7184
1473,2,1,1,46,245,13,5,1117,,,1,260902-2026-012,2026-09-02 00:00:00,08:22:46,14385,0,0,0,0,14385,14385,0,posted,فاتورة كاش اوفلاين - تم المزامنة,5,,2026-09-02 08:22:46,2026-09-02 08:22:46,,,2026-09-02 08:22:46,SALE-1788337364669-678,260902-2026-012,mobile,offline,,synced,2026-09-02 08:22:46,,2,,SALE-1788337364669-678
1474,2,1,1,46,245,13,5,1146,,,1,260902-2026-013,2026-09-02 00:00:00,08:23:16,23975,0,0,0,0,23975,23975,0,posted,فاتورة كاش اوفلاين - تم المزامنة,5,,2026-09-02 08:23:16,2026-09-02 08:23:16,,,2026-09-02 08:23:16,SALE-1788337395618-8814,260902-2026-013,mobile,offline,,synced,2026-09-02 08:23:16,,2,,SALE-1788337395618-8814
1475,2,1,1,46,245,13,5,1149,,,1,260902-2026-014,2026-09-02 00:00:00,08:24:22,5754,0,0,0,0,5754,5754,0,posted,فاتورة كاش اوفلاين - تم المزامنة,5,,2026-09-02 08:24:22,2026-09-02 08:24:23,,,2026-09-02 08:24:23,SALE-1788337461688-5669,260902-2026-014,mobile,offline,,synced,2026-09-02 08:24:22,,2,,SALE-1788337461688-5669
1476,2,1,1,46,245,13,5,1125,,,1,260902-2026-015,2026-09-02 00:00:00,08:24:57,4795,0,0,0,0,4795,4795,0,posted,فاتورة كاش اوفلاين - تم المزامنة,5,,2026-09-02 08:24:57,2026-09-02 08:24:57,,,2026-09-02 08:24:57,SALE-1788337496094-8738,260902-2026-015,mobile,offline,,synced,2026-09-02 08:24:57,,2,,SALE-1788337496094-8738
1477,2,1,1,46,245,13,5,1121,,,1,260902-2026-016,2026-09-02 00:00:00,08:29:15,11987.5,0,0,0,0,11987.5,11987.5,0,posted,فاتورة كاش اوفلاين - تم المزامنة,5,,2026-09-02 08:29:15,2026-09-02 08:29:15,,,2026-09-02 08:29:15,SALE-1788337754703-577,260902-2026-016,mobile,offline,,synced,2026-09-02 08:29:15,,2,,SALE-1788337754703-577
1478,2,1,1,46,245,13,5,1111,,,1,260902-2026-017,2026-09-02 00:00:00,08:39:10,23975,0,0,0,0,23975,23975,0,posted,فاتورة كاش اوفلاين - تم المزامنة,5,,2026-09-02 08:39:10,2026-09-02 08:39:10,,,2026-09-02 08:39:10,SALE-1788338349336-3089,260902-2026-017,mobile,offline,,synced,2026-09-02 08:39:10,,2,,SALE-1788338349336-3089
1479,2,1,1,46,245,13,5,1135,,,1,260902-2026-018,2026-09-02 00:00:00,08:40:34,11987.5,0,0,0,0,11987.5,11987.5,0,posted,فاتورة كاش اوفلاين - تم المزامنة,5,,2026-09-02 08:40:34,2026-09-02 08:40:34,,,2026-09-02 08:40:34,SALE-1788338432968-2440,260902-2026-018,mobile,offline,,synced,2026-09-02 08:40:34,,2,,SALE-1788338432968-2440
1480,2,1,1,46,245,13,5,1148,,,1,260902-2026-019,2026-09-02 00:00:00,08:45:50,19180,0,0,0,0,19180,19180,0,posted,فاتورة كاش اوفلاين - تم المزامنة,5,,2026-09-02 08:45:50,2026-09-02 08:45:50,,,2026-09-02 08:45:50,SALE-1788338749694-4639,260902-2026-019,mobile,offline,,synced,2026-09-02 08:45:50,,2,,SALE-1788338749694-4639
1481,2,1,1,46,245,13,5,1155,,,1,260902-2026-020,2026-09-02 00:00:00,08:58:10,119875,0,0,0,0,119875,119875,0,posted,فاتورة كاش اوفلاين - تم المزامنة,5,,2026-09-02 08:58:10,2026-09-02 08:58:10,,,2026-09-02 08:58:10,SALE-1788339489646-5152,260902-2026-020,mobile,offline,,synced,2026-09-02 08:58:10,,2,,SALE-1788339489646-5152
1482,2,1,1,46,245,13,5,1152,,,1,260902-2026-021,2026-09-02 00:00:00,09:16:16,95900,0,0,0,0,95900,95900,0,posted,فاتورة كاش اوفلاين - تم المزامنة,5,,2026-09-02 09:16:16,2026-09-02 09:16:16,,,2026-09-02 09:16:16,SALE-1788340574512-6535,260902-2026-021,mobile,offline,,synced,2026-09-02 09:16:16,,2,,SALE-1788340574512-6535
1483,2,1,1,45,246,17,4,716,,,1,260902-2025-016,2026-09-02 00:00:00,09:18:57,4795,0,0,0,0,4795,4795,0,posted,فاتورة كاش اوفلاين - تم المزامنة,4,,2026-09-02 09:18:57,2026-09-02 09:18:57,,,2026-09-02 09:18:57,SALE-1788336024527-3228,260902-2025-016,mobile,offline,,synced,2026-09-02 09:18:57,,3,,SALE-1788336024527-3228
1484,2,1,1,45,246,17,4,747,,,1,260902-2025-017,2026-09-02 00:00:00,09:18:58,23975,0,0,0,0,23975,23975,0,posted,فاتورة كاش اوفلاين - تم المزامنة,4,,2026-09-02 09:18:58,2026-09-02 09:18:58,,,2026-09-02 09:18:58,SALE-1788336225126-4727,260902-2025-017,mobile,offline,,synced,2026-09-02 09:18:58,,3,,SALE-1788336225126-4727
1485,2,1,1,45,246,17,4,741,,,1,260902-2025-018,2026-09-02 00:00:00,09:18:59,131862.5,0,0,0,0,131862.5,131862.5,0,posted,فاتورة كاش اوفلاين - تم المزامنة,4,,2026-09-02 09:18:59,2026-09-02 09:18:59,,,2026-09-02 09:18:59,SALE-1788336440800-7656,260902-2025-018,mobile,offline,,synced,2026-09-02 09:18:59,,3,,SALE-1788336440800-7656
1486,2,1,1,45,246,17,4,718,,,1,260902-2025-019,2026-09-02 00:00:00,09:19:00,23975,0,0,0,0,23975,23975,0,posted,فاتورة كاش اوفلاين - تم المزامنة,4,,2026-09-02 09:19:00,2026-09-02 09:19:00,,,2026-09-02 09:19:00,SALE-1788337322736-8724,260902-2025-019,mobile,offline,,synced,2026-09-02 09:19:00,,3,,SALE-1788337322736-8724
1487,2,1,1,45,246,17,4,701,,,1,260902-2025-020,2026-09-02 00:00:00,09:19:00,9590,0,0,0,0,9590,9590,0,posted,فاتورة كاش اوفلاين - تم المزامنة,4,,2026-09-02 09:19:00,2026-09-02 09:19:00,,,2026-09-02 09:19:00,SALE-1788337856633-1329,260902-2025-020,mobile,offline,,synced,2026-09-02 09:19:00,,3,,SALE-1788337856633-1329
1488,2,1,1,45,246,17,4,763,,,1,260902-2025-021,2026-09-02 00:00:00,09:19:01,23975,0,0,0,0,23975,23975,0,posted,فاتورة كاش اوفلاين - تم المزامنة,4,,2026-09-02 09:19:01,2026-09-02 09:19:01,,,2026-09-02 09:19:01,SALE-1788338343051-8407,260902-2025-021,mobile,offline,,synced,2026-09-02 09:19:01,,3,,SALE-1788338343051-8407
1489,2,1,1,45,246,17,4,770,,,1,260902-2025-023,2026-09-02 00:00:00,09:19:02,21098,0,0,0,0,21098,21098,0,posted,فاتورة كاش اوفلاين - تم المزامنة,4,,2026-09-02 09:19:02,2026-09-02 09:19:02,,,2026-09-02 09:19:02,SALE-1788338697291-9812,260902-2025-023,mobile,offline,,synced,2026-09-02 09:19:02,,3,,SALE-1788338697291-9812
1490,2,1,1,45,246,17,4,713,,,1,260902-2025-024,2026-09-02 00:00:00,09:19:03,14385,0,0,0,0,14385,14385,0,posted,فاتورة كاش اوفلاين - تم المزامنة,4,,2026-09-02 09:19:03,2026-09-02 09:19:03,,,2026-09-02 09:19:03,SALE-1788338749689-2725,260902-2025-024,mobile,offline,,synced,2026-09-02 09:19:03,,3,,SALE-1788338749689-2725
1491,2,1,1,45,246,17,4,697,,,1,260902-2025-025,2026-09-02 00:00:00,09:19:05,4795,0,0,0,0,4795,4795,0,posted,فاتورة كاش اوفلاين - تم المزامنة,4,,2026-09-02 09:19:05,2026-09-02 09:19:05,,,2026-09-02 09:19:05,SALE-1788338863041-5221,260902-2025-025,mobile,offline,,synced,2026-09-02 09:19:05,,3,8,SALE-1788338863041-5221
1492,2,1,1,45,246,17,4,762,,,1,260902-2025-027,2026-09-02 00:00:00,09:19:05,95900,0,0,0,0,95900,95900,0,posted,فاتورة كاش اوفلاين - تم المزامنة,4,,2026-09-02 09:19:05,2026-09-02 09:19:06,,,2026-09-02 09:19:06,SALE-1788339348322-79,260902-2025-027,mobile,offline,,synced,2026-09-02 09:19:05,,3,,SALE-1788339348322-79
1493,2,1,1,45,246,17,4,746,,,1,260902-2025-028,2026-09-02 00:00:00,09:19:06,16782.5,0,0,0,0,16782.5,16782.5,0,posted,فاتورة كاش اوفلاين - تم المزامنة,4,,2026-09-02 09:19:06,2026-09-02 09:19:06,,,2026-09-02 09:19:06,SALE-1788339816674-5155,260902-2025-028,mobile,offline,,synced,2026-09-02 09:19:06,,3,,SALE-1788339816674-5155
1494,2,1,1,45,246,17,4,733,,,1,260902-2025-029,2026-09-02 00:00:00,09:19:07,7192.5,0,0,0,0,7192.5,7192.5,0,posted,فاتورة كاش اوفلاين - تم المزامنة,4,,2026-09-02 09:19:07,2026-09-02 09:19:07,,,2026-09-02 09:19:07,SALE-1788339839655-1153,260902-2025-029,mobile,offline,,synced,2026-09-02 09:19:07,,3,,SALE-1788339839655-1153
1495,2,1,1,,,17,4,744,,,1,260902-2025-030,2026-09-02 00:00:00,09:19:08,7192.5,0,0,0,0,7192.5,7192.5,0,posted,فاتورة كاش اوفلاين - تم المزامنة,4,,2026-09-02 09:19:08,2026-09-02 09:19:08,,,2026-09-02 09:19:08,SALE-1788339873972-5275,260902-2025-030,mobile,offline,,synced,2026-09-02 09:19:08,,3,,SALE-1788339873972-5275
1496,2,1,1,45,246,17,4,776,,,1,260902-2025-032,2026-09-02 00:00:00,09:19:09,23975,0,0,0,0,23975,23975,0,posted,فاتورة كاش اوفلاين - تم المزامنة,4,,2026-09-02 09:19:09,2026-09-02 09:19:09,,,2026-09-02 09:19:09,SALE-1788339976038-9305,260902-2025-032,mobile,offline,,synced,2026-09-02 09:19:09,,3,,SALE-1788339976038-9305
1497,2,1,1,45,246,17,4,742,,,1,260902-2025-033,2026-09-02 00:00:00,09:19:10,23975,0,0,0,0,23975,23975,0,posted,فاتورة كاش اوفلاين - تم المزامنة,4,,2026-09-02 09:19:10,2026-09-02 09:19:10,,,2026-09-02 09:19:10,SALE-1788340078971-4636,260902-2025-033,mobile,offline,,synced,2026-09-02 09:19:10,,3,,SALE-1788340078971-4636
1498,2,1,1,45,246,17,4,748,,,1,260902-2025-034,2026-09-02 00:00:00,09:19:11,14385,0,0,0,0,14385,14385,0,posted,فاتورة كاش اوفلاين - تم المزامنة,4,,2026-09-02 09:19:11,2026-09-02 09:19:11,,,2026-09-02 09:19:11,SALE-1788340638538-9849,260902-2025-034,mobile,offline,,synced,2026-09-02 09:19:11,,3,,SALE-1788340638538-9849
1499,2,1,1,45,246,17,4,722,,,1,260902-2025-001,2026-09-02 00:00:00,09:20:29,23975,0,0,0,0,23975,23975,0,posted,فاتورة كاش اوفلاين - تم المزامنة,4,,2026-09-02 09:20:29,2026-09-02 09:20:29,,,2026-09-02 09:20:29,SALE-1788333715070-3029,260902-2025-001,mobile,offline,,synced,2026-09-02 09:20:29,,3,,SALE-1788333715070-3029
1500,2,1,1,45,246,17,4,710,,,1,260902-2025-002,2026-09-02 00:00:00,09:20:31,2397.5,0,0,0,0,2397.5,2397.5,0,posted,فاتورة كاش اوفلاين - تم المزامنة,4,,2026-09-02 09:20:31,2026-09-02 09:20:31,,,2026-09-02 09:20:31,SALE-1788333764378-8433,260902-2025-002,mobile,offline,,synced,2026-09-02 09:20:31,,3,,SALE-1788333764378-8433
1501,2,1,1,45,246,17,4,766,,,1,260902-2025-003,2026-09-02 00:00:00,09:20:32,7192.5,0,0,0,0,7192.5,7192.5,0,posted,فاتورة كاش اوفلاين - تم المزامنة,4,,2026-09-02 09:20:32,2026-09-02 09:20:32,,,2026-09-02 09:20:32,SALE-1788334141425-5886,260902-2025-003,mobile,offline,,synced,2026-09-02 09:20:32,,3,,SALE-1788334141425-5886
1502,2,1,1,45,246,17,4,768,,,1,260902-2025-004,2026-09-02 00:00:00,09:20:33,9590,0,0,0,0,9590,9590,0,posted,فاتورة كاش اوفلاين - تم المزامنة,4,,2026-09-02 09:20:33,2026-09-02 09:20:33,,,2026-09-02 09:20:33,SALE-1788334168772-1071,260902-2025-004,mobile,offline,,synced,2026-09-02 09:20:33,,3,,SALE-1788334168772-1071
1503,2,1,1,45,246,17,4,714,,,1,260902-2025-005,2026-09-02 00:00:00,09:20:34,9590,0,0,0,0,9590,9590,0,posted,فاتورة كاش اوفلاين - تم المزامنة,4,,2026-09-02 09:20:34,2026-09-02 09:20:34,,,2026-09-02 09:20:34,SALE-1788334308044-5282,260902-2025-005,mobile,offline,,synced,2026-09-02 09:20:34,,3,,SALE-1788334308044-5282
1504,2,1,1,45,246,17,4,743,,,1,260902-2025-006,2026-09-02 00:00:00,09:20:34,4795,0,0,0,0,4795,4795,0,posted,فاتورة كاش اوفلاين - تم المزامنة,4,,2026-09-02 09:20:34,2026-09-02 09:20:34,,,2026-09-02 09:20:34,SALE-1788334330370-630,260902-2025-006,mobile,offline,,synced,2026-09-02 09:20:34,,3,,SALE-1788334330370-630
1505,2,1,1,45,246,17,4,725,,,1,260902-2025-007,2026-09-02 00:00:00,09:20:35,7192.5,0,0,0,0,7192.5,7192.5,0,posted,فاتورة كاش اوفلاين - تم المزامنة,4,,2026-09-02 09:20:35,2026-09-02 09:20:35,,,2026-09-02 09:20:35,SALE-1788334364906-7872,260902-2025-007,mobile,offline,,synced,2026-09-02 09:20:35,,3,,SALE-1788334364906-7872
1506,2,1,1,45,246,17,4,736,,,1,260902-2025-008,2026-09-02 00:00:00,09:20:36,1918,0,0,0,0,1918,1918,0,posted,فاتورة كاش اوفلاين - تم المزامنة,4,,2026-09-02 09:20:36,2026-09-02 09:20:36,,,2026-09-02 09:20:36,SALE-1788334381857-5694,260902-2025-008,mobile,offline,,synced,2026-09-02 09:20:36,,3,,SALE-1788334381857-5694
1507,2,1,1,45,246,17,4,769,,,1,260902-2025-009,2026-09-02 00:00:00,09:20:37,23975,0,0,0,0,23975,23975,0,posted,فاتورة كاش اوفلاين - تم المزامنة,4,,2026-09-02 09:20:37,2026-09-02 09:20:37,,,2026-09-02 09:20:37,SALE-1788334429739-6011,260902-2025-009,mobile,offline,,synced,2026-09-02 09:20:37,,3,,SALE-1788334429739-6011
1508,2,1,1,45,246,17,4,699,,,1,260902-2025-010,2026-09-02 00:00:00,09:20:38,23975,0,0,0,0,23975,23975,0,posted,فاتورة كاش اوفلاين - تم المزامنة,4,,2026-09-02 09:20:38,2026-09-02 09:20:38,,,2026-09-02 09:20:38,SALE-1788334466173-9857,260902-2025-010,mobile,offline,,synced,2026-09-02 09:20:38,,3,,SALE-1788334466173-9857
1509,2,1,1,45,246,17,4,773,,,1,260902-2025-012,2026-09-02 00:00:00,09:20:39,4795,0,0,0,0,4795,4795,0,posted,فاتورة كاش اوفلاين - تم المزامنة,4,,2026-09-02 09:20:39,2026-09-02 09:20:39,,,2026-09-02 09:20:39,SALE-1788334733300-9382,260902-2025-012,mobile,offline,,synced,2026-09-02 09:20:39,,3,,SALE-1788334733300-9382
1510,2,1,1,,,17,4,700,,,1,260902-2025-011,2026-09-02 00:00:00,09:20:40,38360,0,0,0,0,38360,38360,0,posted,فاتورة كاش اوفلاين - تم المزامنة,4,,2026-09-02 09:20:40,2026-09-02 09:20:40,,,2026-09-02 09:20:40,SALE-1788334503970-9718,260902-2025-011,mobile,offline,,synced,2026-09-02 09:20:40,,3,,SALE-1788334503970-9718
1511,2,1,1,45,246,17,4,724,,,1,260902-2025-014,2026-09-02 00:00:00,09:20:40,23975,0,0,0,0,23975,23975,0,posted,فاتورة كاش اوفلاين - تم المزامنة,4,,2026-09-02 09:20:40,2026-09-02 09:20:40,,,2026-09-02 09:20:40,SALE-1788335611916-9500,260902-2025-014,mobile,offline,,synced,2026-09-02 09:20:40,,3,,SALE-1788335611916-9500
1512,2,1,1,45,246,17,4,734,,,1,260902-2025-015,2026-09-02 00:00:00,09:20:41,47950,0,0,0,0,47950,47950,0,posted,فاتورة كاش اوفلاين - تم المزامنة,4,,2026-09-02 09:20:41,2026-09-02 09:20:41,,,2026-09-02 09:20:41,SALE-1788335815616-4773,260902-2025-015,mobile,offline,,synced,2026-09-02 09:20:41,,3,,SALE-1788335815616-4773
1513,2,1,1,45,246,17,4,738,,,1,260902-2025-022,2026-09-02 00:00:00,09:20:42,4795,0,0,0,0,4795,4795,0,posted,فاتورة كاش اوفلاين - تم المزامنة,4,,2026-09-02 09:20:42,2026-09-02 09:20:42,,,2026-09-02 09:20:42,SALE-1788338401681-3504,260902-2025-022,mobile,offline,,synced,2026-09-02 09:20:42,,3,,SALE-1788338401681-3504
1514,2,1,1,45,246,17,4,764,,,1,260902-2025-026,2026-09-02 00:00:00,09:20:43,47950,0,0,0,0,47950,47950,0,posted,فاتورة كاش اوفلاين - تم المزامنة,4,,2026-09-02 09:20:43,2026-09-02 09:20:43,,,2026-09-02 09:20:43,SALE-1788339114619-6939,260902-2025-026,mobile,offline,,synced,2026-09-02 09:20:43,,3,,SALE-1788339114619-6939
1515,2,1,1,45,246,17,4,730,,,1,260902-2025-031,2026-09-02 00:00:00,09:20:44,3836,0,0,0,0,3836,3836,0,posted,فاتورة كاش اوفلاين - تم المزامنة,4,,2026-09-02 09:20:44,2026-09-02 09:20:44,,,2026-09-02 09:20:44,SALE-1788339933533-634,260902-2025-031,mobile,offline,,synced,2026-09-02 09:20:44,,3,,SALE-1788339933533-634
1516,2,1,1,45,246,17,4,705,,,1,260902-2025-035,2026-09-02 00:00:00,09:20:45,14385,0,0,0,0,14385,14385,0,posted,فاتورة كاش اوفلاين - تم المزامنة,4,,2026-09-02 09:20:45,2026-09-02 09:20:45,,,2026-09-02 09:20:45,SALE-1788340828313-7091,260902-2025-035,mobile,offline,,synced,2026-09-02 09:20:45,,3,,SALE-1788340828313-7091
1517,2,1,1,45,246,17,4,731,,,1,260902-2025-013,2026-09-02 00:00:00,09:21:30,7192.5,0,0,0,0,7192.5,7192.5,0,posted,فاتورة كاش اوفلاين - تم المزامنة,4,,2026-09-02 09:21:30,2026-09-02 09:21:30,,,2026-09-02 09:21:30,SALE-1788334995707-4083,260902-2025-013,mobile,offline,,synced,2026-09-02 09:21:30,,3,,SALE-1788334995707-4083
1518,2,1,1,45,246,17,4,760,,,1,260902-2025-036,2026-09-02 00:00:00,09:21:31,136657.5,0,0,0,0,136657.5,136657.5,0,posted,فاتورة كاش اوفلاين - تم المزامنة,4,,2026-09-02 09:21:31,2026-09-02 09:21:31,,,2026-09-02 09:21:31,SALE-1788340889880-8794,260902-2025-036,mobile,offline,,synced,2026-09-02 09:21:31,,3,,SALE-1788340889880-8794
1519,2,1,1,46,245,13,5,1110,,,1,260902-2026-022,2026-09-02 00:00:00,09:23:14,4795,0,0,0,0,4795,4795,0,posted,فاتورة كاش اوفلاين - تم المزامنة,5,,2026-09-02 09:23:14,2026-09-02 09:23:14,,,2026-09-02 09:23:14,SALE-1788340993810-3021,260902-2026-022,mobile,offline,,synced,2026-09-02 09:23:14,,2,,SALE-1788340993810-3021
1520,2,1,1,46,245,13,5,1153,,,1,260902-2026-023,2026-09-02 00:00:00,09:25:24,4795,0,0,0,0,4795,4795,0,posted,فاتورة كاش اوفلاين - تم المزامنة,5,,2026-09-02 09:25:24,2026-09-02 09:25:24,,,2026-09-02 09:25:24,SALE-1788341123212-939,260902-2026-023,mobile,offline,,synced,2026-09-02 09:25:24,,2,,SALE-1788341123212-939
1521,2,1,1,46,245,13,5,1137,,,1,260902-2026-024,2026-09-02 00:00:00,09:26:42,4795,0,0,0,0,4795,4795,0,posted,فاتورة كاش اوفلاين - تم المزامنة,5,,2026-09-02 09:26:42,2026-09-02 09:26:42,,,2026-09-02 09:26:42,SALE-1788341201334-2188,260902-2026-024,mobile,offline,,synced,2026-09-02 09:26:42,,2,,SALE-1788341201334-2188
1522,2,1,1,45,246,17,4,761,,,1,260902-2025-037,2026-09-02 00:00:00,09:27:20,3836,0,0,0,0,3836,3836,0,posted,فاتورة كاش اوفلاين - تم المزامنة,4,,2026-09-02 09:27:20,2026-09-02 09:27:20,,,2026-09-02 09:27:20,SALE-1788341239727-1409,260902-2025-037,mobile,offline,,synced,2026-09-02 09:27:20,,3,,SALE-1788341239727-1409
1523,2,1,1,45,246,17,4,749,,,1,260902-2025-038,2026-09-02 00:00:00,09:27:34,3356.5,0,0,0,0,3356.5,3356.5,0,posted,فاتورة كاش اوفلاين - تم المزامنة,4,,2026-09-02 09:27:34,2026-09-02 09:27:34,,,2026-09-02 09:27:34,SALE-1788341253751-1432,260902-2025-038,mobile,offline,,synced,2026-09-02 09:27:34,,3,,SALE-1788341253751-1432
1524,2,1,1,45,246,17,4,756,,,1,260902-2025-039,2026-09-02 00:00:00,09:29:21,9590,0,0,0,0,9590,9590,0,posted,فاتورة كاش اوفلاين - تم المزامنة,4,,2026-09-02 09:29:21,2026-09-02 09:29:21,,,2026-09-02 09:29:21,SALE-1788341360478-4646,260902-2025-039,mobile,offline,,synced,2026-09-02 09:29:21,,3,,SALE-1788341360478-4646
1525,2,1,1,45,246,17,4,720,,,1,260902-2025-040,2026-09-02 00:00:00,09:33:29,119875,0,0,0,0,119875,119875,0,posted,فاتورة كاش اوفلاين - تم المزامنة,4,,2026-09-02 09:33:29,2026-09-02 09:33:29,,,2026-09-02 09:33:29,SALE-1788341608328-3342,260902-2025-040,mobile,offline,,synced,2026-09-02 09:33:29,,3,,SALE-1788341608328-3342
1526,2,1,1,45,246,17,4,740,,,1,260902-2025-041,2026-09-02 00:00:00,09:35:27,23975,0,0,0,0,23975,23975,0,posted,فاتورة كاش اوفلاين - تم المزامنة,4,,2026-09-02 09:35:27,2026-09-02 09:35:27,,,2026-09-02 09:35:27,SALE-1788341726741-6272,260902-2025-041,mobile,offline,,synced,2026-09-02 09:35:27,,3,,SALE-1788341726741-6272
1527,2,1,1,45,246,17,4,717,,,1,260902-2025-042,2026-09-02 00:00:00,09:38:27,95900,0,0,0,0,95900,95900,0,posted,فاتورة كاش اوفلاين - تم المزامنة,4,,2026-09-02 09:38:27,2026-09-02 09:38:27,,,2026-09-02 09:38:27,SALE-1788341906568-2684,260902-2025-042,mobile,offline,,synced,2026-09-02 09:38:27,,3,,SALE-1788341906568-2684
1528,2,1,1,45,246,17,4,757,,,1,260902-2025-043,2026-09-02 00:00:00,09:40:22,24934,0,0,0,0,24934,24934,0,posted,فاتورة كاش اوفلاين - تم المزامنة,4,,2026-09-02 09:40:22,2026-09-02 09:40:22,,,2026-09-02 09:40:22,SALE-1788342020913-3689,260902-2025-043,mobile,offline,,synced,2026-09-02 09:40:22,,3,,SALE-1788342020913-3689
1529,2,1,1,45,246,18,4,803,,,1,260902-2025-044,2026-09-02 00:00:00,09:41:28,16782.5,0,0,0,0,16782.5,16782.5,0,posted,فاتورة كاش اوفلاين - تم المزامنة,4,,2026-09-02 09:41:28,2026-09-02 09:41:28,,,2026-09-02 09:41:28,SALE-1788342087272-4753,260902-2025-044,mobile,offline,,synced,2026-09-02 09:41:28,,3,,SALE-1788342087272-4753
1530,2,1,1,45,246,17,4,715,,,1,260902-2025-045,2026-09-02 00:00:00,09:49:20,9590,0,0,0,0,9590,9590,0,posted,فاتورة كاش اوفلاين - تم المزامنة,4,,2026-09-02 09:49:20,2026-09-02 09:49:21,,,2026-09-02 09:49:21,SALE-1788342532209-90,260902-2025-045,mobile,offline,,synced,2026-09-02 09:49:20,,3,,SALE-1788342532209-90
1531,2,1,1,45,246,17,4,752,,,1,260902-2025-046,2026-09-02 00:00:00,09:50:40,7192.5,0,0,0,0,7192.5,7192.5,0,posted,فاتورة كاش اوفلاين - تم المزامنة,4,,2026-09-02 09:50:40,2026-09-02 09:50:40,,,2026-09-02 09:50:40,SALE-1788342639329-3412,260902-2025-046,mobile,offline,,synced,2026-09-02 09:50:40,,3,,SALE-1788342639329-3412
1532,2,1,1,45,246,17,4,739,,,1,260902-2025-047,2026-09-02 00:00:00,09:52:08,4795,0,0,0,0,4795,4795,0,posted,فاتورة كاش اوفلاين - تم المزامنة,4,,2026-09-02 09:52:08,2026-09-02 09:52:08,,,2026-09-02 09:52:08,SALE-1788342727288-368,260902-2025-047,mobile,offline,,synced,2026-09-02 09:52:08,,3,,SALE-1788342727288-368
1533,2,1,1,45,246,17,4,706,,,1,260902-2025-048,2026-09-02 00:00:00,09:56:06,4795,0,0,0,0,4795,4795,0,posted,فاتورة كاش اوفلاين - تم المزامنة,4,,2026-09-02 09:56:06,2026-09-02 09:56:06,,,2026-09-02 09:56:06,SALE-1788342964939-4539,260902-2025-048,mobile,offline,,synced,2026-09-02 09:56:06,,3,,SALE-1788342964939-4539
1534,2,1,1,45,246,9,4,1240,,,1,260902-2025-049,2026-09-02 00:00:00,11:08:37,239750,0,0,0,0,239750,239750,0,posted,فاتورة كاش اوفلاين - تم المزامنة,4,,2026-09-02 11:08:37,2026-09-02 11:08:37,,,2026-09-02 11:08:37,SALE-1788347306125-673,260902-2025-049,mobile,offline,,synced,2026-09-02 11:08:37,,1,,SALE-1788347306125-673
1535,2,1,1,46,245,13,5,1134,,,1,260902-2026-025,2026-09-02 00:00:00,11:50:45,11987.5,0,0,0,0,11987.5,11987.5,0,posted,فاتورة كاش اوفلاين - تم المزامنة,5,,2026-09-02 11:50:45,2026-09-02 11:50:45,,,2026-09-02 11:50:45,SALE-1788341314908-8970,260902-2026-025,mobile,offline,,synced,2026-09-02 11:50:45,,2,,SALE-1788341314908-8970
1536,2,1,1,46,245,13,5,1109,,,1,260902-2026-026,2026-09-02 00:00:00,11:50:46,3356.5,0,0,0,0,3356.5,3356.5,0,posted,فاتورة كاش اوفلاين - تم المزامنة,5,,2026-09-02 11:50:46,2026-09-02 11:50:46,,,2026-09-02 11:50:46,SALE-1788341437689-2062,260902-2026-026,mobile,offline,,synced,2026-09-02 11:50:46,,2,,SALE-1788341437689-2062
1537,2,1,1,46,245,13,5,1127,,,1,260902-2026-027,2026-09-02 00:00:00,11:50:47,6713,0,0,0,0,6713,6713,0,posted,فاتورة كاش اوفلاين - تم المزامنة,5,,2026-09-02 11:50:47,2026-09-02 11:50:47,,,2026-09-02 11:50:47,SALE-1788341625949-2638,260902-2026-027,mobile,offline,,synced,2026-09-02 11:50:47,,2,,SALE-1788341625949-2638
1538,2,1,1,46,245,13,5,1166,,,1,260902-2026-028,2026-09-02 00:00:00,11:50:48,7192.5,0,0,0,0,7192.5,7192.5,0,posted,فاتورة كاش اوفلاين - تم المزامنة,5,,2026-09-02 11:50:48,2026-09-02 11:50:48,,,2026-09-02 11:50:48,SALE-1788341844344-600,260902-2026-028,mobile,offline,,synced,2026-09-02 11:50:48,,2,,SALE-1788341844344-600
1539,2,1,1,46,245,13,5,1145,,,1,260902-2026-029,2026-09-02 00:00:00,11:50:49,4795,0,0,0,0,4795,4795,0,posted,فاتورة كاش اوفلاين - تم المزامنة,5,,2026-09-02 11:50:49,2026-09-02 11:50:49,,,2026-09-02 11:50:49,SALE-1788342114524-4014,260902-2026-029,mobile,offline,,synced,2026-09-02 11:50:49,,2,,SALE-1788342114524-4014
1540,2,1,1,46,245,13,5,1114,,,1,260902-2026-030,2026-09-02 00:00:00,11:50:50,30208.5,0,0,0,0,30208.5,30208.5,0,posted,فاتورة كاش اوفلاين - تم المزامنة,5,,2026-09-02 11:50:50,2026-09-02 11:50:50,,,2026-09-02 11:50:50,SALE-1788342335409-1684,260902-2026-030,mobile,offline,,synced,2026-09-02 11:50:50,,2,,SALE-1788342335409-1684
1541,2,1,1,46,245,13,5,1106,,,1,260902-2026-031,2026-09-02 00:00:00,11:50:51,47950,0,0,0,0,47950,47950,0,posted,فاتورة كاش اوفلاين - تم المزامنة,5,,2026-09-02 11:50:51,2026-09-02 11:50:51,,,2026-09-02 11:50:51,SALE-1788342950294-4436,260902-2026-031,mobile,offline,,synced,2026-09-02 11:50:51,,2,,SALE-1788342950294-4436
1542,2,1,1,46,245,13,5,1133,,,1,260902-2026-033,2026-09-02 00:00:00,11:50:52,24934,0,0,0,0,24934,24934,0,posted,فاتورة كاش اوفلاين - تم المزامنة,5,,2026-09-02 11:50:52,2026-09-02 11:50:52,,,2026-09-02 11:50:52,SALE-1788343663589-1194,260902-2026-033,mobile,offline,,synced,2026-09-02 11:50:52,,2,,SALE-1788343663589-1194
1543,2,1,1,46,245,13,5,1159,,,1,260902-2026-035,2026-09-02 00:00:00,11:50:53,4795,0,0,0,0,4795,4795,0,posted,فاتورة كاش اوفلاين - تم المزامنة,5,,2026-09-02 11:50:53,2026-09-02 11:50:53,,,2026-09-02 11:50:53,SALE-1788345440997-4311,260902-2026-035,mobile,offline,,synced,2026-09-02 11:50:53,,2,,SALE-1788345440997-4311
1544,2,1,1,46,245,13,5,1163,,,1,260902-2026-036,2026-09-02 00:00:00,11:50:54,4795,0,0,0,0,4795,4795,0,posted,فاتورة كاش اوفلاين - تم المزامنة,5,,2026-09-02 11:50:54,2026-09-02 11:50:54,,,2026-09-02 11:50:54,SALE-1788345930650-1225,260902-2026-036,mobile,offline,,synced,2026-09-02 11:50:54,,2,,SALE-1788345930650-1225
1545,2,1,1,46,245,13,5,1161,,,1,260902-2026-037,2026-09-02 00:00:00,11:50:55,47950,0,0,0,0,47950,47950,0,posted,فاتورة كاش اوفلاين - تم المزامنة,5,,2026-09-02 11:50:55,2026-09-02 11:50:55,,,2026-09-02 11:50:55,SALE-1788346027873-1744,260902-2026-037,mobile,offline,,synced,2026-09-02 11:50:55,,2,,SALE-1788346027873-1744
1546,2,1,1,46,245,13,5,1112,,,1,260902-2026-038,2026-09-02 00:00:00,11:50:56,959,0,0,0,0,959,959,0,posted,فاتورة كاش اوفلاين - تم المزامنة,5,,2026-09-02 11:50:56,2026-09-02 11:50:56,,,2026-09-02 11:50:56,SALE-1788346542019-8733,260902-2026-038,mobile,offline,,synced,2026-09-02 11:50:56,,2,,SALE-1788346542019-8733
1547,2,1,1,46,245,13,5,1162,,,1,260902-2026-039,2026-09-02 00:00:00,11:50:57,4795,0,0,0,0,4795,4795,0,posted,فاتورة كاش اوفلاين - تم المزامنة,5,,2026-09-02 11:50:57,2026-09-02 11:50:57,,,2026-09-02 11:50:57,SALE-1788346622743-8745,260902-2026-039,mobile,offline,,synced,2026-09-02 11:50:57,,2,,SALE-1788346622743-8745
1548,2,1,1,46,245,13,5,697,,,1,260902-2026-040,2026-09-02 00:00:00,11:50:58,54183.5,0,0,0,0,54183.5,54183.5,0,posted,فاتورة كاش اوفلاين - تم المزامنة,5,,2026-09-02 11:50:58,2026-09-02 11:50:58,,,2026-09-02 11:50:58,SALE-1788348611545-1338,260902-2026-040,mobile,offline,,synced,2026-09-02 11:50:58,,2,8,SALE-1788348611545-1338
1549,2,1,1,46,245,13,5,1139,,,1,260902-2026-032,2026-09-02 00:00:00,11:59:58,23975,0,0,0,0,23975,23975,0,posted,فاتورة كاش اوفلاين - تم المزامنة,5,,2026-09-02 11:59:58,2026-09-02 11:59:58,,,2026-09-02 11:59:58,SALE-1788343035612-9011,260902-2026-032,mobile,offline,,synced,2026-09-02 11:59:58,,2,,SALE-1788343035612-9011
1550,2,1,1,46,245,14,5,1036,,,1,260902-2026-034,2026-09-02 00:00:00,11:59:59,28770,0,0,0,0,28770,28770,0,posted,فاتورة كاش اوفلاين - تم المزامنة,5,,2026-09-02 11:59:59,2026-09-02 11:59:59,,,2026-09-02 11:59:59,SALE-1788345081648-3276,260902-2026-034,mobile,offline,,synced,2026-09-02 11:59:59,,2,,SALE-1788345081648-3276
1551,2,1,1,47,247,15,6,783,,,1,260902-2027-001,2026-09-02 00:00:00,12:06:18,263725,0,0,0,0,263725,263725,0,posted,فاتورة كاش اوفلاين - تم المزامنة,6,,2026-09-02 12:06:18,2026-09-02 12:06:18,,,2026-09-02 12:06:18,SALE-1788350776688-5462,260902-2027-001,mobile,offline,,synced,2026-09-02 12:06:18,,2,,SALE-1788350776688-5462
1552,2,1,1,47,247,15,6,785,,,1,260902-2027-002,2026-09-02 00:00:00,12:06:48,263725,0,0,0,0,263725,263725,0,posted,فاتورة كاش اوفلاين - تم المزامنة,6,,2026-09-02 12:06:48,2026-09-02 12:06:48,,,2026-09-02 12:06:48,SALE-1788350807450-8076,260902-2027-002,mobile,offline,,synced,2026-09-02 12:06:48,,2,,SALE-1788350807450-8076
1553,2,1,1,47,247,15,6,790,,,1,260902-2027-003,2026-09-02 00:00:00,12:07:20,23975,0,0,0,0,23975,23975,0,posted,فاتورة كاش اوفلاين - تم المزامنة,6,,2026-09-02 12:07:20,2026-09-02 12:07:21,,,2026-09-02 12:07:21,SALE-1788350839375-3257,260902-2027-003,mobile,offline,,synced,2026-09-02 12:07:20,,2,,SALE-1788350839375-3257
1554,2,1,1,,,,,697,,,1,SA-00007,2026-09-02 00:00:00,12:08:49,0,0,0,0,0,0,0,0,approved,Ø£Ù…Ø± Ø¨ÙŠØ¹ Ù…Ù† Ø§ØºÙ„Ø§Ù‚ Ø§Ù„Ø¥Ø°Ù† RO-00008,2,2,2026-09-02 12:08:49,2026-09-02 12:08:49,2026-09-17 17:14:07,,,,,desktop,,,synced,,,,,
1555,2,1,1,,,,,697,,,1,SA-00008,2026-09-02 00:00:00,12:10:46,413329,0,0,0,0,475328.35,0,475328.35,approved,Ø£Ù…Ø± Ø¨ÙŠØ¹ Ù…Ù† Ø§ØºÙ„Ø§Ù‚ Ø§Ù„Ø¥Ø°Ù† RO-00007,2,2,2026-09-02 12:10:46,2026-09-15 18:24:19,2026-09-17 17:14:07,,,,,desktop,,,synced,,,,,
1556,2,1,1,,,,,1463,,,1,SINV-00002,2026-09-02 00:00:00,,430650,0,0,0,0,430650,430650,0,posted,,,,2026-09-02 12:14:31,2026-09-02 12:21:24,,1,2026-09-02 12:21:24,,,desktop,,,synced,,,,,
1557,2,1,1,,,,,697,,,1,SA-00009,2026-09-02 00:00:00,12:15:34,3067841,0,0,0,0,3528017.15,0,3528017.15,approved,Ø£Ù…Ø± Ø¨ÙŠØ¹ Ù…Ù† Ø§ØºÙ„Ø§Ù‚ Ø§Ù„Ø¥Ø°Ù† RO-00009,2,2,2026-09-02 12:15:34,2026-09-15 18:24:19,2026-09-17 17:14:07,,,,,desktop,,,synced,,,,,
1558,2,1,1,,,,,697,,,1,SA-00010,2026-09-02 00:00:00,15:16:17,94941,0,0,0,0,109182.15,0,109182.15,approved,Ø£Ù…Ø± Ø¨ÙŠØ¹ Ù…Ù† Ø§ØºÙ„Ø§Ù‚ Ø§Ù„Ø¥Ø°Ù† RO-00009,27,27,2026-09-02 15:16:17,2026-09-15 18:24:19,2026-09-17 17:14:07,,,,,desktop,,,synced,,,,,
1559,2,1,1,,,,5,697,,,1,SA-00011,2026-09-02 00:00:00,15:56:19,332353.5,0,0,0,0,382206.525,0,382206.525,approved,Ø£Ù…Ø± Ø¨ÙŠØ¹ Ù…Ù† Ø§ØºÙ„Ø§Ù‚ Ø§Ù„Ø¥Ø°Ù† RO-00010,27,27,2026-09-02 15:56:19,2026-09-15 18:24:19,2026-09-17 17:14:07,,,,,desktop,,,synced,,,,,
1560,2,1,1,47,247,15,6,778,,,1,260901-2027-002,2026-09-01 00:00:00,18:07:41,119875,0,0,0,0,119875,119875,0,posted,فاتورة كاش اوفلاين - تم المزامنة,6,,2026-09-02 18:07:41,2026-09-02 18:07:41,,,2026-09-02 18:07:41,SALE-1788286060099-2609,260901-2027-002,mobile,offline,,synced,2026-09-02 18:07:41,,2,,SALE-1788286060099-2609
1561,2,1,1,49,250,15,6,788,,,1,260903-2027-001,2026-09-03 00:00:00,09:09:59,105490,0,0,0,0,105490,105490,0,posted,فاتورة كاش اوفلاين - تم المزامنة,6,,2026-09-03 09:09:59,2026-09-03 09:09:59,,,2026-09-03 09:09:59,SALE-1788426598858-1703,260903-2027-001,mobile,offline,,synced,2026-09-03 09:09:59,,2,,SALE-1788426598858-1703
1562,2,1,1,49,250,15,6,790,,,1,260903-2027-002,2026-09-03 00:00:00,09:10:27,23975,0,0,0,0,23975,23975,0,posted,فاتورة كاش اوفلاين - تم المزامنة,6,,2026-09-03 09:10:27,2026-09-03 09:10:27,,,2026-09-03 09:10:27,SALE-1788426626610-1982,260903-2027-002,mobile,offline,,synced,2026-09-03 09:10:27,,2,,SALE-1788426626610-1982
1563,2,1,1,49,250,15,6,781,,,1,260903-2027-003,2026-09-03 00:00:00,09:10:58,239750,0,0,0,0,239750,239750,0,posted,فاتورة كاش اوفلاين - تم المزامنة,6,,2026-09-03 09:10:58,2026-09-03 09:10:58,,,2026-09-03 09:10:58,SALE-1788426657727-2504,260903-2027-003,mobile,offline,,synced,2026-09-03 09:10:58,,2,,SALE-1788426657727-2504
1564,2,1,1,49,250,15,6,782,,,1,260903-2027-004,2026-09-03 00:00:00,09:11:33,719250,0,0,0,0,719250,719250,0,posted,فاتورة كاش اوفلاين - تم المزامنة,6,,2026-09-03 09:11:33,2026-09-03 09:11:33,,,2026-09-03 09:11:33,SALE-1788426692742-4264,260903-2027-004,mobile,offline,,synced,2026-09-03 09:11:33,,2,,SALE-1788426692742-4264
1565,2,1,1,49,250,15,6,797,,,1,260903-2027-005,2026-09-03 00:00:00,09:12:04,4315.5,0,0,0,0,4315.5,4315.5,0,posted,فاتورة كاش اوفلاين - تم المزامنة,6,,2026-09-03 09:12:04,2026-09-03 09:12:04,,,2026-09-03 09:12:04,SALE-1788426723900-8738,260903-2027-005,mobile,offline,,synced,2026-09-03 09:12:04,,2,,SALE-1788426723900-8738
1566,2,1,1,48,248,8,4,1000,,,1,260903-2025-002,2026-09-03 00:00:00,09:38:10,9590,0,0,0,0,9590,9590,0,posted,فاتورة كاش اوفلاين - تم المزامنة,4,,2026-09-03 09:38:10,2026-09-03 09:38:10,,,2026-09-03 09:38:10,SALE-1788419037058-5084,260903-2025-002,mobile,offline,,synced,2026-09-03 09:38:10,,1,,SALE-1788419037058-5084
1567,2,1,1,48,248,8,4,1013,,,1,260903-2025-003,2026-09-03 00:00:00,09:38:11,1918,0,0,0,0,1918,1918,0,posted,فاتورة كاش اوفلاين - تم المزامنة,4,,2026-09-03 09:38:11,2026-09-03 09:38:11,,,2026-09-03 09:38:11,SALE-1788419088690-7547,260903-2025-003,mobile,offline,,synced,2026-09-03 09:38:11,,1,,SALE-1788419088690-7547
1568,2,1,1,48,248,8,4,990,,,1,260903-2025-004,2026-09-03 00:00:00,09:38:12,9590,0,0,0,0,9590,9590,0,posted,فاتورة كاش اوفلاين - تم المزامنة,4,,2026-09-03 09:38:12,2026-09-03 09:38:12,,,2026-09-03 09:38:12,SALE-1788419147715-6649,260903-2025-004,mobile,offline,,synced,2026-09-03 09:38:12,,1,,SALE-1788419147715-6649
1569,2,1,1,48,248,8,4,1002,,,1,260903-2025-005,2026-09-03 00:00:00,09:38:13,5754,0,0,0,0,5754,5754,0,posted,فاتورة كاش اوفلاين - تم المزامنة,4,,2026-09-03 09:38:13,2026-09-03 09:38:13,,,2026-09-03 09:38:13,SALE-1788419224614-5904,260903-2025-005,mobile,offline,,synced,2026-09-03 09:38:13,,1,,SALE-1788419224614-5904
1570,2,1,1,,,8,4,1015,,,1,260903-2025-006,2026-09-03 00:00:00,09:38:14,55142.5,0,0,0,0,55142.5,55142.5,0,posted,فاتورة كاش اوفلاين - تم المزامنة,4,,2026-09-03 09:38:14,2026-09-03 09:38:14,,,2026-09-03 09:38:14,SALE-1788419288621-2001,260903-2025-006,mobile,offline,,synced,2026-09-03 09:38:14,,1,,SALE-1788419288621-2001
1571,2,1,1,48,248,8,4,994,,,1,260903-2025-007,2026-09-03 00:00:00,09:38:15,23975,0,0,0,0,23975,23975,0,posted,فاتورة كاش اوفلاين - تم المزامنة,4,,2026-09-03 09:38:15,2026-09-03 09:38:15,,,2026-09-03 09:38:15,SALE-1788419636735-7304,260903-2025-007,mobile,offline,,synced,2026-09-03 09:38:15,,1,,SALE-1788419636735-7304
1572,2,1,1,48,248,8,4,998,,,1,260903-2025-008,2026-09-03 00:00:00,09:38:17,6233.5,0,0,0,0,6233.5,6233.5,0,posted,فاتورة كاش اوفلاين - تم المزامنة,4,,2026-09-03 09:38:17,2026-09-03 09:38:17,,,2026-09-03 09:38:17,SALE-1788419856526-5778,260903-2025-008,mobile,offline,,synced,2026-09-03 09:38:17,,1,,SALE-1788419856526-5778
1573,2,1,1,48,248,8,4,996,,,1,260903-2025-009,2026-09-03 00:00:00,09:38:18,7192.5,0,0,0,0,7192.5,7192.5,0,posted,فاتورة كاش اوفلاين - تم المزامنة,4,,2026-09-03 09:38:18,2026-09-03 09:38:18,,,2026-09-03 09:38:18,SALE-1788419943817-6779,260903-2025-009,mobile,offline,,synced,2026-09-03 09:38:18,,1,,SALE-1788419943817-6779
1574,2,1,1,48,248,8,4,997,,,1,260903-2025-010,2026-09-03 00:00:00,09:38:19,4795,0,0,0,0,4795,4795,0,posted,فاتورة كاش اوفلاين - تم المزامنة,4,,2026-09-03 09:38:19,2026-09-03 09:38:19,,,2026-09-03 09:38:19,SALE-1788420049934-7559,260903-2025-010,mobile,offline,,synced,2026-09-03 09:38:19,,1,,SALE-1788420049934-7559
1575,2,1,1,48,248,8,4,1022,,,1,260903-2025-011,2026-09-03 00:00:00,09:38:20,4795,0,0,0,0,4795,4795,0,posted,فاتورة كاش اوفلاين - تم المزامنة,4,,2026-09-03 09:38:20,2026-09-03 09:38:20,,,2026-09-03 09:38:20,SALE-1788420075380-5713,260903-2025-011,mobile,offline,,synced,2026-09-03 09:38:20,,1,,SALE-1788420075380-5713
1576,2,1,1,48,248,8,4,1017,,,1,260903-2025-012,2026-09-03 00:00:00,09:38:21,254135,0,0,0,0,254135,254135,0,posted,فاتورة كاش اوفلاين - تم المزامنة,4,,2026-09-03 09:38:21,2026-09-03 09:38:21,,,2026-09-03 09:38:21,SALE-1788420167649-6388,260903-2025-012,mobile,offline,,synced,2026-09-03 09:38:21,,1,,SALE-1788420167649-6388
1577,2,1,1,48,248,8,4,1016,,,1,260903-2025-013,2026-09-03 00:00:00,09:38:23,8151.5,0,0,0,0,8151.5,8151.5,0,posted,فاتورة كاش اوفلاين - تم المزامنة,4,,2026-09-03 09:38:23,2026-09-03 09:38:23,,,2026-09-03 09:38:23,SALE-1788420335326-3589,260903-2025-013,mobile,offline,,synced,2026-09-03 09:38:23,,1,,SALE-1788420335326-3589
1578,2,1,1,48,248,8,4,1012,,,1,260903-2025-014,2026-09-03 00:00:00,09:38:24,23975,0,0,0,0,23975,23975,0,posted,فاتورة كاش اوفلاين - تم المزامنة,4,,2026-09-03 09:38:24,2026-09-03 09:38:24,,,2026-09-03 09:38:24,SALE-1788420442842-5610,260903-2025-014,mobile,offline,,synced,2026-09-03 09:38:24,,1,,SALE-1788420442842-5610
1579,2,1,1,48,248,8,4,1020,,,1,260903-2025-015,2026-09-03 00:00:00,09:38:25,3836,0,0,0,0,3836,3836,0,posted,فاتورة كاش اوفلاين - تم المزامنة,4,,2026-09-03 09:38:25,2026-09-03 09:38:25,,,2026-09-03 09:38:25,SALE-1788420504395-450,260903-2025-015,mobile,offline,,synced,2026-09-03 09:38:25,,1,,SALE-1788420504395-450
1580,2,1,1,48,248,8,4,1010,,,1,260903-2025-016,2026-09-03 00:00:00,09:38:26,10069.5,0,0,0,0,10069.5,10069.5,0,posted,فاتورة كاش اوفلاين - تم المزامنة,4,,2026-09-03 09:38:26,2026-09-03 09:38:26,,,2026-09-03 09:38:26,SALE-1788420744320-6698,260903-2025-016,mobile,offline,,synced,2026-09-03 09:38:26,,1,,SALE-1788420744320-6698
1581,2,1,1,48,248,8,4,1018,,,1,260903-2025-017,2026-09-03 00:00:00,09:38:26,2397.5,0,0,0,0,2397.5,2397.5,0,posted,فاتورة كاش اوفلاين - تم المزامنة,4,,2026-09-03 09:38:27,2026-09-03 09:38:27,,,2026-09-03 09:38:27,SALE-1788421655202-3496,260903-2025-017,mobile,offline,,synced,2026-09-03 09:38:26,,1,,SALE-1788421655202-3496
1582,2,1,1,48,248,8,4,1006,,,1,260903-2025-018,2026-09-03 00:00:00,09:38:27,14385,0,0,0,0,14385,14385,0,posted,فاتورة كاش اوفلاين - تم المزامنة,4,,2026-09-03 09:38:27,2026-09-03 09:38:27,,,2026-09-03 09:38:27,SALE-1788421856833-5827,260903-2025-018,mobile,offline,,synced,2026-09-03 09:38:27,,1,,SALE-1788421856833-5827
1583,2,1,1,48,248,8,4,1003,,,1,260903-2025-019,2026-09-03 00:00:00,09:38:29,71925,0,0,0,0,71925,71925,0,posted,فاتورة كاش اوفلاين - تم المزامنة,4,,2026-09-03 09:38:29,2026-09-03 09:38:29,,,2026-09-03 09:38:29,SALE-1788422279139-3170,260903-2025-019,mobile,offline,,synced,2026-09-03 09:38:29,,1,,SALE-1788422279139-3170
1584,2,1,1,48,248,8,4,1001,,,1,260903-2025-020,2026-09-03 00:00:00,09:38:30,10069.5,0,0,0,0,10069.5,10069.5,0,posted,فاتورة كاش اوفلاين - تم المزامنة,4,,2026-09-03 09:38:30,2026-09-03 09:38:30,,,2026-09-03 09:38:30,SALE-1788422751065-1849,260903-2025-020,mobile,offline,,synced,2026-09-03 09:38:30,,1,,SALE-1788422751065-1849
1585,2,1,1,48,248,8,4,1014,,,1,260903-2025-021,2026-09-03 00:00:00,09:38:31,2877,0,0,0,0,2877,2877,0,posted,فاتورة كاش اوفلاين - تم المزامنة,4,,2026-09-03 09:38:31,2026-09-03 09:38:31,,,2026-09-03 09:38:31,SALE-1788422954780-9284,260903-2025-021,mobile,offline,,synced,2026-09-03 09:38:31,,1,,SALE-1788422954780-9284
1586,2,1,1,48,248,8,4,991,,,1,260903-2025-022,2026-09-03 00:00:00,09:38:32,40757.5,0,0,0,0,40757.5,40757.5,0,posted,فاتورة كاش اوفلاين - تم المزامنة,4,,2026-09-03 09:38:32,2026-09-03 09:38:32,,,2026-09-03 09:38:32,SALE-1788423192981-2008,260903-2025-022,mobile,offline,,synced,2026-09-03 09:38:32,,1,,SALE-1788423192981-2008
1587,2,1,1,48,248,8,4,989,,,1,260903-2025-023,2026-09-03 00:00:00,09:38:32,7192.5,0,0,0,0,7192.5,7192.5,0,posted,فاتورة كاش اوفلاين - تم المزامنة,4,,2026-09-03 09:38:32,2026-09-03 09:38:32,,,2026-09-03 09:38:32,SALE-1788423928068-5862,260903-2025-023,mobile,offline,,synced,2026-09-03 09:38:32,,1,,SALE-1788423928068-5862
1588,2,1,1,,,8,4,999,,,1,260903-2025-024,2026-09-03 00:00:00,09:38:33,16782.5,0,0,0,0,16782.5,16782.5,0,posted,فاتورة كاش اوفلاين - تم المزامنة,4,,2026-09-03 09:38:33,2026-09-03 09:38:33,,,2026-09-03 09:38:33,SALE-1788424181055-4955,260903-2025-024,mobile,offline,,synced,2026-09-03 09:38:33,,1,,SALE-1788424181055-4955
1589,2,1,1,48,248,8,4,1019,,,1,260903-2025-025,2026-09-03 00:00:00,09:38:34,9590,0,0,0,0,9590,9590,0,posted,فاتورة كاش اوفلاين - تم المزامنة,4,,2026-09-03 09:38:34,2026-09-03 09:38:34,,,2026-09-03 09:38:34,SALE-1788424211633-5517,260903-2025-025,mobile,offline,,synced,2026-09-03 09:38:34,,1,,SALE-1788424211633-5517
1590,2,1,1,48,248,8,4,995,,,1,260903-2025-026,2026-09-03 00:00:00,09:38:35,57540,0,0,0,0,57540,57540,0,posted,فاتورة كاش اوفلاين - تم المزامنة,4,,2026-09-03 09:38:35,2026-09-03 09:38:35,,,2026-09-03 09:38:35,SALE-1788424474846-6073,260903-2025-026,mobile,offline,,synced,2026-09-03 09:38:35,,1,,SALE-1788424474846-6073
1591,2,1,1,48,248,10,4,1270,,,1,260903-2025-027,2026-09-03 00:00:00,09:38:35,23975,0,0,0,0,23975,23975,0,posted,فاتورة كاش اوفلاين - تم المزامنة,4,,2026-09-03 09:38:35,2026-09-03 09:38:35,,,2026-09-03 09:38:35,SALE-1788424770121-8954,260903-2025-027,mobile,offline,,synced,2026-09-03 09:38:35,,1,,SALE-1788424770121-8954
1592,2,1,1,48,248,8,4,697,,,1,260903-2025-028,2026-09-03 00:00:00,09:38:36,9590,0,0,0,0,9590,9590,0,posted,فاتورة كاش اوفلاين - تم المزامنة,4,,2026-09-03 09:38:36,2026-09-03 09:38:36,,,2026-09-03 09:38:36,SALE-1788426706093-3027,260903-2025-028,mobile,offline,,synced,2026-09-03 09:38:36,,1,8,SALE-1788426706093-3027
1593,2,1,1,48,248,8,4,697,,,1,260903-2025-029,2026-09-03 00:00:00,09:47:34,9590,0,0,0,0,9590,9590,0,posted,فاتورة كاش اوفلاين - تم المزامنة,4,,2026-09-03 09:47:34,2026-09-03 09:47:34,,,2026-09-03 09:47:34,SALE-1788428302181-3919,260903-2025-029,mobile,offline,,synced,2026-09-03 09:47:34,,1,8,SALE-1788428302181-3919
1594,2,1,1,48,248,18,4,923,,,1,260903-2025-030,2026-09-03 00:00:00,09:50:16,59458,0,0,0,0,59458,59458,0,posted,فاتورة كاش اوفلاين - تم المزامنة,4,,2026-09-03 09:50:16,2026-09-03 09:50:16,,,2026-09-03 09:50:16,SALE-1788429015313-4283,260903-2025-030,mobile,offline,,synced,2026-09-03 09:50:16,,3,,SALE-1788429015313-4283
1595,2,1,1,48,248,18,4,982,,,1,260903-2025-031,2026-09-03 00:00:00,09:53:30,59458,0,0,0,0,59458,59458,0,posted,فاتورة كاش اوفلاين - تم المزامنة,4,,2026-09-03 09:53:30,2026-09-03 09:53:31,,,2026-09-03 09:53:31,SALE-1788429210156-3869,260903-2025-031,mobile,offline,,synced,2026-09-03 09:53:30,,3,,SALE-1788429210156-3869
1596,2,1,1,48,248,18,4,865,,,1,260903-2025-032,2026-09-03 00:00:00,09:54:21,48909,0,0,0,0,48909,48909,0,posted,فاتورة كاش اوفلاين - تم المزامنة,4,,2026-09-03 09:54:21,2026-09-03 09:54:21,,,2026-09-03 09:54:21,SALE-1788429256445-6301,260903-2025-032,mobile,offline,,synced,2026-09-03 09:54:21,,3,,SALE-1788429256445-6301
1597,2,1,1,42,241,12,5,1070,,,1,260903-2026-001,2026-09-03 00:00:00,10:15:32,4795,0,0,0,0,4795,4795,0,cancelled,فاتورة كاش اوفلاين - تم المزامنة,5,,2026-09-03 10:15:32,2026-09-06 17:46:06,,,2026-09-03 10:15:32,SALE-1788430531648-9207,260903-2026-001,mobile,offline,,synced,2026-09-03 10:15:32,,2,,SALE-1788430531648-9207
1598,2,1,1,,,,,1463,,,1,SINV-00003,2026-09-03 00:00:00,,765600,0,0,0,0,765600,765600,0,posted,,,,2026-09-03 10:24:50,2026-09-03 10:25:14,,1,2026-09-03 10:25:14,,,desktop,,,synced,,,,,
1599,2,1,1,,,,,697,,,1,SA-00012,2026-09-05 00:00:00,23:10:40,4149593,0,0,0,0,4772031.95,0,4772031.95,approved,Ø£Ù…Ø± Ø¨ÙŠØ¹ Ù…Ù† Ø§ØºÙ„Ø§Ù‚ Ø§Ù„Ø¥Ø°Ù† RO-00013,2,2,2026-09-05 23:10:40,2026-09-15 18:24:22,2026-09-17 17:14:07,,,,,desktop,,,synced,,,,,
1600,2,1,1,51,252,12,5,1089,,,1,260906-2026-002,2026-09-06 00:00:00,07:19:28,23975,0,0,0,0,23975,23975,0,posted,فاتورة كاش اوفلاين - تم المزامنة,5,,2026-09-06 07:19:28,2026-09-17 07:19:56,,,2026-09-06 07:19:28,SALE-1788679166274-9479,260906-2026-002,mobile,offline,,synced,2026-09-06 07:19:28,,2,7,SALE-1788679166274-9479
1601,2,1,1,51,252,12,5,1079,,,1,260906-2026-003,2026-09-06 00:00:00,07:21:43,5754,0,0,0,0,5754,5754,0,posted,فاتورة كاش اوفلاين - تم المزامنة,5,,2026-09-06 07:21:43,2026-09-17 07:19:57,,,2026-09-06 07:21:43,SALE-1788679302017-7309,260906-2026-003,mobile,offline,,synced,2026-09-06 07:21:43,,2,7,SALE-1788679302017-7309
1602,2,1,1,51,252,12,5,1085,,,1,260906-2026-004,2026-09-06 00:00:00,07:23:07,23975,0,0,0,0,23975,23975,0,posted,فاتورة كاش اوفلاين - تم المزامنة,5,,2026-09-06 07:23:07,2026-09-17 07:19:57,,,2026-09-06 07:23:07,SALE-1788679386380-8589,260906-2026-004,mobile,offline,,synced,2026-09-06 07:23:07,,2,7,SALE-1788679386380-8589
1603,2,1,1,51,252,12,5,1091,,,1,260906-2026-005,2026-09-06 00:00:00,07:26:21,12946.5,0,0,0,0,12946.5,12946.5,0,posted,فاتورة كاش اوفلاين - تم المزامنة,5,,2026-09-06 07:26:21,2026-09-17 07:19:58,,,2026-09-06 07:26:21,SALE-1788679580645-1709,260906-2026-005,mobile,offline,,synced,2026-09-06 07:26:21,,2,7,SALE-1788679580645-1709
1604,2,1,1,51,252,12,5,1077,,,1,260906-2026-006,2026-09-06 00:00:00,07:30:57,47950,0,0,0,0,47950,47950,0,posted,فاتورة كاش اوفلاين - تم المزامنة,5,,2026-09-06 07:30:57,2026-09-17 07:19:58,,,2026-09-06 07:30:57,SALE-1788679855822-2937,260906-2026-006,mobile,offline,,synced,2026-09-06 07:30:57,,2,7,SALE-1788679855822-2937
1605,2,1,1,51,252,13,5,1158,,,1,260906-2026-007,2026-09-06 00:00:00,07:31:42,23975,0,0,0,0,23975,23975,0,posted,فاتورة كاش اوفلاين - تم المزامنة,5,,2026-09-06 07:31:42,2026-09-17 07:19:59,,,2026-09-06 07:31:42,SALE-1788679900408-5367,260906-2026-007,mobile,offline,,synced,2026-09-06 07:31:42,,2,7,SALE-1788679900408-5367
1606,2,1,1,51,252,12,5,1082,,,1,260906-2026-008,2026-09-06 00:00:00,07:33:07,8151.5,0,0,0,0,8151.5,8151.5,0,posted,فاتورة كاش اوفلاين - تم المزامنة,5,,2026-09-06 07:33:07,2026-09-17 07:20:00,,,2026-09-06 07:33:07,SALE-1788679986541-3006,260906-2026-008,mobile,offline,,synced,2026-09-06 07:33:07,,2,7,SALE-1788679986541-3006
1607,2,1,1,51,252,12,5,1100,,,1,260906-2026-009,2026-09-06 00:00:00,07:38:47,1438.5,0,0,0,0,1438.5,1438.5,0,posted,فاتورة كاش اوفلاين - تم المزامنة,5,,2026-09-06 07:38:47,2026-09-17 07:20:00,,,2026-09-06 07:38:47,SALE-1788680326135-9468,260906-2026-009,mobile,offline,,synced,2026-09-06 07:38:47,,2,7,SALE-1788680326135-9468
1608,2,1,1,51,252,12,5,1094,,,1,260906-2026-010,2026-09-06 00:00:00,07:39:53,9590,0,0,0,0,9590,9590,0,posted,فاتورة كاش اوفلاين - تم المزامنة,5,,2026-09-06 07:39:53,2026-09-17 07:20:01,,,2026-09-06 07:39:53,SALE-1788680391811-9789,260906-2026-010,mobile,offline,,synced,2026-09-06 07:39:53,,2,7,SALE-1788680391811-9789
1609,2,1,1,51,252,12,5,1099,,,1,260906-2026-011,2026-09-06 00:00:00,07:44:41,23975,0,0,0,0,23975,23975,0,posted,فاتورة كاش اوفلاين - تم المزامنة,5,,2026-09-06 07:44:41,2026-09-17 07:20:01,,,2026-09-06 07:44:41,SALE-1788680679266-2146,260906-2026-011,mobile,offline,,synced,2026-09-06 07:44:41,,2,7,SALE-1788680679266-2146
1610,2,1,1,51,252,12,5,1097,,,1,260906-2026-012,2026-09-06 00:00:00,08:06:30,7192.5,0,0,0,0,7192.5,7192.5,0,posted,فاتورة كاش اوفلاين - تم المزامنة,5,,2026-09-06 08:06:30,2026-09-17 07:20:02,,,2026-09-06 08:06:30,SALE-1788681988917-1978,260906-2026-012,mobile,offline,,synced,2026-09-06 08:06:30,,2,7,SALE-1788681988917-1978
1611,2,1,1,51,252,12,5,1083,,,1,260906-2026-013,2026-09-06 00:00:00,08:08:52,4795,0,0,0,0,4795,4795,0,posted,فاتورة كاش اوفلاين - تم المزامنة,5,,2026-09-06 08:08:52,2026-09-17 07:20:03,,,2026-09-06 08:08:52,SALE-1788682130571-726,260906-2026-013,mobile,offline,,synced,2026-09-06 08:08:52,,2,7,SALE-1788682130571-726
1612,2,1,1,51,252,12,5,1086,,,1,260906-2026-014,2026-09-06 00:00:00,08:11:55,23975,0,0,0,0,23975,23975,0,posted,فاتورة كاش اوفلاين - تم المزامنة,5,,2026-09-06 08:11:55,2026-09-17 07:20:03,,,2026-09-06 08:11:55,SALE-1788682314013-240,260906-2026-014,mobile,offline,,synced,2026-09-06 08:11:55,,2,7,SALE-1788682314013-240
1613,2,1,1,51,252,12,5,1090,,,1,260906-2026-015,2026-09-06 00:00:00,08:12:44,24454.5,0,0,0,0,24454.5,24454.5,0,posted,فاتورة كاش اوفلاين - تم المزامنة,5,,2026-09-06 08:12:44,2026-09-17 07:20:04,,,2026-09-06 08:12:44,SALE-1788682363343-6812,260906-2026-015,mobile,offline,,synced,2026-09-06 08:12:44,,2,7,SALE-1788682363343-6812
1614,2,1,1,51,252,12,5,1101,,,1,260906-2026-016,2026-09-06 00:00:00,08:13:46,7192.5,0,0,0,0,7192.5,7192.5,0,posted,فاتورة كاش اوفلاين - تم المزامنة,5,,2026-09-06 08:13:46,2026-09-17 07:20:04,,,2026-09-06 08:13:46,SALE-1788682425045-6790,260906-2026-016,mobile,offline,,synced,2026-09-06 08:13:46,,2,7,SALE-1788682425045-6790
1615,2,1,1,51,252,12,5,1087,,,1,260906-2026-017,2026-09-06 00:00:00,08:27:59,19180,0,0,0,0,19180,19180,0,posted,فاتورة كاش اوفلاين - تم المزامنة,5,,2026-09-06 08:27:59,2026-09-17 07:20:05,,,2026-09-06 08:27:59,SALE-1788683276071-4424,260906-2026-017,mobile,offline,,synced,2026-09-06 08:27:59,,2,7,SALE-1788683276071-4424
1616,2,1,1,51,252,12,5,1073,,,1,260906-2026-018,2026-09-06 00:00:00,08:28:27,4795,0,0,0,0,4795,4795,0,posted,فاتورة كاش اوفلاين - تم المزامنة,5,,2026-09-06 08:28:27,2026-09-17 07:20:06,,,2026-09-06 08:28:27,SALE-1788683305815-2101,260906-2026-018,mobile,offline,,synced,2026-09-06 08:28:27,,2,7,SALE-1788683305815-2101
1617,2,1,1,51,252,12,5,1102,,,1,260906-2026-019,2026-09-06 00:00:00,08:35:31,4795,0,0,0,0,4795,4795,0,posted,فاتورة كاش اوفلاين - تم المزامنة,5,,2026-09-06 08:35:31,2026-09-17 07:20:06,,,2026-09-06 08:35:31,SALE-1788683729826-1383,260906-2026-019,mobile,offline,,synced,2026-09-06 08:35:31,,2,7,SALE-1788683729826-1383
1618,2,1,1,51,252,12,5,1096,,,1,260906-2026-020,2026-09-06 00:00:00,08:37:24,8151.5,0,0,0,0,8151.5,8151.5,0,posted,فاتورة كاش اوفلاين - تم المزامنة,5,,2026-09-06 08:37:24,2026-09-17 07:20:07,,,2026-09-06 08:37:24,SALE-1788683843245-1068,260906-2026-020,mobile,offline,,synced,2026-09-06 08:37:24,,2,7,SALE-1788683843245-1068
1619,2,1,1,51,252,12,5,1076,,,1,260906-2026-021,2026-09-06 00:00:00,08:38:24,47950,0,0,0,0,47950,47950,0,posted,فاتورة كاش اوفلاين - تم المزامنة,5,,2026-09-06 08:38:24,2026-09-17 07:20:07,,,2026-09-06 08:38:24,SALE-1788683903172-1670,260906-2026-021,mobile,offline,,synced,2026-09-06 08:38:24,,2,7,SALE-1788683903172-1670
1620,2,1,1,51,252,12,5,1098,,,1,260906-2026-022,2026-09-06 00:00:00,09:02:42,35962.5,0,0,0,0,35962.5,35962.5,0,posted,فاتورة كاش اوفلاين - تم المزامنة,5,,2026-09-06 09:02:42,2026-09-17 07:20:08,,,2026-09-06 09:02:42,SALE-1788684350678-7383,260906-2026-022,mobile,offline,,synced,2026-09-06 09:02:42,,2,7,SALE-1788684350678-7383
1621,2,1,1,51,252,11,5,1317,,,1,260906-2026-023,2026-09-06 00:00:00,09:03:42,7192.5,0,0,0,0,7192.5,7192.5,0,posted,فاتورة كاش اوفلاين - تم المزامنة,5,,2026-09-06 09:03:42,2026-09-17 07:20:08,,,2026-09-06 09:03:42,SALE-1788685420111-1305,260906-2026-023,mobile,offline,,synced,2026-09-06 09:03:42,,2,7,SALE-1788685420111-1305
1622,2,1,1,,,11,5,1480,,,1,260901-2026-024,2026-09-01 00:00:00,2026-09-06T04:47:17.000000Z,36442,0,0,0,0,36442,36442,0,posted,فاتورة كاش اوفلاين - تم المزامنة,5,,2026-09-06 09:05:23,2026-09-06 17:31:16,,,,SALE-1788237995394-8685,,sync,,,synced,2026-09-06 09:05:23,,2,8,SALE-1788283756156-8321
1623,2,1,1,51,252,11,5,1327,,,1,260906-2026-024,2026-09-06 00:00:00,09:05:56,7192.5,0,0,0,0,7192.5,7192.5,0,posted,فاتورة كاش اوفلاين - تم المزامنة,5,,2026-09-06 09:05:56,2026-09-17 07:20:09,,,2026-09-06 09:05:56,SALE-1788685554931-3193,260906-2026-024,mobile,offline,,synced,2026-09-06 09:05:56,,2,7,SALE-1788685554931-3193
1624,2,1,1,51,252,11,5,1328,,,1,260906-2026-025,2026-09-06 00:00:00,09:09:12,6713,0,0,0,0,6713,6713,0,posted,فاتورة كاش اوفلاين - تم المزامنة,5,,2026-09-06 09:09:12,2026-09-17 07:20:10,,,2026-09-06 09:09:12,SALE-1788685751142-6150,260906-2026-025,mobile,offline,,synced,2026-09-06 09:09:12,,2,7,SALE-1788685751142-6150
1625,2,1,1,51,252,11,5,1325,,,1,260906-2026-026,2026-09-06 00:00:00,09:13:13,11987.5,0,0,0,0,11987.5,11987.5,0,posted,فاتورة كاش اوفلاين - تم المزامنة,5,,2026-09-06 09:13:13,2026-09-17 07:20:10,,,2026-09-06 09:13:13,SALE-1788685992158-6864,260906-2026-026,mobile,offline,,synced,2026-09-06 09:13:13,,2,7,SALE-1788685992158-6864
1626,2,1,1,51,252,11,5,1312,,,1,260906-2026-027,2026-09-06 00:00:00,09:13:47,10069.5,0,0,0,0,10069.5,10069.5,0,posted,فاتورة كاش اوفلاين - تم المزامنة,5,,2026-09-06 09:13:47,2026-09-17 07:20:11,,,2026-09-06 09:13:47,SALE-1788686025544-1656,260906-2026-027,mobile,offline,,synced,2026-09-06 09:13:47,,2,7,SALE-1788686025544-1656
1627,2,1,1,51,252,11,5,1314,,,1,260906-2026-028,2026-09-06 00:00:00,09:22:03,9590,0,0,0,0,9590,9590,0,posted,فاتورة كاش اوفلاين - تم المزامنة,5,,2026-09-06 09:22:03,2026-09-17 07:20:11,,,2026-09-06 09:22:03,SALE-1788686521891-6951,260906-2026-028,mobile,offline,,synced,2026-09-06 09:22:03,,2,7,SALE-1788686521891-6951
1628,2,1,1,51,252,11,5,1313,,,1,260906-2026-029,2026-09-06 00:00:00,09:22:25,2397.5,0,0,0,0,2397.5,2397.5,0,posted,فاتورة كاش اوفلاين - تم المزامنة,5,,2026-09-06 09:22:25,2026-09-17 07:20:12,,,2026-09-06 09:22:25,SALE-1788686543830-290,260906-2026-029,mobile,offline,,synced,2026-09-06 09:22:25,,2,7,SALE-1788686543830-290
1629,2,1,1,51,252,11,5,1318,,,1,260906-2026-030,2026-09-06 00:00:00,09:28:19,9590,0,0,0,0,9590,9590,0,posted,فاتورة كاش اوفلاين - تم المزامنة,5,,2026-09-06 09:28:19,2026-09-17 07:20:13,,,2026-09-06 09:28:19,SALE-1788686896324-4883,260906-2026-030,mobile,offline,,synced,2026-09-06 09:28:19,,2,7,SALE-1788686896324-4883
1630,2,1,1,51,252,11,5,1310,,,1,260906-2026-031,2026-09-06 00:00:00,09:32:24,35962.5,0,0,0,0,35962.5,35962.5,0,posted,فاتورة كاش اوفلاين - تم المزامنة,5,,2026-09-06 09:32:24,2026-09-17 07:20:14,,,2026-09-06 09:32:24,SALE-1788687142877-1153,260906-2026-031,mobile,offline,,synced,2026-09-06 09:32:24,,2,7,SALE-1788687142877-1153
1631,2,1,1,51,252,11,5,1326,,,1,260906-2026-032,2026-09-06 00:00:00,09:38:37,23975,0,0,0,0,23975,23975,0,posted,فاتورة كاش اوفلاين - تم المزامنة,5,,2026-09-06 09:38:37,2026-09-17 07:20:15,,,2026-09-06 09:38:37,SALE-1788687515998-3037,260906-2026-032,mobile,offline,,synced,2026-09-06 09:38:37,,2,7,SALE-1788687515998-3037
1632,2,1,1,51,252,11,5,1324,,,1,260906-2026-033,2026-09-06 00:00:00,09:43:01,9590,0,0,0,0,9590,9590,0,posted,فاتورة كاش اوفلاين - تم المزامنة,5,,2026-09-06 09:43:01,2026-09-17 07:20:15,,,2026-09-06 09:43:01,SALE-1788687779405-5277,260906-2026-033,mobile,offline,,synced,2026-09-06 09:43:01,,2,7,SALE-1788687779405-5277
1633,2,1,1,51,252,11,5,1329,,,1,260906-2026-034,2026-09-06 00:00:00,09:58:49,23975,0,0,0,0,23975,23975,0,posted,فاتورة كاش اوفلاين - تم المزامنة,5,,2026-09-06 09:58:49,2026-09-17 07:20:16,,,2026-09-06 09:58:49,SALE-1788688727121-5659,260906-2026-034,mobile,offline,,synced,2026-09-06 09:58:49,,2,7,SALE-1788688727121-5659
1634,2,1,1,51,252,11,5,1323,,,1,260906-2026-035,2026-09-06 00:00:00,10:04:24,23975,0,0,0,0,23975,23975,0,posted,فاتورة كاش اوفلاين - تم المزامنة,5,,2026-09-06 10:04:24,2026-09-06 10:04:24,,,2026-09-06 10:04:24,SALE-1788689063160-5313,260906-2026-035,mobile,offline,,synced,2026-09-06 10:04:24,,2,7,SALE-1788689063160-5313
1635,2,1,1,,,11,5,1321,,,1,260906-2026-036,2026-09-06 00:00:00,10:20:59,23975,0,0,0,0,23975,23975,0,posted,فاتورة كاش اوفلاين - تم المزامنة,5,,2026-09-06 10:20:59,2026-09-17 07:20:17,,,2026-09-06 10:20:59,SALE-1788689424270-6771,260906-2026-036,mobile,offline,,synced,2026-09-06 10:20:59,,2,,SALE-1788689424270-6771
1636,2,1,1,51,252,11,5,1315,,,1,260906-2026-037,2026-09-06 00:00:00,10:20:59,14385,0,0,0,0,14385,14385,0,posted,فاتورة كاش اوفلاين - تم المزامنة,5,,2026-09-06 10:20:59,2026-09-17 07:20:18,,,2026-09-06 10:20:59,SALE-1788690045330-7321,260906-2026-037,mobile,offline,,synced,2026-09-06 10:20:59,,2,7,SALE-1788690045330-7321
1637,2,1,1,51,252,11,5,1331,,,1,260906-2026-038,2026-09-06 00:00:00,10:33:14,76720,0,0,0,0,76720,76720,0,posted,فاتورة كاش اوفلاين - تم المزامنة,5,,2026-09-06 10:33:14,2026-09-17 07:20:18,,,2026-09-06 10:33:14,SALE-1788690793348-8806,260906-2026-038,mobile,offline,,synced,2026-09-06 10:33:14,,2,7,SALE-1788690793348-8806
1638,2,1,1,51,252,11,5,1332,,,1,260906-2026-039,2026-09-06 00:00:00,10:45:40,62335,0,0,0,0,62335,62335,0,posted,فاتورة كاش اوفلاين - تم المزامنة,5,,2026-09-06 10:45:40,2026-09-17 07:20:19,,,2026-09-06 10:45:40,SALE-1788691539463-7156,260906-2026-039,mobile,offline,,synced,2026-09-06 10:45:40,,2,,SALE-1788691539463-7156
1639,2,1,1,51,252,11,5,1320,,,1,260906-2026-040,2026-09-06 00:00:00,10:55:50,28770,0,0,0,0,28770,28770,0,posted,فاتورة كاش اوفلاين - تم المزامنة,5,,2026-09-06 10:55:50,2026-09-17 07:20:19,,,2026-09-06 10:55:50,SALE-1788692148230-8282,260906-2026-040,mobile,offline,,synced,2026-09-06 10:55:50,,2,7,SALE-1788692148230-8282
1640,2,1,1,,,9,4,1183,,,1,260906-2025-001,2026-09-06 00:00:00,11:10:45,23975,0,0,0,0,23975,23975,0,posted,فاتورة كاش اوفلاين - تم المزامنة,4,,2026-09-06 11:10:45,2026-09-17 07:04:54,,,2026-09-06 11:10:45,SALE-1788680381497-5022,260906-2025-001,mobile,offline,,synced,2026-09-06 11:10:45,,1,,SALE-1788680381497-5022
1641,2,1,1,,,9,4,1240,,,1,260906-2025-002,2026-09-06 00:00:00,11:10:45,407575,0,0,0,0,407575,407575,0,posted,فاتورة كاش اوفلاين - تم المزامنة,4,,2026-09-06 11:10:45,2026-09-17 07:05:28,,,2026-09-06 11:10:45,SALE-1788680634280-6982,260906-2025-002,mobile,offline,,synced,2026-09-06 11:10:45,,1,,SALE-1788680634280-6982
1642,2,1,1,52,253,9,4,1216,,,1,260906-2025-003,2026-09-06 00:00:00,11:10:46,5754,0,0,0,0,5754,5754,0,posted,فاتورة كاش اوفلاين - تم المزامنة,4,,2026-09-06 11:10:46,2026-09-17 07:04:55,,,2026-09-06 11:10:46,SALE-1788681143677-5918,260906-2025-003,mobile,offline,,synced,2026-09-06 11:10:46,,1,7,SALE-1788681143677-5918
1643,2,1,1,52,253,9,4,1237,,,1,260906-2025-004,2026-09-06 00:00:00,11:10:47,14385,0,0,0,0,14385,14385,0,posted,فاتورة كاش اوفلاين - تم المزامنة,4,,2026-09-06 11:10:47,2026-09-17 07:04:56,,,2026-09-06 11:10:47,SALE-1788681226768-5476,260906-2025-004,mobile,offline,,synced,2026-09-06 11:10:47,,1,7,SALE-1788681226768-5476
1644,2,1,1,52,253,9,4,1220,,,1,260906-2025-005,2026-09-06 00:00:00,11:10:48,8631,0,0,0,0,8631,8631,0,posted,فاتورة كاش اوفلاين - تم المزامنة,4,,2026-09-06 11:10:48,2026-09-17 07:04:57,,,2026-09-06 11:10:48,SALE-1788681322895-2025,260906-2025-005,mobile,offline,,synced,2026-09-06 11:10:48,,1,7,SALE-1788681322895-2025
1645,2,1,1,52,253,9,4,1180,,,1,260906-2025-006,2026-09-06 00:00:00,11:10:48,4795,0,0,0,0,4795,4795,0,posted,فاتورة كاش اوفلاين - تم المزامنة,4,,2026-09-06 11:10:48,2026-09-17 07:04:58,,,2026-09-06 11:10:48,SALE-1788681389207-2884,260906-2025-006,mobile,offline,,synced,2026-09-06 11:10:48,,1,7,SALE-1788681389207-2884
1646,2,1,1,52,253,9,4,1185,,,1,260906-2025-007,2026-09-06 00:00:00,11:10:49,31167.5,0,0,0,0,31167.5,31167.5,0,posted,فاتورة كاش اوفلاين - تم المزامنة,4,,2026-09-06 11:10:49,2026-09-17 07:05:29,,,2026-09-06 11:10:49,SALE-1788681432397-3650,260906-2025-007,mobile,offline,,synced,2026-09-06 11:10:49,,1,,SALE-1788681432397-3650
1647,2,1,1,52,253,9,4,1227,,,1,260906-2025-008,2026-09-06 00:00:00,11:10:50,47950,0,0,0,0,47950,47950,0,posted,فاتورة كاش اوفلاين - تم المزامنة,4,,2026-09-06 11:10:50,2026-09-17 07:04:58,,,2026-09-06 11:10:50,SALE-1788681633514-9622,260906-2025-008,mobile,offline,,synced,2026-09-06 11:10:50,,1,7,SALE-1788681633514-9622
1648,2,1,1,52,253,9,4,1182,,,1,260906-2025-009,2026-09-06 00:00:00,11:10:51,6713,0,0,0,0,6713,6713,0,posted,فاتورة كاش اوفلاين - تم المزامنة,4,,2026-09-06 11:10:51,2026-09-17 07:04:59,,,2026-09-06 11:10:51,SALE-1788681714157-606,260906-2025-009,mobile,offline,,synced,2026-09-06 11:10:51,,1,7,SALE-1788681714157-606
1649,2,1,1,52,253,9,4,1236,,,1,260906-2025-010,2026-09-06 00:00:00,11:10:52,4795,0,0,0,0,4795,4795,0,posted,فاتورة كاش اوفلاين - تم المزامنة,4,,2026-09-06 11:10:52,2026-09-17 07:04:59,,,2026-09-06 11:10:52,SALE-1788681750672-6375,260906-2025-010,mobile,offline,,synced,2026-09-06 11:10:52,,1,7,SALE-1788681750672-6375
1650,2,1,1,52,253,9,4,1187,,,1,260906-2025-011,2026-09-06 00:00:00,11:10:53,6233.5,0,0,0,0,6233.5,6233.5,0,posted,فاتورة كاش اوفلاين - تم المزامنة,4,,2026-09-06 11:10:53,2026-09-17 07:05:00,,,2026-09-06 11:10:53,SALE-1788681799069-9378,260906-2025-011,mobile,offline,,synced,2026-09-06 11:10:53,,1,7,SALE-1788681799069-9378
1651,2,1,1,52,253,9,4,1190,,,1,260906-2025-012,2026-09-06 00:00:00,11:10:54,4795,0,0,0,0,4795,4795,0,posted,فاتورة كاش اوفلاين - تم المزامنة,4,,2026-09-06 11:10:54,2026-09-17 07:05:00,,,2026-09-06 11:10:54,SALE-1788681834663-1335,260906-2025-012,mobile,offline,,synced,2026-09-06 11:10:54,,1,7,SALE-1788681834663-1335
1652,2,1,1,52,253,9,4,1200,,,1,260906-2025-013,2026-09-06 00:00:00,11:10:54,3356.5,0,0,0,0,3356.5,3356.5,0,posted,فاتورة كاش اوفلاين - تم المزامنة,4,,2026-09-06 11:10:54,2026-09-17 07:05:01,,,2026-09-06 11:10:54,SALE-1788681884105-724,260906-2025-013,mobile,offline,,synced,2026-09-06 11:10:54,,1,7,SALE-1788681884105-724
1653,2,1,1,52,253,9,4,1206,,,1,260906-2025-014,2026-09-06 00:00:00,11:10:55,10069.5,0,0,0,0,10069.5,10069.5,0,posted,فاتورة كاش اوفلاين - تم المزامنة,4,,2026-09-06 11:10:55,2026-09-17 07:05:01,,,2026-09-06 11:10:55,SALE-1788681952536-1901,260906-2025-014,mobile,offline,,synced,2026-09-06 11:10:55,,1,7,SALE-1788681952536-1901
1654,2,1,1,52,253,9,4,1225,,,1,260906-2025-015,2026-09-06 00:00:00,11:10:56,95900,0,0,0,0,95900,95900,0,posted,فاتورة كاش اوفلاين - تم المزامنة,4,,2026-09-06 11:10:56,2026-09-17 07:05:02,,,2026-09-06 11:10:56,SALE-1788682193318-7295,260906-2025-015,mobile,offline,,synced,2026-09-06 11:10:56,,1,7,SALE-1788682193318-7295
1655,2,1,1,52,253,9,4,1198,,,1,260906-2025-016,2026-09-06 00:00:00,11:10:57,14385,0,0,0,0,14385,14385,0,posted,فاتورة كاش اوفلاين - تم المزامنة,4,,2026-09-06 11:10:57,2026-09-17 07:05:02,,,2026-09-06 11:10:57,SALE-1788682277110-9490,260906-2025-016,mobile,offline,,synced,2026-09-06 11:10:57,,1,7,SALE-1788682277110-9490
1656,2,1,1,52,253,9,4,1196,,,1,260906-2025-017,2026-09-06 00:00:00,11:10:57,33565,0,0,0,0,33565,33565,0,posted,فاتورة كاش اوفلاين - تم المزامنة,4,,2026-09-06 11:10:57,2026-09-17 07:05:03,,,2026-09-06 11:10:58,SALE-1788682352194-6464,260906-2025-017,mobile,offline,,synced,2026-09-06 11:10:57,,1,7,SALE-1788682352194-6464
1657,2,1,1,52,253,9,4,697,,,1,260906-2025-018,2026-09-06 00:00:00,11:10:58,12946.5,0,0,0,0,12946.5,12946.5,0,posted,فاتورة كاش اوفلاين - تم المزامنة,4,,2026-09-06 11:10:58,2026-09-17 07:05:04,,,2026-09-06 11:10:58,SALE-1788682549882-5231,260906-2025-018,mobile,offline,,synced,2026-09-06 11:10:58,,1,8,SALE-1788682549882-5231
1658,2,1,1,52,253,9,4,1201,,,1,260906-2025-019,2026-09-06 00:00:00,11:10:59,143850,0,0,0,0,143850,143850,0,posted,فاتورة كاش اوفلاين - تم المزامنة,4,,2026-09-06 11:10:59,2026-09-17 07:05:05,,,2026-09-06 11:10:59,SALE-1788682758122-6050,260906-2025-019,mobile,offline,,synced,2026-09-06 11:10:59,,1,7,SALE-1788682758122-6050
1659,2,1,1,52,253,9,4,1223,,,1,260906-2025-020,2026-09-06 00:00:00,11:11:00,23975,0,0,0,0,23975,23975,0,posted,فاتورة كاش اوفلاين - تم المزامنة,4,,2026-09-06 11:11:00,2026-09-17 07:05:06,,,2026-09-06 11:11:00,SALE-1788683722879-2006,260906-2025-020,mobile,offline,,synced,2026-09-06 11:11:00,,1,7,SALE-1788683722879-2006
1660,2,1,1,52,253,9,4,1234,,,1,260906-2025-021,2026-09-06 00:00:00,11:11:01,23975,0,0,0,0,23975,23975,0,posted,فاتورة كاش اوفلاين - تم المزامنة,4,,2026-09-06 11:11:01,2026-09-17 07:05:06,,,2026-09-06 11:11:01,SALE-1788683783101-4749,260906-2025-021,mobile,offline,,synced,2026-09-06 11:11:01,,1,7,SALE-1788683783101-4749
1661,2,1,1,52,253,9,4,1193,,,1,260906-2025-022,2026-09-06 00:00:00,11:11:01,4795,0,0,0,0,4795,4795,0,posted,فاتورة كاش اوفلاين - تم المزامنة,4,,2026-09-06 11:11:01,2026-09-17 07:05:07,,,2026-09-06 11:11:01,SALE-1788683835884-8169,260906-2025-022,mobile,offline,,synced,2026-09-06 11:11:01,,1,7,SALE-1788683835884-8169
1662,2,1,1,52,253,9,4,1191,,,1,260906-2025-023,2026-09-06 00:00:00,11:11:02,19180,0,0,0,0,19180,19180,0,posted,فاتورة كاش اوفلاين - تم المزامنة,4,,2026-09-06 11:11:02,2026-09-17 07:05:08,,,2026-09-06 11:11:02,SALE-1788683877245-1589,260906-2025-023,mobile,offline,,synced,2026-09-06 11:11:02,,1,7,SALE-1788683877245-1589
1663,2,1,1,52,253,9,4,1213,,,1,260906-2025-024,2026-09-06 00:00:00,11:11:03,20139,0,0,0,0,20139,20139,0,posted,فاتورة كاش اوفلاين - تم المزامنة,4,,2026-09-06 11:11:03,2026-09-17 07:05:08,,,2026-09-06 11:11:03,SALE-1788684141453-7318,260906-2025-024,mobile,offline,,synced,2026-09-06 11:11:03,,1,7,SALE-1788684141453-7318
1664,2,1,1,52,253,9,4,1219,,,1,260906-2025-025,2026-09-06 00:00:00,11:11:04,23975,0,0,0,0,23975,23975,0,posted,فاتورة كاش اوفلاين - تم المزامنة,4,,2026-09-06 11:11:04,2026-09-17 07:05:09,,,2026-09-06 11:11:04,SALE-1788684372712-850,260906-2025-025,mobile,offline,,synced,2026-09-06 11:11:04,,1,7,SALE-1788684372712-850
1665,2,1,1,,,9,4,1173,,,1,260906-2025-026,2026-09-06 00:00:00,11:11:05,4315.5,0,0,0,0,4315.5,4315.5,0,posted,فاتورة كاش اوفلاين - تم المزامنة,4,,2026-09-06 11:11:05,2026-09-17 07:05:10,,,2026-09-06 11:11:05,SALE-1788685249108-8861,260906-2025-026,mobile,offline,,synced,2026-09-06 11:11:05,,1,,SALE-1788685249108-8861
1666,2,1,1,52,253,9,4,1195,,,1,260906-2025-027,2026-09-06 00:00:00,11:11:06,5754,0,0,0,0,5754,5754,0,posted,فاتورة كاش اوفلاين - تم المزامنة,4,,2026-09-06 11:11:06,2026-09-17 07:05:09,,,2026-09-06 11:11:06,SALE-1788685322113-3331,260906-2025-027,mobile,offline,,synced,2026-09-06 11:11:06,,1,7,SALE-1788685322113-3331
1667,2,1,1,52,253,9,4,1226,,,1,260906-2025-028,2026-09-06 00:00:00,11:11:06,3836,0,0,0,0,3836,3836,0,posted,فاتورة كاش اوفلاين - تم المزامنة,4,,2026-09-06 11:11:06,2026-09-17 07:05:10,,,2026-09-06 11:11:06,SALE-1788685560500-4425,260906-2025-028,mobile,offline,,synced,2026-09-06 11:11:06,,1,7,SALE-1788685560500-4425
1668,2,1,1,52,253,9,4,1194,,,1,260906-2025-029,2026-09-06 00:00:00,11:11:07,6233.5,0,0,0,0,6233.5,6233.5,0,posted,فاتورة كاش اوفلاين - تم المزامنة,4,,2026-09-06 11:11:07,2026-09-17 07:05:11,,,2026-09-06 11:11:07,SALE-1788685627612-2784,260906-2025-029,mobile,offline,,synced,2026-09-06 11:11:07,,1,7,SALE-1788685627612-2784
1669,2,1,1,52,253,9,4,1205,,,1,260906-2025-030,2026-09-06 00:00:00,11:11:08,23975,0,0,0,0,23975,23975,0,posted,فاتورة كاش اوفلاين - تم المزامنة,4,,2026-09-06 11:11:08,2026-09-17 07:05:11,,,2026-09-06 11:11:08,SALE-1788685700273-8778,260906-2025-030,mobile,offline,,synced,2026-09-06 11:11:08,,1,7,SALE-1788685700273-8778
1670,2,1,1,52,253,9,4,1197,,,1,260906-2025-031,2026-09-06 00:00:00,11:11:09,4795,0,0,0,0,4795,4795,0,posted,فاتورة كاش اوفلاين - تم المزامنة,4,,2026-09-06 11:11:09,2026-09-17 07:05:12,,,2026-09-06 11:11:09,SALE-1788685779896-1932,260906-2025-031,mobile,offline,,synced,2026-09-06 11:11:09,,1,7,SALE-1788685779896-1932
1671,2,1,1,52,253,9,4,1230,,,1,260906-2025-032,2026-09-06 00:00:00,11:11:10,4795,0,0,0,0,4795,4795,0,posted,فاتورة كاش اوفلاين - تم المزامنة,4,,2026-09-06 11:11:10,2026-09-17 07:05:13,,,2026-09-06 11:11:10,SALE-1788685821253-8583,260906-2025-032,mobile,offline,,synced,2026-09-06 11:11:10,,1,7,SALE-1788685821253-8583
1672,2,1,1,52,253,9,4,1174,,,1,260906-2025-033,2026-09-06 00:00:00,11:11:10,6713,0,0,0,0,6713,6713,0,posted,فاتورة كاش اوفلاين - تم المزامنة,4,,2026-09-06 11:11:10,2026-09-17 07:05:13,,,2026-09-06 11:11:10,SALE-1788685888794-7516,260906-2025-033,mobile,offline,,synced,2026-09-06 11:11:10,,1,7,SALE-1788685888794-7516
1673,2,1,1,52,253,9,4,1228,,,1,260906-2025-034,2026-09-06 00:00:00,11:11:11,10069.5,0,0,0,0,10069.5,10069.5,0,posted,فاتورة كاش اوفلاين - تم المزامنة,4,,2026-09-06 11:11:11,2026-09-17 07:05:14,,,2026-09-06 11:11:11,SALE-1788685956466-1425,260906-2025-034,mobile,offline,,synced,2026-09-06 11:11:11,,1,7,SALE-1788685956466-1425
1674,2,1,1,52,253,9,4,1192,,,1,260906-2025-035,2026-09-06 00:00:00,11:11:12,5274.5,0,0,0,0,5274.5,5274.5,0,posted,فاتورة كاش اوفلاين - تم المزامنة,4,,2026-09-06 11:11:12,2026-09-17 07:05:14,,,2026-09-06 11:11:12,SALE-1788686008620-1782,260906-2025-035,mobile,offline,,synced,2026-09-06 11:11:12,,1,7,SALE-1788686008620-1782
1675,2,1,1,52,253,9,4,1188,,,1,260906-2025-036,2026-09-06 00:00:00,11:11:13,10069.5,0,0,0,0,10069.5,10069.5,0,posted,فاتورة كاش اوفلاين - تم المزامنة,4,,2026-09-06 11:11:13,2026-09-17 07:05:15,,,2026-09-06 11:11:13,SALE-1788686055212-2712,260906-2025-036,mobile,offline,,synced,2026-09-06 11:11:13,,1,7,SALE-1788686055212-2712
1676,2,1,1,52,253,9,4,697,,,1,260906-2025-037,2026-09-06 00:00:00,11:11:14,4795,0,0,0,0,4795,4795,0,posted,فاتورة كاش اوفلاين - تم المزامنة,4,,2026-09-06 11:11:14,2026-09-17 07:05:15,,,2026-09-06 11:11:14,SALE-1788686131490-5305,260906-2025-037,mobile,offline,,synced,2026-09-06 11:11:14,,1,8,SALE-1788686131490-5305
1677,2,1,1,,,9,4,1202,,,1,260906-2025-038,2026-09-06 00:00:00,11:11:14,14385,0,0,0,0,14385,14385,0,posted,فاتورة كاش اوفلاين - تم المزامنة,4,,2026-09-06 11:11:14,2026-09-17 07:05:22,,,2026-09-06 11:11:14,SALE-1788686185365-7170,260906-2025-038,mobile,offline,,synced,2026-09-06 11:11:14,,1,,SALE-1788686185365-7170
1678,2,1,1,52,253,9,4,1203,,,1,260906-2025-039,2026-09-06 00:00:00,11:11:15,9590,0,0,0,0,9590,9590,0,posted,فاتورة كاش اوفلاين - تم المزامنة,4,,2026-09-06 11:11:15,2026-09-17 07:05:16,,,2026-09-06 11:11:15,SALE-1788686245846-7098,260906-2025-039,mobile,offline,,synced,2026-09-06 11:11:15,,1,7,SALE-1788686245846-7098
1679,2,1,1,52,253,9,4,1178,,,1,260906-2025-040,2026-09-06 00:00:00,11:11:16,2877,0,0,0,0,2877,2877,0,posted,فاتورة كاش اوفلاين - تم المزامنة,4,,2026-09-06 11:11:16,2026-09-17 07:05:16,,,2026-09-06 11:11:16,SALE-1788686332739-7370,260906-2025-040,mobile,offline,,synced,2026-09-06 11:11:16,,1,7,SALE-1788686332739-7370
1680,2,1,1,52,253,9,4,1208,,,1,260906-2025-041,2026-09-06 00:00:00,11:11:17,2877,0,0,0,0,2877,2877,0,posted,فاتورة كاش اوفلاين - تم المزامنة,4,,2026-09-06 11:11:17,2026-09-17 07:05:17,,,2026-09-06 11:11:17,SALE-1788686376893-9513,260906-2025-041,mobile,offline,,synced,2026-09-06 11:11:17,,1,7,SALE-1788686376893-9513
1681,2,1,1,52,253,9,4,1189,,,1,260906-2025-042,2026-09-06 00:00:00,11:11:18,7192.5,0,0,0,0,7192.5,7192.5,0,posted,فاتورة كاش اوفلاين - تم المزامنة,4,,2026-09-06 11:11:18,2026-09-17 07:05:17,,,2026-09-06 11:11:18,SALE-1788686400130-2544,260906-2025-042,mobile,offline,,synced,2026-09-06 11:11:18,,1,7,SALE-1788686400130-2544
1682,2,1,1,52,253,9,4,1175,,,1,260906-2025-043,2026-09-06 00:00:00,11:11:18,4795,0,0,0,0,4795,4795,0,posted,فاتورة كاش اوفلاين - تم المزامنة,4,,2026-09-06 11:11:18,2026-09-17 07:05:18,,,2026-09-06 11:11:18,SALE-1788686477522-8489,260906-2025-043,mobile,offline,,synced,2026-09-06 11:11:18,,1,7,SALE-1788686477522-8489
1683,2,1,1,52,253,9,4,1215,,,1,260906-2025-044,2026-09-06 00:00:00,11:11:19,5274.5,0,0,0,0,5274.5,5274.5,0,posted,فاتورة كاش اوفلاين - تم المزامنة,4,,2026-09-06 11:11:19,2026-09-17 07:05:18,,,2026-09-06 11:11:19,SALE-1788686539704-2368,260906-2025-044,mobile,offline,,synced,2026-09-06 11:11:19,,1,7,SALE-1788686539704-2368
1684,2,1,1,52,253,9,4,1233,,,1,260906-2025-045,2026-09-06 00:00:00,11:11:20,7192.5,0,0,0,0,7192.5,7192.5,0,posted,فاتورة كاش اوفلاين - تم المزامنة,4,,2026-09-06 11:11:20,2026-09-17 07:05:19,,,2026-09-06 11:11:20,SALE-1788686591670-9836,260906-2025-045,mobile,offline,,synced,2026-09-06 11:11:20,,1,7,SALE-1788686591670-9836
1685,2,1,1,52,253,9,4,1210,,,1,260906-2025-046,2026-09-06 00:00:00,11:11:21,2397.5,0,0,0,0,2397.5,2397.5,0,posted,فاتورة كاش اوفلاين - تم المزامنة,4,,2026-09-06 11:11:21,2026-09-17 07:05:19,,,2026-09-06 11:11:21,SALE-1788686633410-7605,260906-2025-046,mobile,offline,,synced,2026-09-06 11:11:21,,1,7,SALE-1788686633410-7605
1686,2,1,1,52,253,9,4,1199,,,1,260906-2025-047,2026-09-06 00:00:00,11:11:22,10069.5,0,0,0,0,10069.5,10069.5,0,posted,فاتورة كاش اوفلاين - تم المزامنة,4,,2026-09-06 11:11:22,2026-09-17 07:05:20,,,2026-09-06 11:11:22,SALE-1788686684109-5488,260906-2025-047,mobile,offline,,synced,2026-09-06 11:11:22,,1,7,SALE-1788686684109-5488
1687,2,1,1,52,253,9,4,1171,,,1,260906-2025-048,2026-09-06 00:00:00,11:11:22,14385,0,0,0,0,14385,14385,0,posted,فاتورة كاش اوفلاين - تم المزامنة,4,,2026-09-06 11:11:22,2026-09-17 07:05:21,,,2026-09-06 11:11:22,SALE-1788686735949-3916,260906-2025-048,mobile,offline,,synced,2026-09-06 11:11:22,,1,7,SALE-1788686735949-3916
1688,2,1,1,52,253,9,4,1238,,,1,260906-2025-049,2026-09-06 00:00:00,11:11:23,5754,0,0,0,0,5754,5754,0,posted,فاتورة كاش اوفلاين - تم المزامنة,4,,2026-09-06 11:11:23,2026-09-17 07:05:21,,,2026-09-06 11:11:23,SALE-1788686832900-1462,260906-2025-049,mobile,offline,,synced,2026-09-06 11:11:23,,1,7,SALE-1788686832900-1462
1689,2,1,1,52,253,9,4,1184,,,1,260906-2025-050,2026-09-06 00:00:00,11:11:24,959,0,0,0,0,959,959,0,posted,فاتورة كاش اوفلاين - تم المزامنة,4,,2026-09-06 11:11:24,2026-09-17 07:05:22,,,2026-09-06 11:11:24,SALE-1788686929301-2244,260906-2025-050,mobile,offline,,synced,2026-09-06 11:11:24,,1,7,SALE-1788686929301-2244
1690,2,1,1,52,253,9,4,1179,,,1,260906-2025-051,2026-09-06 00:00:00,11:11:25,23975,0,0,0,0,23975,23975,0,posted,فاتورة كاش اوفلاين - تم المزامنة,4,,2026-09-06 11:11:25,2026-09-17 07:05:23,,,2026-09-06 11:11:25,SALE-1788686977768-4267,260906-2025-051,mobile,offline,,synced,2026-09-06 11:11:25,,1,7,SALE-1788686977768-4267
1691,2,1,1,52,253,9,4,1221,,,1,260906-2025-052,2026-09-06 00:00:00,11:11:26,158235,0,0,0,0,158235,158235,0,posted,فاتورة كاش اوفلاين - تم المزامنة,4,,2026-09-06 11:11:26,2026-09-17 07:05:23,,,2026-09-06 11:11:26,SALE-1788687228220-7731,260906-2025-052,mobile,offline,,synced,2026-09-06 11:11:26,,1,7,SALE-1788687228220-7731
1692,2,1,1,51,252,12,5,1075,,,1,260906-2026-041,2026-09-06 00:00:00,11:11:26,9590,0,0,0,0,9590,9590,0,posted,فاتورة كاش اوفلاين - تم المزامنة,5,,2026-09-06 11:11:26,2026-09-17 07:20:20,,,2026-09-06 11:11:26,SALE-1788693085092-1554,260906-2026-041,mobile,offline,,synced,2026-09-06 11:11:26,,2,7,SALE-1788693085092-1554
1693,2,1,1,52,253,9,4,1211,,,1,260906-2025-053,2026-09-06 00:00:00,11:11:27,7192.5,0,0,0,0,7192.5,7192.5,0,posted,فاتورة كاش اوفلاين - تم المزامنة,4,,2026-09-06 11:11:27,2026-09-17 07:05:24,,,2026-09-06 11:11:27,SALE-1788687669493-8575,260906-2025-053,mobile,offline,,synced,2026-09-06 11:11:27,,1,7,SALE-1788687669493-8575
1694,2,1,1,52,253,9,4,1172,,,1,260906-2025-054,2026-09-06 00:00:00,11:11:27,47950,0,0,0,0,47950,47950,0,posted,فاتورة كاش اوفلاين - تم المزامنة,4,,2026-09-06 11:11:27,2026-09-17 07:05:24,,,2026-09-06 11:11:27,SALE-1788687712317-5962,260906-2025-054,mobile,offline,,synced,2026-09-06 11:11:27,,1,7,SALE-1788687712317-5962
1695,2,1,1,52,253,9,4,1181,,,1,260906-2025-055,2026-09-06 00:00:00,11:11:28,29729,0,0,0,0,29729,29729,0,posted,فاتورة كاش اوفلاين - تم المزامنة,4,,2026-09-06 11:11:28,2026-09-17 07:05:25,,,2026-09-06 11:11:28,SALE-1788687932403-1047,260906-2025-055,mobile,offline,,synced,2026-09-06 11:11:28,,1,7,SALE-1788687932403-1047
1696,2,1,1,52,253,9,4,1467,,,1,260906-2025-056,2026-09-06 00:00:00,11:11:29,47950,0,0,0,0,47950,47950,0,posted,فاتورة كاش اوفلاين - تم المزامنة,4,,2026-09-06 11:11:29,2026-09-17 07:05:26,,,2026-09-06 11:11:29,SALE-1788688115103-4326,260906-2025-056,mobile,offline,,synced,2026-09-06 11:11:29,,1,7,SALE-1788688115103-4326
1697,2,1,1,52,253,9,4,1176,,,1,260906-2025-057,2026-09-06 00:00:00,11:11:29,1918,0,0,0,0,1918,1918,0,posted,فاتورة كاش اوفلاين - تم المزامنة,4,,2026-09-06 11:11:29,2026-09-06 11:11:29,,,2026-09-06 11:11:29,SALE-1788688164235-5198,260906-2025-057,mobile,offline,,synced,2026-09-06 11:11:29,,1,7,SALE-1788688164235-5198
1698,2,1,1,52,253,9,4,1214,,,1,260906-2025-058,2026-09-06 00:00:00,11:11:30,23975,0,0,0,0,23975,23975,0,posted,فاتورة كاش اوفلاين - تم المزامنة,4,,2026-09-06 11:11:30,2026-09-17 07:05:27,,,2026-09-06 11:11:30,SALE-1788688295896-5309,260906-2025-058,mobile,offline,,synced,2026-09-06 11:11:30,,1,7,SALE-1788688295896-5309
1699,2,1,1,52,253,9,4,1204,,,1,260906-2025-059,2026-09-06 00:00:00,11:11:31,51786,0,0,0,0,51786,51786,0,posted,فاتورة كاش اوفلاين - تم المزامنة,4,,2026-09-06 11:11:31,2026-09-17 07:05:29,,,2026-09-06 11:11:31,SALE-1788690833979-5740,260906-2025-059,mobile,offline,,synced,2026-09-06 11:11:31,,1,7,SALE-1788690833979-5740
1700,2,1,1,,,,,697,,,1,SA-00013,2026-09-06 00:00:00,11:59:57,350035,0,0,0,0,402540.25,0,402540.25,approved,Ø£Ù…Ø± Ø¨ÙŠØ¹ Ù…Ù† Ø§ØºÙ„Ø§Ù‚ Ø§Ù„Ø¥Ø°Ù† RO-00015,27,27,2026-09-06 11:59:57,2026-09-15 18:24:22,2026-09-17 17:14:07,,,,,desktop,,,synced,,,,,
1701,2,1,1,,,,,697,,,1,SA-00014,2026-09-06 00:00:00,12:00:10,622391,0,0,0,0,715749.65,0,715749.65,approved,Ø£Ù…Ø± Ø¨ÙŠØ¹ Ù…Ù† Ø§ØºÙ„Ø§Ù‚ Ø§Ù„Ø¥Ø°Ù† RO-00014,27,27,2026-09-06 12:00:10,2026-09-15 18:24:22,2026-09-17 17:14:07,,,,,desktop,,,synced,,,,,
1702,2,1,1,53,254,15,6,780,,,1,260906-2027-001,2026-09-06 00:00:00,12:03:43,251737.5,0,0,0,0,251737.5,251737.5,0,posted,فاتورة كاش اوفلاين - تم المزامنة,6,,2026-09-06 12:03:43,2026-09-10 05:56:32,,,2026-09-06 12:03:43,SALE-1788696222013-5756,260906-2027-001,mobile,offline,,synced,2026-09-06 12:03:43,,2,7,SALE-1788696222013-5756
1703,2,1,1,53,254,15,6,778,,,1,260906-2027-002,2026-09-06 00:00:00,12:06:38,671300,0,0,0,0,671300,1054900,0,posted,فاتورة كاش اوفلاين - تم المزامنة,6,,2026-09-06 12:06:38,2026-09-10 05:56:32,,,2026-09-06 12:06:38,SALE-1788696397541-6751,260906-2027-002,mobile,offline,,synced,2026-09-06 12:06:38,,2,7,SALE-1788696397541-6751
1704,2,1,1,53,254,15,6,790,,,1,260906-2027-003,2026-09-06 00:00:00,12:07:26,23975,0,0,0,0,23975,23975,0,posted,فاتورة كاش اوفلاين - تم المزامنة,6,,2026-09-06 12:07:26,2026-09-10 05:56:33,,,2026-09-06 12:07:26,SALE-1788696445765-5798,260906-2027-003,mobile,offline,,synced,2026-09-06 12:07:26,,2,7,SALE-1788696445765-5798
1705,2,1,1,53,254,15,6,784,,,1,260906-2027-004,2026-09-06 00:00:00,12:08:41,179812.5,0,0,0,0,179812.5,179812.5,0,posted,فاتورة كاش اوفلاين - تم المزامنة,6,,2026-09-06 12:08:41,2026-09-10 05:56:34,,,2026-09-06 12:08:42,SALE-1788696520907-4460,260906-2027-004,mobile,offline,,synced,2026-09-06 12:08:41,,2,7,SALE-1788696520907-4460
1706,2,1,1,53,254,15,6,1463,,,1,260906-2027-005,2026-09-06 00:00:00,12:09:17,909150,0,0,0,0,909150,909150,0,posted,فاتورة كاش اوفلاين - تم المزامنة,6,,2026-09-06 12:09:17,2026-09-10 05:56:34,,,2026-09-06 12:09:17,SALE-1788696556001-8769,260906-2027-005,mobile,offline,,synced,2026-09-06 12:09:17,,2,6,SALE-1788696556001-8769
1707,2,1,1,53,254,15,6,779,,,1,260906-2027-006,2026-09-06 00:00:00,12:13:39,371612.5,0,0,0,0,371612.5,371612.5,0,posted,فاتورة كاش اوفلاين - تم المزامنة,6,,2026-09-06 12:13:39,2026-09-10 05:56:35,,,2026-09-06 12:13:39,SALE-1788696818314-6277,260906-2027-006,mobile,offline,,synced,2026-09-06 12:13:39,,2,7,SALE-1788696818314-6277
1708,2,1,1,53,254,15,6,697,,,1,260906-2027-007,2026-09-06 00:00:00,12:15:00,119875,0,0,0,0,119875,119875,0,posted,فاتورة كاش اوفلاين - تم المزامنة,6,,2026-09-06 12:15:00,2026-09-10 05:56:36,,,2026-09-06 12:15:00,SALE-1788696899516-4544,260906-2027-007,mobile,offline,,synced,2026-09-06 12:15:00,,2,8,SALE-1788696899516-4544
1709,2,1,1,53,254,15,6,697,,,1,260906-2027-008,2026-09-06 00:00:00,12:15:12,3356.5,0,0,0,0,3356.5,3356.5,0,posted,فاتورة كاش اوفلاين - تم المزامنة,6,,2026-09-06 12:15:12,2026-09-06 12:15:12,,,2026-09-06 12:15:12,SALE-1788696910975-8326,260906-2027-008,mobile,offline,,synced,2026-09-06 12:15:12,,2,8,SALE-1788696910975-8326
1710,2,1,1,,,,,697,,,1,SA-00015,2026-09-06 00:00:00,12:19:11,0,0,0,0,0,0,0,0,approved,Ø£Ù…Ø± Ø¨ÙŠØ¹ Ù…Ù† Ø§ØºÙ„Ø§Ù‚ Ø§Ù„Ø¥Ø°Ù† RO-00016,2,2,2026-09-06 12:19:11,2026-09-06 12:19:11,2026-09-17 17:14:07,,,,,desktop,,,synced,,,,,
1711,2,1,1,55,256,16,5,1366,,,1,260907-2026-001,2026-09-07 00:00:00,07:20:42,4795,0,0,0,0,4795,4795,0,posted,فاتورة كاش اوفلاين - تم المزامنة,5,,2026-09-07 07:20:42,2026-09-17 07:20:21,,,2026-09-07 07:20:42,SALE-1788765642114-6418,260907-2026-001,mobile,offline,,synced,2026-09-07 07:20:42,,2,7,SALE-1788765642114-6418
1712,2,1,1,55,256,14,5,1065,,,1,260907-2026-002,2026-09-07 00:00:00,07:21:45,23975,0,0,0,0,23975,23975,0,posted,فاتورة كاش اوفلاين - تم المزامنة,5,,2026-09-07 07:21:45,2026-09-17 07:20:21,,,2026-09-07 07:21:45,SALE-1788765704638-9741,260907-2026-002,mobile,offline,,synced,2026-09-07 07:21:45,,2,7,SALE-1788765704638-9741
1713,2,1,1,55,256,16,5,1373,,,1,260907-2026-003,2026-09-07 00:00:00,07:23:58,5754,0,0,0,0,5754,5754,0,posted,فاتورة كاش اوفلاين - تم المزامنة,5,,2026-09-07 07:23:58,2026-09-17 07:20:22,,,2026-09-07 07:23:58,SALE-1788765837195-6129,260907-2026-003,mobile,offline,,synced,2026-09-07 07:23:58,,2,7,SALE-1788765837195-6129
1714,2,1,1,55,256,16,5,1424,,,1,260907-2026-004,2026-09-07 00:00:00,07:24:52,4795,0,0,0,0,4795,4795,0,posted,فاتورة كاش اوفلاين - تم المزامنة,5,,2026-09-07 07:24:52,2026-09-17 07:20:22,,,2026-09-07 07:24:52,SALE-1788765890803-1288,260907-2026-004,mobile,offline,,synced,2026-09-07 07:24:52,,2,7,SALE-1788765890803-1288
1715,2,1,1,55,256,16,5,1468,,,1,260907-2026-005,2026-09-07 00:00:00,07:25:35,4315.5,0,0,0,0,4315.5,4315.5,0,posted,فاتورة كاش اوفلاين - تم المزامنة,5,,2026-09-07 07:25:35,2026-09-17 07:20:23,,,2026-09-07 07:25:35,SALE-1788765933733-4573,260907-2026-005,mobile,offline,,synced,2026-09-07 07:25:35,,2,7,SALE-1788765933733-4573
1716,2,1,1,55,256,16,5,1396,,,1,260907-2026-006,2026-09-07 00:00:00,07:26:31,2397.5,0,0,0,0,2397.5,2397.5,0,posted,فاتورة كاش اوفلاين - تم المزامنة,5,,2026-09-07 07:26:31,2026-09-17 07:20:23,,,2026-09-07 07:26:31,SALE-1788765990584-1865,260907-2026-006,mobile,offline,,synced,2026-09-07 07:26:31,,2,7,SALE-1788765990584-1865
1717,2,1,1,55,256,16,5,1368,,,1,260907-2026-007,2026-09-07 00:00:00,07:27:26,19180,0,0,0,0,19180,19180,0,posted,فاتورة كاش اوفلاين - تم المزامنة,5,,2026-09-07 07:27:26,2026-09-17 07:20:24,,,2026-09-07 07:27:26,SALE-1788766045990-8064,260907-2026-007,mobile,offline,,synced,2026-09-07 07:27:26,,2,7,SALE-1788766045990-8064
1718,2,1,1,55,256,16,5,1406,,,1,260907-2026-008,2026-09-07 00:00:00,07:28:38,4795,0,0,0,0,4795,4795,0,posted,فاتورة كاش اوفلاين - تم المزامنة,5,,2026-09-07 07:28:38,2026-09-17 07:20:24,,,2026-09-07 07:28:38,SALE-1788766117674-348,260907-2026-008,mobile,offline,,synced,2026-09-07 07:28:38,,2,7,SALE-1788766117674-348
1719,2,1,1,55,256,16,5,697,,,1,260907-2026-009,2026-09-07 00:00:00,07:29:40,2397.5,0,0,0,0,2397.5,2397.5,0,posted,فاتورة كاش اوفلاين - تم المزامنة,5,,2026-09-07 07:29:40,2026-09-17 07:20:25,,,2026-09-07 07:29:40,SALE-1788766179220-3682,260907-2026-009,mobile,offline,,synced,2026-09-07 07:29:40,,2,8,SALE-1788766179220-3682
1720,2,1,1,55,256,16,5,1385,,,1,260907-2026-010,2026-09-07 00:00:00,07:30:47,4795,0,0,0,0,4795,4795,0,posted,فاتورة كاش اوفلاين - تم المزامنة,5,,2026-09-07 07:30:47,2026-09-17 07:20:26,,,2026-09-07 07:30:47,SALE-1788766246529-4770,260907-2026-010,mobile,offline,,synced,2026-09-07 07:30:47,,2,7,SALE-1788766246529-4770
1721,2,1,1,55,256,16,5,1413,,,1,260907-2026-011,2026-09-07 00:00:00,07:31:39,4315.5,0,0,0,0,4315.5,4315.5,0,posted,فاتورة كاش اوفلاين - تم المزامنة,5,,2026-09-07 07:31:39,2026-09-17 07:20:26,,,2026-09-07 07:31:39,SALE-1788766298144-7414,260907-2026-011,mobile,offline,,synced,2026-09-07 07:31:39,,2,7,SALE-1788766298144-7414
1722,2,1,1,55,256,16,5,1344,,,1,260907-2026-012,2026-09-07 00:00:00,07:32:13,9590,0,0,0,0,9590,9590,0,posted,فاتورة كاش اوفلاين - تم المزامنة,5,,2026-09-07 07:32:13,2026-09-07 07:32:13,,,2026-09-07 07:32:13,SALE-1788766332632-2259,260907-2026-012,mobile,offline,,synced,2026-09-07 07:32:13,,2,7,SALE-1788766332632-2259
1723,2,1,1,55,256,16,5,1395,,,1,260907-2026-013,2026-09-07 00:00:00,07:32:49,2397.5,0,0,0,0,2397.5,2397.5,0,posted,فاتورة كاش اوفلاين - تم المزامنة,5,,2026-09-07 07:32:49,2026-09-17 07:20:27,,,2026-09-07 07:32:49,SALE-1788766368853-796,260907-2026-013,mobile,offline,,synced,2026-09-07 07:32:49,,2,7,SALE-1788766368853-796
1724,2,1,1,55,256,16,5,1379,,,1,260907-2026-014,2026-09-07 00:00:00,07:33:47,14385,0,0,0,0,14385,14385,0,posted,فاتورة كاش اوفلاين - تم المزامنة,5,,2026-09-07 07:33:47,2026-09-17 07:20:28,,,2026-09-07 07:33:47,SALE-1788766426821-6713,260907-2026-014,mobile,offline,,synced,2026-09-07 07:33:47,,2,7,SALE-1788766426821-6713
1725,2,1,1,55,256,16,5,1402,,,1,260907-2026-015,2026-09-07 00:00:00,07:34:39,4795,0,0,0,0,4795,4795,0,posted,فاتورة كاش اوفلاين - تم المزامنة,5,,2026-09-07 07:34:39,2026-09-17 07:20:28,,,2026-09-07 07:34:39,SALE-1788766478439-8664,260907-2026-015,mobile,offline,,synced,2026-09-07 07:34:39,,2,7,SALE-1788766478439-8664
1726,2,1,1,55,256,16,5,1388,,,1,260907-2026-016,2026-09-07 00:00:00,07:35:19,7192.5,0,0,0,0,7192.5,7192.5,0,posted,فاتورة كاش اوفلاين - تم المزامنة,5,,2026-09-07 07:35:19,2026-09-17 07:20:29,,,2026-09-07 07:35:19,SALE-1788766518991-2334,260907-2026-016,mobile,offline,,synced,2026-09-07 07:35:19,,2,7,SALE-1788766518991-2334
1727,2,1,1,55,256,16,5,1425,,,1,260907-2026-017,2026-09-07 00:00:00,07:37:25,11987.5,0,0,0,0,11987.5,11987.5,0,posted,فاتورة كاش اوفلاين - تم المزامنة,5,,2026-09-07 07:37:25,2026-09-17 07:20:30,,,2026-09-07 07:37:25,SALE-1788766644328-1301,260907-2026-017,mobile,offline,,synced,2026-09-07 07:37:25,,2,7,SALE-1788766644328-1301
1728,2,1,1,55,256,16,5,1383,,,1,260907-2026-018,2026-09-07 00:00:00,07:38:22,33565,0,0,0,0,33565,33565,0,posted,فاتورة كاش اوفلاين - تم المزامنة,5,,2026-09-07 07:38:22,2026-09-17 07:20:30,,,2026-09-07 07:38:22,SALE-1788766701819-3686,260907-2026-018,mobile,offline,,synced,2026-09-07 07:38:22,,2,7,SALE-1788766701819-3686
1729,2,1,1,55,256,14,5,1060,,,1,260907-2026-019,2026-09-07 00:00:00,07:41:04,2877,0,0,0,0,2877,2877,0,posted,فاتورة كاش اوفلاين - تم المزامنة,5,,2026-09-07 07:41:04,2026-09-17 07:20:31,,,2026-09-07 07:41:04,SALE-1788766863343-5688,260907-2026-019,mobile,offline,,synced,2026-09-07 07:41:04,,2,7,SALE-1788766863343-5688
1730,2,1,1,54,255,10,4,1265,,,1,260907-2025-001,2026-09-07 00:00:00,07:41:34,6233.5,0,0,0,0,6233.5,6233.5,0,posted,فاتورة كاش اوفلاين - تم المزامنة,4,,2026-09-07 07:41:34,2026-09-17 07:05:30,,,2026-09-07 07:41:34,SALE-1788766893687-5382,260907-2025-001,mobile,offline,,synced,2026-09-07 07:41:34,,1,7,SALE-1788766893687-5382
1731,2,1,1,55,256,14,5,1055,,,1,260907-2026-020,2026-09-07 00:00:00,07:42:12,14385,0,0,0,0,14385,14385,0,posted,فاتورة كاش اوفلاين - تم المزامنة,5,,2026-09-07 07:42:12,2026-09-17 07:20:31,,,2026-09-07 07:42:12,SALE-1788766931644-1284,260907-2026-020,mobile,offline,,synced,2026-09-07 07:42:12,,2,7,SALE-1788766931644-1284
1732,2,1,1,54,255,10,4,1296,,,1,260907-2025-002,2026-09-07 00:00:00,07:42:54,9590,0,0,0,0,9590,9590,0,posted,فاتورة كاش اوفلاين - تم المزامنة,4,,2026-09-07 07:42:54,2026-09-17 07:05:30,,,2026-09-07 07:42:54,SALE-1788766973395-9006,260907-2025-002,mobile,offline,,synced,2026-09-07 07:42:54,,1,7,SALE-1788766973395-9006
1733,2,1,1,54,255,10,4,1292,,,1,260907-2025-003,2026-09-07 00:00:00,07:43:46,1918,0,0,0,0,1918,1918,0,posted,فاتورة كاش اوفلاين - تم المزامنة,4,,2026-09-07 07:43:46,2026-09-17 07:05:31,,,2026-09-07 07:43:46,SALE-1788767025764-3346,260907-2025-003,mobile,offline,,synced,2026-09-07 07:43:46,,1,7,SALE-1788767025764-3346
1734,2,1,1,55,256,14,5,1052,,,1,260907-2026-021,2026-09-07 00:00:00,07:44:47,9590,0,0,0,0,9590,9590,0,posted,فاتورة كاش اوفلاين - تم المزامنة,5,,2026-09-07 07:44:47,2026-09-17 07:20:32,,,2026-09-07 07:44:47,SALE-1788767086515-6278,260907-2026-021,mobile,offline,,synced,2026-09-07 07:44:47,,2,7,SALE-1788767086515-6278
1735,2,1,1,54,255,10,4,1290,,,1,260907-2025-004,2026-09-07 00:00:00,07:45:08,3356.5,0,0,0,0,3356.5,3356.5,0,posted,فاتورة كاش اوفلاين - تم المزامنة,4,,2026-09-07 07:45:08,2026-09-17 07:05:31,,,2026-09-07 07:45:08,SALE-1788767107719-8434,260907-2025-004,mobile,offline,,synced,2026-09-07 07:45:08,,1,7,SALE-1788767107719-8434
1736,2,1,1,55,256,16,5,1369,,,1,260907-2026-022,2026-09-07 00:00:00,07:46:00,4315.5,0,0,0,0,4315.5,4315.5,0,posted,فاتورة كاش اوفلاين - تم المزامنة,5,,2026-09-07 07:46:00,2026-09-17 07:20:33,,,2026-09-07 07:46:00,SALE-1788767159003-2130,260907-2026-022,mobile,offline,,synced,2026-09-07 07:46:00,,2,7,SALE-1788767159003-2130
1737,2,1,1,54,255,10,4,1249,,,1,260907-2025-005,2026-09-07 00:00:00,07:46:01,9110.5,0,0,0,0,9110.5,9110.5,0,posted,فاتورة كاش اوفلاين - تم المزامنة,4,,2026-09-07 07:46:01,2026-09-17 07:05:32,,,2026-09-07 07:46:01,SALE-1788767160906-7709,260907-2025-005,mobile,offline,,synced,2026-09-07 07:46:01,,1,7,SALE-1788767160906-7709
1738,2,1,1,54,255,10,4,1264,,,1,260907-2025-006,2026-09-07 00:00:00,07:46:46,10069.5,0,0,0,0,10069.5,10069.5,0,posted,فاتورة كاش اوفلاين - تم المزامنة,4,,2026-09-07 07:46:46,2026-09-17 07:05:32,,,2026-09-07 07:46:46,SALE-1788767204317-2152,260907-2025-006,mobile,offline,,synced,2026-09-07 07:46:46,,1,7,SALE-1788767204317-2152
1739,2,1,1,55,256,16,5,1408,,,1,260907-2026-023,2026-09-07 00:00:00,07:47:12,2397.5,0,0,0,0,2397.5,2397.5,0,posted,فاتورة كاش اوفلاين - تم المزامنة,5,,2026-09-07 07:47:12,2026-09-07 07:50:09,,,2026-09-07 07:47:12,SALE-1788767231365-8334,260907-2026-023,mobile,offline,,synced,2026-09-07 07:47:12,,2,,SALE-1788767231365-8334
1740,2,1,1,55,256,16,5,1346,,,1,260907-2026-024,2026-09-07 00:00:00,07:47:53,1918,0,0,0,0,1918,1918,0,posted,فاتورة كاش اوفلاين - تم المزامنة,5,,2026-09-07 07:47:53,2026-09-17 07:20:33,,,2026-09-07 07:47:53,SALE-1788767273088-8212,260907-2026-024,mobile,offline,,synced,2026-09-07 07:47:53,,2,7,SALE-1788767273088-8212
1741,2,1,1,55,256,16,5,1469,,,1,260907-2026-025,2026-09-07 00:00:00,07:48:54,4795,0,0,0,0,4795,4795,0,posted,فاتورة كاش اوفلاين - تم المزامنة,5,,2026-09-07 07:48:54,2026-09-17 07:20:34,,,2026-09-07 07:48:54,SALE-1788767334164-6683,260907-2026-025,mobile,offline,,synced,2026-09-07 07:48:54,,2,7,SALE-1788767334164-6683
1742,2,1,1,54,255,10,4,1267,,,1,260907-2025-007,2026-09-07 00:00:00,07:49:44,14385,0,0,0,0,14385,14385,0,posted,فاتورة كاش اوفلاين - تم المزامنة,4,,2026-09-07 07:49:44,2026-09-17 07:05:33,,,2026-09-07 07:49:44,SALE-1788767383687-8061,260907-2025-007,mobile,offline,,synced,2026-09-07 07:49:44,,1,7,SALE-1788767383687-8061
1743,2,1,1,54,255,10,4,1271,,,1,260907-2025-008,2026-09-07 00:00:00,07:51:08,3836,0,0,0,0,3836,3836,0,posted,فاتورة كاش اوفلاين - تم المزامنة,4,,2026-09-07 07:51:08,2026-09-17 07:05:34,,,2026-09-07 07:51:08,SALE-1788767467164-3993,260907-2025-008,mobile,offline,,synced,2026-09-07 07:51:08,,1,7,SALE-1788767467164-3993
1744,2,1,1,55,256,14,5,1047,,,1,260907-2026-026,2026-09-07 00:00:00,07:51:43,11987.5,0,0,0,0,11987.5,11987.5,0,posted,فاتورة كاش اوفلاين - تم المزامنة,5,,2026-09-07 07:51:43,2026-09-17 07:20:35,,,2026-09-07 07:51:43,SALE-1788767502707-1639,260907-2026-026,mobile,offline,,synced,2026-09-07 07:51:43,,2,7,SALE-1788767502707-1639
1745,2,1,1,54,255,10,4,1252,,,1,260907-2025-009,2026-09-07 00:00:00,07:52:00,7192.5,0,0,0,0,7192.5,7192.5,0,posted,فاتورة كاش اوفلاين - تم المزامنة,4,,2026-09-07 07:52:00,2026-09-17 07:05:34,,,2026-09-07 07:52:00,SALE-1788767519162-5102,260907-2025-009,mobile,offline,,synced,2026-09-07 07:52:00,,1,7,SALE-1788767519162-5102
1746,2,1,1,55,256,16,5,1422,,,1,260907-2026-027,2026-09-07 00:00:00,07:52:52,4795,0,0,0,0,4795,4795,0,posted,فاتورة كاش اوفلاين - تم المزامنة,5,,2026-09-07 07:52:52,2026-09-17 07:20:36,,,2026-09-07 07:52:52,SALE-1788767571933-5887,260907-2026-027,mobile,offline,,synced,2026-09-07 07:52:52,,2,7,SALE-1788767571933-5887
1747,2,1,1,54,255,10,4,1275,,,1,260907-2025-010,2026-09-07 00:00:00,07:52:55,59937.5,0,0,0,0,59937.5,59937.5,0,posted,فاتورة كاش اوفلاين - تم المزامنة,4,,2026-09-07 07:52:55,2026-09-17 07:06:55,,,2026-09-07 07:52:55,SALE-1788767574424-9144,260907-2025-010,mobile,offline,,synced,2026-09-07 07:52:55,,1,,SALE-1788767574424-9144
1748,2,1,1,55,256,16,5,1423,,,1,260907-2026-028,2026-09-07 00:00:00,07:54:33,4795,0,0,0,0,4795,4795,0,posted,فاتورة كاش اوفلاين - تم المزامنة,5,,2026-09-07 07:54:33,2026-09-17 07:20:36,,,2026-09-07 07:54:33,SALE-1788767672709-9349,260907-2026-028,mobile,offline,,synced,2026-09-07 07:54:33,,2,7,SALE-1788767672709-9349
1749,2,1,1,54,255,10,4,1269,,,1,260907-2025-011,2026-09-07 00:00:00,07:55:29,14385,0,0,0,0,14385,14385,0,posted,فاتورة كاش اوفلاين - تم المزامنة,4,,2026-09-07 07:55:29,2026-09-17 07:05:35,,,2026-09-07 07:55:29,SALE-1788767728683-1285,260907-2025-011,mobile,offline,,synced,2026-09-07 07:55:29,,1,,SALE-1788767728683-1285
1750,2,1,1,55,256,16,5,1404,,,1,260907-2026-029,2026-09-07 00:00:00,07:55:43,11987.5,0,0,0,0,11987.5,11987.5,0,posted,فاتورة كاش اوفلاين - تم المزامنة,5,,2026-09-07 07:55:43,2026-09-17 07:20:37,,,2026-09-07 07:55:43,SALE-1788767742478-8092,260907-2026-029,mobile,offline,,synced,2026-09-07 07:55:43,,2,7,SALE-1788767742478-8092
1751,2,1,1,54,255,10,4,1258,,,1,260907-2025-012,2026-09-07 00:00:00,07:56:53,7192.5,0,0,0,0,7192.5,7192.5,0,posted,فاتورة كاش اوفلاين - تم المزامنة,4,,2026-09-07 07:56:53,2026-09-17 07:05:35,,,2026-09-07 07:56:53,SALE-1788767812463-3653,260907-2025-012,mobile,offline,,synced,2026-09-07 07:56:53,,1,7,SALE-1788767812463-3653
1752,2,1,1,54,255,10,4,1259,,,1,260907-2025-013,2026-09-07 00:00:00,07:58:19,5754,0,0,0,0,5754,5754,0,posted,فاتورة كاش اوفلاين - تم المزامنة,4,,2026-09-07 07:58:19,2026-09-17 07:05:36,,,2026-09-07 07:58:19,SALE-1788767898828-9987,260907-2025-013,mobile,offline,,synced,2026-09-07 07:58:19,,1,7,SALE-1788767898828-9987
1753,2,1,1,54,255,10,4,1297,,,1,260907-2025-014,2026-09-07 00:00:00,07:58:53,7192.5,0,0,0,0,7192.5,7192.5,0,posted,فاتورة كاش اوفلاين - تم المزامنة,4,,2026-09-07 07:58:53,2026-09-17 07:05:36,,,2026-09-07 07:58:53,SALE-1788767932802-4732,260907-2025-014,mobile,offline,,synced,2026-09-07 07:58:53,,1,7,SALE-1788767932802-4732
1754,2,1,1,55,256,16,5,1364,,,1,260907-2026-030,2026-09-07 00:00:00,07:59:23,1438.5,0,0,0,0,1438.5,1438.5,0,posted,فاتورة كاش اوفلاين - تم المزامنة,5,,2026-09-07 07:59:23,2026-09-17 07:20:37,,,2026-09-07 07:59:23,SALE-1788767962497-8288,260907-2026-030,mobile,offline,,synced,2026-09-07 07:59:23,,2,7,SALE-1788767962497-8288
1755,2,1,1,55,256,16,5,1416,,,1,260907-2026-031,2026-09-07 00:00:00,08:00:23,4795,0,0,0,0,4795,4795,0,posted,فاتورة كاش اوفلاين - تم المزامنة,5,,2026-09-07 08:00:23,2026-09-17 07:20:38,,,2026-09-07 08:00:23,SALE-1788768022273-3785,260907-2026-031,mobile,offline,,synced,2026-09-07 08:00:23,,2,7,SALE-1788768022273-3785
1756,2,1,1,54,255,10,4,1255,,,1,260907-2025-015,2026-09-07 00:00:00,08:00:44,6713,0,0,0,0,6713,6713,0,posted,فاتورة كاش اوفلاين - تم المزامنة,4,,2026-09-07 08:00:44,2026-09-17 07:05:37,,,2026-09-07 08:00:44,SALE-1788768043392-7370,260907-2025-015,mobile,offline,,synced,2026-09-07 08:00:44,,1,7,SALE-1788768043392-7370
1757,2,1,1,54,255,10,4,1301,,,1,260907-2025-016,2026-09-07 00:00:00,08:01:29,23975,0,0,0,0,23975,23975,0,posted,فاتورة كاش اوفلاين - تم المزامنة,4,,2026-09-07 08:01:29,2026-09-17 07:05:37,,,2026-09-07 08:01:29,SALE-1788768088915-4728,260907-2025-016,mobile,offline,,synced,2026-09-07 08:01:29,,1,7,SALE-1788768088915-4728
1758,2,1,1,55,256,14,5,1067,,,1,260907-2026-032,2026-09-07 00:00:00,08:01:39,23975,0,0,0,0,23975,23975,0,posted,فاتورة كاش اوفلاين - تم المزامنة,5,,2026-09-07 08:01:39,2026-09-17 07:20:38,,,2026-09-07 08:01:39,SALE-1788768098352-9823,260907-2026-032,mobile,offline,,synced,2026-09-07 08:01:39,,2,7,SALE-1788768098352-9823
1759,2,1,1,54,255,10,4,1272,,,1,260907-2025-017,2026-09-07 00:00:00,08:02:38,1438.5,0,0,0,0,1438.5,1438.5,0,posted,فاتورة كاش اوفلاين - تم المزامنة,4,,2026-09-07 08:02:38,2026-09-07 08:02:38,,,2026-09-07 08:02:38,SALE-1788768157869-4773,260907-2025-017,mobile,offline,,synced,2026-09-07 08:02:38,,1,7,SALE-1788768157869-4773
1760,2,1,1,54,255,10,4,1253,,,1,260907-2025-018,2026-09-07 00:00:00,08:03:46,2397.5,0,0,0,0,2397.5,2397.5,0,posted,فاتورة كاش اوفلاين - تم المزامنة,4,,2026-09-07 08:03:46,2026-09-17 07:05:38,,,2026-09-07 08:03:46,SALE-1788768225367-1201,260907-2025-018,mobile,offline,,synced,2026-09-07 08:03:46,,1,7,SALE-1788768225367-1201
1761,2,1,1,55,256,14,5,1056,,,1,260907-2026-033,2026-09-07 00:00:00,08:04:13,19180,0,0,0,0,19180,19180,0,posted,فاتورة كاش اوفلاين - تم المزامنة,5,,2026-09-07 08:04:13,2026-09-17 07:20:39,,,2026-09-07 08:04:13,SALE-1788768252854-2540,260907-2026-033,mobile,offline,,synced,2026-09-07 08:04:13,,2,7,SALE-1788768252854-2540
1762,2,1,1,54,255,10,4,1309,,,1,260907-2025-019,2026-09-07 00:00:00,08:04:27,21577.5,0,0,0,0,21577.5,21577.5,0,posted,فاتورة كاش اوفلاين - تم المزامنة,4,,2026-09-07 08:04:27,2026-09-17 07:05:39,,,2026-09-07 08:04:27,SALE-1788768266451-3723,260907-2025-019,mobile,offline,,synced,2026-09-07 08:04:27,,1,7,SALE-1788768266451-3723
1763,2,1,1,55,256,14,5,1044,,,1,260907-2026-034,2026-09-07 00:00:00,08:05:30,9590,0,0,0,0,9590,9590,0,posted,فاتورة كاش اوفلاين - تم المزامنة,5,,2026-09-07 08:05:30,2026-09-17 07:20:40,,,2026-09-07 08:05:30,SALE-1788768329496-5055,260907-2026-034,mobile,offline,,synced,2026-09-07 08:05:30,,2,7,SALE-1788768329496-5055
1764,2,1,1,54,255,10,4,1307,,,1,260907-2025-020,2026-09-07 00:00:00,08:06:03,3836,0,0,0,0,3836,3836,0,posted,فاتورة كاش اوفلاين - تم المزامنة,4,,2026-09-07 08:06:03,2026-09-17 07:05:39,,,2026-09-07 08:06:03,SALE-1788768362488-3472,260907-2025-020,mobile,offline,,synced,2026-09-07 08:06:03,,1,7,SALE-1788768362488-3472
1765,2,1,1,55,256,16,5,1430,,,1,260907-2026-035,2026-09-07 00:00:00,08:06:31,4795,0,0,0,0,4795,4795,0,posted,فاتورة كاش اوفلاين - تم المزامنة,5,,2026-09-07 08:06:31,2026-09-17 07:20:40,,,2026-09-07 08:06:31,SALE-1788768390476-1238,260907-2026-035,mobile,offline,,synced,2026-09-07 08:06:31,,2,7,SALE-1788768390476-1238
1766,2,1,1,55,256,16,5,1375,,,1,260907-2026-036,2026-09-07 00:00:00,08:07:23,4795,0,0,0,0,4795,4795,0,posted,فاتورة كاش اوفلاين - تم المزامنة,5,,2026-09-07 08:07:23,2026-09-17 07:20:41,,,2026-09-07 08:07:23,SALE-1788768443182-8769,260907-2026-036,mobile,offline,,synced,2026-09-07 08:07:23,,2,7,SALE-1788768443182-8769
1767,2,1,1,54,255,10,4,1305,,,1,260907-2025-021,2026-09-07 00:00:00,08:08:30,2397.5,0,0,0,0,2397.5,2397.5,0,posted,فاتورة كاش اوفلاين - تم المزامنة,4,,2026-09-07 08:08:30,2026-09-17 07:05:40,,,2026-09-07 08:08:30,SALE-1788768509919-4438,260907-2025-021,mobile,offline,,synced,2026-09-07 08:08:30,,1,7,SALE-1788768509919-4438
1768,2,1,1,55,256,16,5,1362,,,1,260907-2026-037,2026-09-07 00:00:00,08:08:41,23975,0,0,0,0,23975,23975,0,posted,فاتورة كاش اوفلاين - تم المزامنة,5,,2026-09-07 08:08:41,2026-09-17 07:20:41,,,2026-09-07 08:08:41,SALE-1788768521195-2115,260907-2026-037,mobile,offline,,synced,2026-09-07 08:08:41,,2,7,SALE-1788768521195-2115
1769,2,1,1,54,255,10,4,1286,,,1,260907-2025-022,2026-09-07 00:00:00,08:09:36,3836,0,0,0,0,3836,3836,0,posted,فاتورة كاش اوفلاين - تم المزامنة,4,,2026-09-07 08:09:36,2026-09-17 07:05:41,,,2026-09-07 08:09:36,SALE-1788768575335-9186,260907-2025-022,mobile,offline,,synced,2026-09-07 08:09:36,,1,7,SALE-1788768575335-9186
1770,2,1,1,56,257,15,6,790,,,1,260907-2027-001,2026-09-07 00:00:00,08:10:12,23975,0,0,0,0,23975,23975,0,posted,فاتورة كاش اوفلاين - تم المزامنة,6,,2026-09-07 08:10:12,2026-09-10 05:56:37,,,2026-09-07 08:10:12,SALE-1788768610947-2984,260907-2027-001,mobile,offline,,synced,2026-09-07 08:10:12,,2,7,SALE-1788768610947-2984
1771,2,1,1,55,256,14,5,1048,,,1,260907-2026-038,2026-09-07 00:00:00,08:10:19,3356.5,0,0,0,0,3356.5,3356.5,0,posted,فاتورة كاش اوفلاين - تم المزامنة,5,,2026-09-07 08:10:19,2026-09-17 07:20:43,,,2026-09-07 08:10:19,SALE-1788768618742-9509,260907-2026-038,mobile,offline,,synced,2026-09-07 08:10:19,,2,7,SALE-1788768618742-9509
1772,2,1,1,54,255,10,4,1291,,,1,260907-2025-023,2026-09-07 00:00:00,08:10:40,2877,0,0,0,0,2877,2877,0,posted,فاتورة كاش اوفلاين - تم المزامنة,4,,2026-09-07 08:10:40,2026-09-17 07:05:41,,,2026-09-07 08:10:40,SALE-1788768639987-8201,260907-2025-023,mobile,offline,,synced,2026-09-07 08:10:40,,1,7,SALE-1788768639987-8201
1773,2,1,1,55,256,16,5,1340,,,1,260907-2026-039,2026-09-07 00:00:00,08:10:46,2397.5,0,0,0,0,2397.5,2397.5,0,posted,فاتورة كاش اوفلاين - تم المزامنة,5,,2026-09-07 08:10:46,2026-09-17 07:20:44,,,2026-09-07 08:10:46,SALE-1788768645485-5538,260907-2026-039,mobile,offline,,synced,2026-09-07 08:10:46,,2,7,SALE-1788768645485-5538
1774,2,1,1,56,257,15,6,788,,,1,260907-2027-002,2026-09-07 00:00:00,08:11:03,104531,0,0,0,0,104531,104531,0,posted,فاتورة كاش اوفلاين - تم المزامنة,6,,2026-09-07 08:11:03,2026-09-09 11:29:42,,,2026-09-07 08:11:03,SALE-1788768662991-2057,260907-2027-002,mobile,offline,,synced,2026-09-07 08:11:03,,2,7,SALE-1788768662991-2057
1775,2,1,1,55,256,16,5,1352,,,1,260907-2026-040,2026-09-07 00:00:00,08:11:22,19180,0,0,0,0,19180,19180,0,posted,فاتورة كاش اوفلاين - تم المزامنة,5,,2026-09-07 08:11:22,2026-09-17 07:20:44,,,2026-09-07 08:11:22,SALE-1788768681872-7688,260907-2026-040,mobile,offline,,synced,2026-09-07 08:11:22,,2,7,SALE-1788768681872-7688
1776,2,1,1,54,255,10,4,1308,,,1,260907-2025-024,2026-09-07 00:00:00,08:12:45,1918,0,0,0,0,1918,1918,0,posted,فاتورة كاش اوفلاين - تم المزامنة,4,,2026-09-07 08:12:45,2026-09-17 07:05:42,,,2026-09-07 08:12:45,SALE-1788768764311-5201,260907-2025-024,mobile,offline,,synced,2026-09-07 08:12:45,,1,,SALE-1788768764311-5201
1777,2,1,1,55,256,16,5,1427,,,1,260907-2026-041,2026-09-07 00:00:00,08:13:29,5754,0,0,0,0,5754,5754,0,posted,فاتورة كاش اوفلاين - تم المزامنة,5,,2026-09-07 08:13:29,2026-09-17 07:20:45,,,2026-09-07 08:13:29,SALE-1788768808546-6615,260907-2026-041,mobile,offline,,synced,2026-09-07 08:13:29,,2,7,SALE-1788768808546-6615
1778,2,1,1,54,255,10,4,1278,,,1,260907-2025-025,2026-09-07 00:00:00,08:14:18,2877,0,0,0,0,2877,2877,0,posted,فاتورة كاش اوفلاين - تم المزامنة,4,,2026-09-07 08:14:18,2026-09-17 07:05:42,,,2026-09-07 08:14:18,SALE-1788768857272-3923,260907-2025-025,mobile,offline,,synced,2026-09-07 08:14:18,,1,7,SALE-1788768857272-3923
1779,2,1,1,55,256,16,5,1337,,,1,260907-2026-042,2026-09-07 00:00:00,08:15:11,4795,0,0,0,0,4795,4795,0,posted,فاتورة كاش اوفلاين - تم المزامنة,5,,2026-09-07 08:15:11,2026-09-17 07:20:46,,,2026-09-07 08:15:11,SALE-1788768910612-8151,260907-2026-042,mobile,offline,,synced,2026-09-07 08:15:11,,2,7,SALE-1788768910612-8151
1780,2,1,1,54,255,10,4,1306,,,1,260907-2025-026,2026-09-07 00:00:00,08:15:51,7192.5,0,0,0,0,7192.5,7192.5,0,posted,فاتورة كاش اوفلاين - تم المزامنة,4,,2026-09-07 08:15:51,2026-09-17 07:05:43,,,2026-09-07 08:15:51,SALE-1788768950764-7044,260907-2025-026,mobile,offline,,synced,2026-09-07 08:15:51,,1,7,SALE-1788768950764-7044
1781,2,1,1,55,256,16,5,1335,,,1,260907-2026-043,2026-09-07 00:00:00,08:16:45,11987.5,0,0,0,0,11987.5,11987.5,0,posted,فاتورة كاش اوفلاين - تم المزامنة,5,,2026-09-07 08:16:45,2026-09-17 07:20:46,,,2026-09-07 08:16:45,SALE-1788769004474-3757,260907-2026-043,mobile,offline,,synced,2026-09-07 08:16:45,,2,7,SALE-1788769004474-3757
1782,2,1,1,54,255,10,4,1284,,,1,260907-2025-027,2026-09-07 00:00:00,08:16:53,2877,0,0,0,0,2877,2877,0,posted,فاتورة كاش اوفلاين - تم المزامنة,4,,2026-09-07 08:16:53,2026-09-17 07:05:43,,,2026-09-07 08:16:53,SALE-1788769012281-6722,260907-2025-027,mobile,offline,,synced,2026-09-07 08:16:53,,1,7,SALE-1788769012281-6722
1783,2,1,1,55,256,16,5,1384,,,1,260907-2026-044,2026-09-07 00:00:00,08:17:35,7192.5,0,0,0,0,7192.5,7192.5,0,posted,فاتورة كاش اوفلاين - تم المزامنة,5,,2026-09-07 08:17:35,2026-09-17 07:20:47,,,2026-09-07 08:17:35,SALE-1788769054887-5366,260907-2026-044,mobile,offline,,synced,2026-09-07 08:17:35,,2,7,SALE-1788769054887-5366
1784,2,1,1,54,255,10,4,1248,,,1,260907-2025-028,2026-09-07 00:00:00,08:17:51,3356.5,0,0,0,0,3356.5,3356.5,0,posted,فاتورة كاش اوفلاين - تم المزامنة,4,,2026-09-07 08:17:51,2026-09-17 07:05:44,,,2026-09-07 08:17:51,SALE-1788769071183-5201,260907-2025-028,mobile,offline,,synced,2026-09-07 08:17:51,,1,7,SALE-1788769071183-5201
1785,2,1,1,54,255,10,4,1266,,,1,260907-2025-029,2026-09-07 00:00:00,08:21:46,25413.5,0,0,0,0,25413.5,25413.5,0,posted,فاتورة كاش اوفلاين - تم المزامنة,4,,2026-09-07 08:21:46,2026-09-17 07:05:44,,,2026-09-07 08:21:46,SALE-1788769306188-2781,260907-2025-029,mobile,offline,,synced,2026-09-07 08:21:46,,1,7,SALE-1788769306188-2781
1786,2,1,1,55,256,16,5,697,,,1,260907-2026-045,2026-09-07 00:00:00,08:21:59,1918,0,0,0,0,1918,1918,0,posted,فاتورة كاش اوفلاين - تم المزامنة,5,,2026-09-07 08:21:59,2026-09-17 07:20:47,,,2026-09-07 08:21:59,SALE-1788769318944-1359,260907-2026-045,mobile,offline,,synced,2026-09-07 08:21:59,,2,8,SALE-1788769318944-1359
1787,2,1,1,56,257,15,6,778,,,1,260907-2027-004,2026-09-07 00:00:00,08:29:11,383600,0,0,0,0,383600,383600,0,posted,فاتورة كاش اوفلاين - تم المزامنة,6,,2026-09-07 08:29:11,2026-09-09 11:29:43,,,2026-09-07 08:29:11,SALE-1788769750497-2923,260907-2027-004,mobile,offline,,synced,2026-09-07 08:29:11,,2,7,SALE-1788769750497-2923
1788,2,1,1,55,256,16,5,1378,,,1,260907-2026-046,2026-09-07 00:00:00,08:30:49,103092.5,0,0,0,0,103092.5,103092.5,0,posted,فاتورة كاش اوفلاين - تم المزامنة,5,,2026-09-07 08:30:49,2026-09-17 07:20:48,,,2026-09-07 08:30:49,SALE-1788769848693-8478,260907-2026-046,mobile,offline,,synced,2026-09-07 08:30:49,,2,7,SALE-1788769848693-8478
1789,2,1,1,54,255,10,4,1245,,,1,260907-2025-030,2026-09-07 00:00:00,08:31:08,29249.5,0,0,0,0,29249.5,29249.5,0,posted,فاتورة كاش اوفلاين - تم المزامنة,4,,2026-09-07 08:31:08,2026-09-17 07:05:45,,,2026-09-07 08:31:08,SALE-1788769868083-643,260907-2025-030,mobile,offline,,synced,2026-09-07 08:31:08,,1,7,SALE-1788769868083-643
1790,2,1,1,54,255,10,4,1280,,,1,260907-2025-031,2026-09-07 00:00:00,08:32:04,2397.5,0,0,0,0,2397.5,2397.5,0,posted,فاتورة كاش اوفلاين - تم المزامنة,4,,2026-09-07 08:32:04,2026-09-17 07:05:45,,,2026-09-07 08:32:04,SALE-1788769923829-6134,260907-2025-031,mobile,offline,,synced,2026-09-07 08:32:04,,1,7,SALE-1788769923829-6134
1791,2,1,1,55,256,14,5,1025,,,1,260907-2026-048,2026-09-07 00:00:00,08:33:55,35962.5,0,0,0,0,35962.5,35962.5,0,posted,فاتورة كاش اوفلاين - تم المزامنة,5,,2026-09-07 08:33:55,2026-09-17 07:20:48,,,2026-09-07 08:33:55,SALE-1788770034788-4013,260907-2026-048,mobile,offline,,synced,2026-09-07 08:33:55,,2,7,SALE-1788770034788-4013
1792,2,1,1,54,255,10,4,1242,,,1,260907-2025-032,2026-09-07 00:00:00,08:34:05,2397.5,0,0,0,0,2397.5,2397.5,0,posted,فاتورة كاش اوفلاين - تم المزامنة,4,,2026-09-07 08:34:05,2026-09-17 07:05:46,,,2026-09-07 08:34:05,SALE-1788770044731-8392,260907-2025-032,mobile,offline,,synced,2026-09-07 08:34:05,,1,7,SALE-1788770044731-8392
1793,2,1,1,55,256,16,5,1407,,,1,260907-2026-049,2026-09-07 00:00:00,08:35:10,26372.5,0,0,0,0,26372.5,26372.5,0,posted,فاتورة كاش اوفلاين - تم المزامنة,5,,2026-09-07 08:35:10,2026-09-17 07:20:49,,,2026-09-07 08:35:10,SALE-1788770109720-6927,260907-2026-049,mobile,offline,,synced,2026-09-07 08:35:10,,2,7,SALE-1788770109720-6927
1794,2,1,1,55,256,16,5,1418,,,1,260907-2026-050,2026-09-07 00:00:00,08:36:23,9590,0,0,0,0,9590,9590,0,posted,فاتورة كاش اوفلاين - تم المزامنة,5,,2026-09-07 08:36:23,2026-09-17 07:20:49,,,2026-09-07 08:36:23,SALE-1788770182580-1017,260907-2026-050,mobile,offline,,synced,2026-09-07 08:36:23,,2,7,SALE-1788770182580-1017
1795,2,1,1,55,256,16,5,1360,,,1,260907-2026-051,2026-09-07 00:00:00,08:36:50,9590,0,0,0,0,9590,9590,0,posted,فاتورة كاش اوفلاين - تم المزامنة,5,,2026-09-07 08:36:50,2026-09-17 07:20:50,,,2026-09-07 08:36:50,SALE-1788770210001-2638,260907-2026-051,mobile,offline,,synced,2026-09-07 08:36:50,,2,7,SALE-1788770210001-2638
1796,2,1,1,54,255,10,4,1246,,,1,260907-2025-033,2026-09-07 00:00:00,08:37:40,23975,0,0,0,0,23975,23975,0,posted,فاتورة كاش اوفلاين - تم المزامنة,4,,2026-09-07 08:37:40,2026-09-17 07:05:46,,,2026-09-07 08:37:40,SALE-1788770259315-8363,260907-2025-033,mobile,offline,,synced,2026-09-07 08:37:40,,1,7,SALE-1788770259315-8363
1797,2,1,1,55,256,16,5,1367,,,1,260907-2026-052,2026-09-07 00:00:00,08:38:09,23495.5,0,0,0,0,23495.5,23495.5,0,posted,فاتورة كاش اوفلاين - تم المزامنة,5,,2026-09-07 08:38:09,2026-09-17 07:20:51,,,2026-09-07 08:38:09,SALE-1788770288432-2286,260907-2026-052,mobile,offline,,synced,2026-09-07 08:38:09,,2,7,SALE-1788770288432-2286
1798,2,1,1,55,256,16,5,1419,,,1,260907-2026-053,2026-09-07 00:00:00,08:39:11,23975,0,0,0,0,23975,23975,0,posted,فاتورة كاش اوفلاين - تم المزامنة,5,,2026-09-07 08:39:11,2026-09-17 07:20:51,,,2026-09-07 08:39:11,SALE-1788770351117-3223,260907-2026-053,mobile,offline,,synced,2026-09-07 08:39:11,,2,7,SALE-1788770351117-3223
1799,2,1,1,54,255,10,4,1298,,,1,260907-2025-034,2026-09-07 00:00:00,08:39:52,23975,0,0,0,0,23975,23975,0,posted,فاتورة كاش اوفلاين - تم المزامنة,4,,2026-09-07 08:39:52,2026-09-17 07:05:47,,,2026-09-07 08:39:52,SALE-1788770391522-1242,260907-2025-034,mobile,offline,,synced,2026-09-07 08:39:52,,1,7,SALE-1788770391522-1242
1800,2,1,1,54,255,10,4,1254,,,1,260907-2025-035,2026-09-07 00:00:00,08:44:53,9590,0,0,0,0,9590,9590,0,posted,فاتورة كاش اوفلاين - تم المزامنة,4,,2026-09-07 08:44:53,2026-09-17 07:05:48,,,2026-09-07 08:44:53,SALE-1788770692208-6790,260907-2025-035,mobile,offline,,synced,2026-09-07 08:44:53,,1,7,SALE-1788770692208-6790
1801,2,1,1,56,257,15,6,795,,,1,260907-2027-005,2026-09-07 00:00:00,08:45:46,23975,0,0,0,0,23975,23975,0,posted,فاتورة كاش اوفلاين - تم المزامنة,6,,2026-09-07 08:45:46,2026-09-09 11:29:44,,,2026-09-07 08:45:46,SALE-1788770745301-1792,260907-2027-005,mobile,offline,,synced,2026-09-07 08:45:46,,2,7,SALE-1788770745301-1792
1802,2,1,1,54,255,10,4,1303,,,1,260907-2025-036,2026-09-07 00:00:00,08:45:54,2877,0,0,0,0,2877,2877,0,posted,فاتورة كاش اوفلاين - تم المزامنة,4,,2026-09-07 08:45:54,2026-09-17 07:05:48,,,2026-09-07 08:45:54,SALE-1788770753780-2380,260907-2025-036,mobile,offline,,synced,2026-09-07 08:45:54,,1,7,SALE-1788770753780-2380
1803,2,1,1,54,255,10,4,1270,,,1,260907-2025-037,2026-09-07 00:00:00,08:48:28,35962.5,0,0,0,0,35962.5,35962.5,0,posted,فاتورة كاش اوفلاين - تم المزامنة,4,,2026-09-07 08:48:28,2026-09-17 07:05:49,,,2026-09-07 08:48:28,SALE-1788770907490-1859,260907-2025-037,mobile,offline,,synced,2026-09-07 08:48:28,,1,7,SALE-1788770907490-1859
1804,2,1,1,55,256,14,5,1035,,,1,260907-2026-054,2026-09-07 00:00:00,08:49:24,16782.5,0,0,0,0,16782.5,16782.5,0,posted,فاتورة كاش اوفلاين - تم المزامنة,5,,2026-09-07 08:49:24,2026-09-17 07:20:52,,,2026-09-07 08:49:24,SALE-1788770964078-623,260907-2026-054,mobile,offline,,synced,2026-09-07 08:49:24,,2,7,SALE-1788770964078-623
1805,2,1,1,55,256,14,5,1024,,,1,260907-2026-055,2026-09-07 00:00:00,08:52:05,14385,0,0,0,0,14385,14385,0,posted,فاتورة كاش اوفلاين - تم المزامنة,5,,2026-09-07 08:52:05,2026-09-17 07:20:52,,,2026-09-07 08:52:05,SALE-1788771124466-7779,260907-2026-055,mobile,offline,,synced,2026-09-07 08:52:05,,2,7,SALE-1788771124466-7779
1806,2,1,1,54,255,10,4,1289,,,1,260907-2025-038,2026-09-07 00:00:00,08:54:09,47950,0,0,0,0,47950,47950,0,posted,فاتورة كاش اوفلاين - تم المزامنة,4,,2026-09-07 08:54:09,2026-09-17 07:05:49,,,2026-09-07 08:54:09,SALE-1788771248946-8748,260907-2025-038,mobile,offline,,synced,2026-09-07 08:54:09,,1,7,SALE-1788771248946-8748
1807,2,1,1,55,256,16,5,1372,,,1,260907-2026-056,2026-09-07 00:00:00,08:55:53,9590,0,0,0,0,9590,9590,0,posted,فاتورة كاش اوفلاين - تم المزامنة,5,,2026-09-07 08:55:53,2026-09-17 07:20:53,,,2026-09-07 08:55:53,SALE-1788771352777-872,260907-2026-056,mobile,offline,,synced,2026-09-07 08:55:53,,2,7,SALE-1788771352777-872
1808,2,1,1,55,256,14,5,1028,,,1,260907-2026-057,2026-09-07 00:00:00,08:57:25,23975,0,0,0,0,23975,23975,0,posted,فاتورة كاش اوفلاين - تم المزامنة,5,,2026-09-07 08:57:25,2026-09-17 07:20:54,,,2026-09-07 08:57:25,SALE-1788771444563-2467,260907-2026-057,mobile,offline,,synced,2026-09-07 08:57:25,,2,7,SALE-1788771444563-2467
1809,2,1,1,54,255,10,4,1299,,,1,260907-2025-039,2026-09-07 00:00:00,08:59:21,38360,0,0,0,0,38360,38360,0,posted,فاتورة كاش اوفلاين - تم المزامنة,4,,2026-09-07 08:59:21,2026-09-17 07:05:50,,,2026-09-07 08:59:21,SALE-1788771561127-8057,260907-2025-039,mobile,offline,,synced,2026-09-07 08:59:21,,1,7,SALE-1788771561127-8057
1810,2,1,1,55,256,14,5,1057,,,1,260907-2026-058,2026-09-07 00:00:00,08:59:56,3356.5,0,0,0,0,3356.5,3356.5,0,posted,فاتورة كاش اوفلاين - تم المزامنة,5,,2026-09-07 08:59:56,2026-09-17 07:20:54,,,2026-09-07 08:59:56,SALE-1788771595579-5583,260907-2026-058,mobile,offline,,synced,2026-09-07 08:59:56,,2,7,SALE-1788771595579-5583
1811,2,1,1,55,256,14,5,1026,,,1,260907-2026-059,2026-09-07 00:00:00,09:01:44,143850,0,0,0,0,143850,143850,0,posted,فاتورة كاش اوفلاين - تم المزامنة,5,,2026-09-07 09:01:44,2026-09-17 07:20:55,,,2026-09-07 09:01:44,SALE-1788771703296-1529,260907-2026-059,mobile,offline,,synced,2026-09-07 09:01:44,,2,7,SALE-1788771703296-1529
1812,2,1,1,55,256,14,5,1045,,,1,260907-2026-060,2026-09-07 00:00:00,09:02:17,119875,0,0,0,0,119875,119875,0,posted,فاتورة كاش اوفلاين - تم المزامنة,5,,2026-09-07 09:02:17,2026-09-17 07:20:55,,,2026-09-07 09:02:17,SALE-1788771736345-7804,260907-2026-060,mobile,offline,,synced,2026-09-07 09:02:17,,2,7,SALE-1788771736345-7804
1813,2,1,1,55,256,14,5,1049,,,1,260907-2026-061,2026-09-07 00:00:00,09:02:56,23975,0,0,0,0,23975,23975,0,posted,فاتورة كاش اوفلاين - تم المزامنة,5,,2026-09-07 09:02:56,2026-09-17 07:20:56,,,2026-09-07 09:02:56,SALE-1788771775568-3144,260907-2026-061,mobile,offline,,synced,2026-09-07 09:02:56,,2,7,SALE-1788771775568-3144
1814,2,1,1,55,256,14,5,1038,,,1,260907-2026-062,2026-09-07 00:00:00,09:03:54,50347.5,0,0,0,0,50347.5,50347.5,0,posted,فاتورة كاش اوفلاين - تم المزامنة,5,,2026-09-07 09:03:54,2026-09-17 07:34:53,,,2026-09-07 09:03:54,SALE-1788771833752-1116,260907-2026-062,mobile,offline,,synced,2026-09-07 09:03:54,,2,7,SALE-1788771833752-1116
1815,2,1,1,54,255,10,4,1261,,,1,260907-2025-040,2026-09-07 00:00:00,09:04:15,4795,0,0,0,0,4795,4795,0,posted,فاتورة كاش اوفلاين - تم المزامنة,4,,2026-09-07 09:04:15,2026-09-17 07:05:50,,,2026-09-07 09:04:15,SALE-1788771854544-7637,260907-2025-040,mobile,offline,,synced,2026-09-07 09:04:15,,1,7,SALE-1788771854544-7637
1816,2,1,1,55,256,14,5,1030,,,1,260907-2026-063,2026-09-07 00:00:00,09:06:08,11987.5,0,0,0,0,11987.5,11987.5,0,posted,فاتورة كاش اوفلاين - تم المزامنة,5,,2026-09-07 09:06:08,2026-09-17 07:34:53,,,2026-09-07 09:06:08,SALE-1788771968029-2267,260907-2026-063,mobile,offline,,synced,2026-09-07 09:06:08,,2,7,SALE-1788771968029-2267
1817,2,1,1,55,256,16,5,1392,,,1,260907-2026-064,2026-09-07 00:00:00,09:07:25,4795,0,0,0,0,4795,4795,0,posted,فاتورة كاش اوفلاين - تم المزامنة,5,,2026-09-07 09:07:25,2026-09-17 07:34:54,,,2026-09-07 09:07:25,SALE-1788772044740-5063,260907-2026-064,mobile,offline,,synced,2026-09-07 09:07:25,,2,7,SALE-1788772044740-5063
1818,2,1,1,55,256,16,5,1414,,,1,260907-2026-065,2026-09-07 00:00:00,09:08:08,5754,0,0,0,0,5754,5754,0,posted,فاتورة كاش اوفلاين - تم المزامنة,5,,2026-09-07 09:08:08,2026-09-17 07:34:55,,,2026-09-07 09:08:08,SALE-1788772087883-9870,260907-2026-065,mobile,offline,,synced,2026-09-07 09:08:08,,2,7,SALE-1788772087883-9870
1819,2,1,1,55,256,16,5,1434,,,1,260907-2026-066,2026-09-07 00:00:00,09:08:42,7192.5,0,0,0,0,7192.5,7192.5,0,posted,فاتورة كاش اوفلاين - تم المزامنة,5,,2026-09-07 09:08:42,2026-09-17 07:34:55,,,2026-09-07 09:08:42,SALE-1788772121388-2826,260907-2026-066,mobile,offline,,synced,2026-09-07 09:08:42,,2,7,SALE-1788772121388-2826
1820,2,1,1,55,256,16,5,1342,,,1,260907-2026-067,2026-09-07 00:00:00,09:09:52,17741.5,0,0,0,0,17741.5,17741.5,0,posted,فاتورة كاش اوفلاين - تم المزامنة,5,,2026-09-07 09:09:52,2026-09-17 07:34:56,,,2026-09-07 09:09:52,SALE-1788772191638-4236,260907-2026-067,mobile,offline,,synced,2026-09-07 09:09:52,,2,7,SALE-1788772191638-4236
1821,2,1,1,55,256,16,5,1390,,,1,260907-2026-068,2026-09-07 00:00:00,09:10:22,959,0,0,0,0,959,959,0,posted,فاتورة كاش اوفلاين - تم المزامنة,5,,2026-09-07 09:10:22,2026-09-17 07:34:57,,,2026-09-07 09:10:22,SALE-1788772222199-9994,260907-2026-068,mobile,offline,,synced,2026-09-07 09:10:22,,2,7,SALE-1788772222199-9994
1822,2,1,1,55,256,16,5,1339,,,1,260907-2026-069,2026-09-07 00:00:00,09:11:01,11987.5,0,0,0,0,11987.5,11987.5,0,posted,فاتورة كاش اوفلاين - تم المزامنة,5,,2026-09-07 09:11:01,2026-09-17 07:34:57,,,2026-09-07 09:11:01,SALE-1788772260663-7581,260907-2026-069,mobile,offline,,synced,2026-09-07 09:11:01,,2,7,SALE-1788772260663-7581
1823,2,1,1,55,256,14,5,1069,,,1,260907-2026-070,2026-09-07 00:00:00,09:13:33,24454.5,0,0,0,0,24454.5,24454.5,0,posted,فاتورة كاش اوفلاين - تم المزامنة,5,,2026-09-07 09:13:33,2026-09-17 07:34:58,,,2026-09-07 09:13:33,SALE-1788772412960-3204,260907-2026-070,mobile,offline,,synced,2026-09-07 09:13:33,,2,7,SALE-1788772412960-3204
1824,2,1,1,55,256,16,5,1394,,,1,260907-2026-071,2026-09-07 00:00:00,09:14:35,14385,0,0,0,0,14385,14385,0,posted,فاتورة كاش اوفلاين - تم المزامنة,5,,2026-09-07 09:14:35,2026-09-17 07:34:59,,,2026-09-07 09:14:35,SALE-1788772474807-3911,260907-2026-071,mobile,offline,,synced,2026-09-07 09:14:35,,2,,SALE-1788772474807-3911
1825,2,1,1,54,255,10,4,1295,,,1,260907-2025-041,2026-09-07 00:00:00,09:15:17,4795,0,0,0,0,4795,4795,0,posted,فاتورة كاش اوفلاين - تم المزامنة,4,,2026-09-07 09:15:17,2026-09-17 07:05:51,,,2026-09-07 09:15:17,SALE-1788772516627-235,260907-2025-041,mobile,offline,,synced,2026-09-07 09:15:17,,1,7,SALE-1788772516627-235
1826,2,1,1,55,256,14,5,1062,,,1,260907-2026-072,2026-09-07 00:00:00,09:15:24,11987.5,0,0,0,0,11987.5,11987.5,0,posted,فاتورة كاش اوفلاين - تم المزامنة,5,,2026-09-07 09:15:24,2026-09-17 07:34:58,,,2026-09-07 09:15:24,SALE-1788772523585-6216,260907-2026-072,mobile,offline,,synced,2026-09-07 09:15:24,,2,7,SALE-1788772523585-6216
1827,2,1,1,54,255,10,4,1251,,,1,260907-2025-042,2026-09-07 00:00:00,09:18:57,24934,0,0,0,0,24934,24934,0,posted,فاتورة كاش اوفلاين - تم المزامنة,4,,2026-09-07 09:18:57,2026-09-17 07:05:51,,,2026-09-07 09:18:57,SALE-1788772736552-9332,260907-2025-042,mobile,offline,,synced,2026-09-07 09:18:57,,1,7,SALE-1788772736552-9332
1828,2,1,1,55,256,16,5,1417,,,1,260907-2026-073,2026-09-07 00:00:00,09:19:21,76720,0,0,0,0,76720,76720,0,posted,فاتورة كاش اوفلاين - تم المزامنة,5,,2026-09-07 09:19:21,2026-09-17 07:35:00,,,2026-09-07 09:19:21,SALE-1788772760569-6008,260907-2026-073,mobile,offline,,synced,2026-09-07 09:19:21,,2,7,SALE-1788772760569-6008
1829,2,1,1,55,256,16,5,1411,,,1,260907-2026-074,2026-09-07 00:00:00,09:20:15,4795,0,0,0,0,4795,4795,0,posted,فاتورة كاش اوفلاين - تم المزامنة,5,,2026-09-07 09:20:15,2026-09-17 07:35:00,,,2026-09-07 09:20:15,SALE-1788772814302-1871,260907-2026-074,mobile,offline,,synced,2026-09-07 09:20:15,,2,7,SALE-1788772814302-1871
1830,2,1,1,55,256,16,5,1412,,,1,260907-2026-075,2026-09-07 00:00:00,09:21:46,9590,0,0,0,0,9590,9590,0,posted,فاتورة كاش اوفلاين - تم المزامنة,5,,2026-09-07 09:21:46,2026-09-17 07:35:01,,,2026-09-07 09:21:46,SALE-1788772905925-7959,260907-2026-075,mobile,offline,,synced,2026-09-07 09:21:46,,2,7,SALE-1788772905925-7959
1831,2,1,1,54,255,10,4,1276,,,1,260907-2025-043,2026-09-07 00:00:00,09:21:57,143850,0,0,0,0,143850,143850,0,posted,فاتورة كاش اوفلاين - تم المزامنة,4,,2026-09-07 09:21:57,2026-09-17 07:06:53,,,2026-09-07 09:21:57,SALE-1788772916585-9459,260907-2025-043,mobile,offline,,synced,2026-09-07 09:21:57,,1,7,SALE-1788772916585-9459
1832,2,1,1,55,256,13,5,1154,,,1,260907-2026-076,2026-09-07 00:00:00,09:25:58,119875,0,0,0,0,119875,119875,0,posted,فاتورة كاش اوفلاين - تم المزامنة,5,,2026-09-07 09:25:58,2026-09-17 07:35:01,,,2026-09-07 09:25:59,SALE-1788773158308-7333,260907-2026-076,mobile,offline,,synced,2026-09-07 09:25:58,,2,7,SALE-1788773158308-7333
1833,2,1,1,55,256,16,5,1341,,,1,260907-2026-077,2026-09-07 00:00:00,09:29:32,11987.5,0,0,0,0,11987.5,11987.5,0,posted,فاتورة كاش اوفلاين - تم المزامنة,5,,2026-09-07 09:29:32,2026-09-17 07:35:02,,,2026-09-07 09:29:32,SALE-1788773372088-8990,260907-2026-077,mobile,offline,,synced,2026-09-07 09:29:32,,2,7,SALE-1788773372088-8990
1834,2,1,1,55,256,14,5,1058,,,1,260907-2026-078,2026-09-07 00:00:00,09:31:47,23975,0,0,0,0,23975,23975,0,posted,فاتورة كاش اوفلاين - تم المزامنة,5,,2026-09-07 09:31:47,2026-09-17 07:35:03,,,2026-09-07 09:31:47,SALE-1788773507199-7109,260907-2026-078,mobile,offline,,synced,2026-09-07 09:31:47,,2,7,SALE-1788773507199-7109
1835,2,1,1,55,256,14,5,1066,,,1,260907-2026-079,2026-09-07 00:00:00,09:32:45,7192.5,0,0,0,0,7192.5,7192.5,0,posted,فاتورة كاش اوفلاين - تم المزامنة,5,,2026-09-07 09:32:45,2026-09-17 07:35:03,,,2026-09-07 09:32:45,SALE-1788773564447-287,260907-2026-079,mobile,offline,,synced,2026-09-07 09:32:45,,2,7,SALE-1788773564447-287
1836,2,1,1,55,256,14,5,1054,,,1,260907-2026-080,2026-09-07 00:00:00,09:34:00,2397.5,0,0,0,0,2397.5,2397.5,0,posted,فاتورة كاش اوفلاين - تم المزامنة,5,,2026-09-07 09:34:00,2026-09-17 07:35:04,,,2026-09-07 09:34:00,SALE-1788773640170-449,260907-2026-080,mobile,offline,,synced,2026-09-07 09:34:00,,2,7,SALE-1788773640170-449
1837,2,1,1,55,256,16,5,1349,,,1,260907-2026-081,2026-09-07 00:00:00,09:35:48,2877,0,0,0,0,2877,2877,0,posted,فاتورة كاش اوفلاين - تم المزامنة,5,,2026-09-07 09:35:48,2026-09-17 07:35:05,,,2026-09-07 09:35:48,SALE-1788773748213-6781,260907-2026-081,mobile,offline,,synced,2026-09-07 09:35:48,,2,7,SALE-1788773748213-6781
1838,2,1,1,55,256,16,5,1410,,,1,260907-2026-082,2026-09-07 00:00:00,09:37:02,23975,0,0,0,0,23975,23975,0,posted,فاتورة كاش اوفلاين - تم المزامنة,5,,2026-09-07 09:37:02,2026-09-17 07:35:05,,,2026-09-07 09:37:02,SALE-1788773822067-2492,260907-2026-082,mobile,offline,,synced,2026-09-07 09:37:02,,2,7,SALE-1788773822067-2492
1839,2,1,1,55,256,16,5,1354,,,1,260907-2026-083,2026-09-07 00:00:00,09:38:23,4795,0,0,0,0,4795,4795,0,posted,فاتورة كاش اوفلاين - تم المزامنة,5,,2026-09-07 09:38:23,2026-09-17 07:35:06,,,2026-09-07 09:38:23,SALE-1788773903125-1057,260907-2026-083,mobile,offline,,synced,2026-09-07 09:38:23,,2,7,SALE-1788773903125-1057
1840,2,1,1,54,255,10,4,1304,,,1,260907-2025-044,2026-09-07 00:00:00,09:39:35,3836,0,0,0,0,3836,3836,0,posted,فاتورة كاش اوفلاين - تم المزامنة,4,,2026-09-07 09:39:35,2026-09-17 07:06:54,,,2026-09-07 09:39:35,SALE-1788773974664-2921,260907-2025-044,mobile,offline,,synced,2026-09-07 09:39:35,,1,7,SALE-1788773974664-2921
1841,2,1,1,54,255,10,4,1257,,,1,260907-2025-045,2026-09-07 00:00:00,09:40:26,959,0,0,0,0,959,959,0,posted,فاتورة كاش اوفلاين - تم المزامنة,4,,2026-09-07 09:40:26,2026-09-07 09:40:26,,,2026-09-07 09:40:26,SALE-1788774025654-8473,260907-2025-045,mobile,offline,,synced,2026-09-07 09:40:26,,1,7,SALE-1788774025654-8473
1842,2,1,1,54,255,10,4,1293,,,1,260907-2025-046,2026-09-07 00:00:00,09:42:09,11987.5,0,0,0,0,11987.5,11987.5,0,posted,فاتورة كاش اوفلاين - تم المزامنة,4,,2026-09-07 09:42:09,2026-09-17 07:06:55,,,2026-09-07 09:42:09,SALE-1788774129068-3710,260907-2025-046,mobile,offline,,synced,2026-09-07 09:42:09,,1,7,SALE-1788774129068-3710
1843,2,1,1,55,256,16,5,1370,,,1,260907-2026-084,2026-09-07 00:00:00,09:43:43,2877,0,0,0,0,2877,2877,0,posted,فاتورة كاش اوفلاين - تم المزامنة,5,,2026-09-07 09:43:43,2026-09-17 07:35:06,,,2026-09-07 09:43:43,SALE-1788774222829-6593,260907-2026-084,mobile,offline,,synced,2026-09-07 09:43:43,,2,7,SALE-1788774222829-6593
1844,2,1,1,55,256,14,5,1041,,,1,260907-2026-085,2026-09-07 00:00:00,09:46:42,14385,0,0,0,0,14385,14385,0,posted,فاتورة كاش اوفلاين - تم المزامنة,5,,2026-09-07 09:46:42,2026-09-17 07:35:07,,,2026-09-07 09:46:42,SALE-1788774401436-7103,260907-2026-085,mobile,offline,,synced,2026-09-07 09:46:42,,2,7,SALE-1788774401436-7103
1845,2,1,1,55,256,16,5,697,,,1,260907-2026-086,2026-09-07 00:00:00,09:51:02,24934,0,0,0,0,24934,24934,0,posted,فاتورة كاش اوفلاين - تم المزامنة,5,,2026-09-07 09:51:02,2026-09-07 09:51:02,,,2026-09-07 09:51:02,SALE-1788774662084-8392,260907-2026-086,mobile,offline,,synced,2026-09-07 09:51:02,,2,8,SALE-1788774662084-8392
1846,2,1,1,55,256,16,5,1431,,,1,260907-2026-087,2026-09-07 00:00:00,09:57:02,4795,0,0,0,0,4795,4795,0,posted,فاتورة كاش اوفلاين - تم المزامنة,5,,2026-09-07 09:57:02,2026-09-17 07:35:08,,,2026-09-07 09:57:02,SALE-1788775021705-637,260907-2026-087,mobile,offline,,synced,2026-09-07 09:57:02,,2,7,SALE-1788775021705-637
1847,2,1,1,54,255,10,4,1283,,,1,260907-2025-047,2026-09-07 00:00:00,09:57:43,23975,0,0,0,0,23975,23975,0,posted,فاتورة كاش اوفلاين - تم المزامنة,4,,2026-09-07 09:57:43,2026-09-17 07:06:56,,,2026-09-07 09:57:43,SALE-1788775062672-4383,260907-2025-047,mobile,offline,,synced,2026-09-07 09:57:43,,1,7,SALE-1788775062672-4383
1848,2,1,1,54,255,10,4,1262,,,1,260907-2025-048,2026-09-07 00:00:00,10:00:05,131862.5,0,0,0,0,131862.5,131862.5,0,posted,فاتورة كاش اوفلاين - تم المزامنة,4,,2026-09-07 10:00:05,2026-09-17 07:06:57,,,2026-09-07 10:00:05,SALE-1788775204794-6845,260907-2025-048,mobile,offline,,synced,2026-09-07 10:00:05,,1,7,SALE-1788775204794-6845
1849,2,1,1,,,16,5,1371,,,1,260907-2026-088,2026-09-07 00:00:00,10:01:38,10549,0,0,0,0,10549,10549,0,posted,فاتورة كاش اوفلاين - تم المزامنة,5,,2026-09-07 10:01:38,2026-09-17 07:35:09,,,2026-09-07 10:01:38,SALE-1788775176869-7196,260907-2026-088,mobile,offline,,synced,2026-09-07 10:01:38,,2,,SALE-1788775176869-7196
1850,2,1,1,56,257,15,6,779,,,1,260907-2027-007,2026-09-07 00:00:00,10:12:15,311675,0,0,0,0,311675,311675,0,posted,فاتورة كاش اوفلاين - تم المزامنة,6,,2026-09-07 10:12:15,2026-09-09 11:29:45,,,2026-09-07 10:12:15,SALE-1788775934552-9759,260907-2027-007,mobile,offline,,synced,2026-09-07 10:12:15,,2,,SALE-1788775934552-9759
1851,2,1,1,56,257,15,6,786,,,1,260907-2027-008,2026-09-07 00:00:00,10:14:16,239750,0,0,0,0,239750,239750,0,posted,فاتورة كاش اوفلاين - تم المزامنة,6,,2026-09-07 10:14:16,2026-09-09 11:29:45,,,2026-09-07 10:14:16,SALE-1788776055257-6726,260907-2027-008,mobile,offline,,synced,2026-09-07 10:14:16,,2,7,SALE-1788776055257-6726
1852,2,1,1,56,257,15,6,793,,,1,260907-2027-009,2026-09-07 00:00:00,10:35:13,158235,0,0,0,0,158235,158235,0,posted,فاتورة كاش اوفلاين - تم المزامنة,6,,2026-09-07 10:35:13,2026-09-09 11:29:46,,,2026-09-07 10:35:13,SALE-1788777312798-6407,260907-2027-009,mobile,offline,,synced,2026-09-07 10:35:13,,2,7,SALE-1788777312798-6407
1853,2,1,1,56,257,15,6,794,,,1,260907-2027-010,2026-09-07 00:00:00,10:43:57,28770,0,0,0,0,28770,28770,0,posted,فاتورة كاش اوفلاين - تم المزامنة,6,,2026-09-07 10:43:57,2026-09-09 11:29:47,,,2026-09-07 10:43:57,SALE-1788777836428-4480,260907-2027-010,mobile,offline,,synced,2026-09-07 10:43:57,,2,7,SALE-1788777836428-4480
1854,2,1,1,,,,,697,,,1,SA-00016,2026-09-07 00:00:00,10:47:42,118436.5,0,0,0,0,136201.975,0,136201.975,approved,Ø£Ù…Ø± Ø¨ÙŠØ¹ Ù…Ù† Ø§ØºÙ„Ø§Ù‚ Ø§Ù„Ø¥Ø°Ù† RO-00017,2,2,2026-09-07 10:47:42,2026-09-15 18:24:22,2026-09-17 17:14:07,,,,,desktop,,,synced,,,,,
1855,2,1,1,56,257,15,6,799,,,1,260907-2027-011,2026-09-07 00:00:00,11:00:51,47950,0,0,0,0,47950,47950,0,posted,فاتورة كاش اوفلاين - تم المزامنة,6,,2026-09-07 11:00:51,2026-09-09 11:29:48,,,2026-09-07 11:00:51,SALE-1788778850320-3761,260907-2027-011,mobile,offline,,synced,2026-09-07 11:00:51,,2,7,SALE-1788778850320-3761
1856,2,1,1,56,257,15,6,1463,,,1,260907-2027-012,2026-09-07 00:00:00,11:13:17,622050,0,0,0,0,622050,622050,0,posted,فاتورة كاش اوفلاين - تم المزامنة,6,,2026-09-07 11:13:17,2026-09-09 11:29:49,,,2026-09-07 11:13:17,SALE-1788779596240-727,260907-2027-012,mobile,offline,,synced,2026-09-07 11:13:17,,2,6,SALE-1788779596240-727
1857,2,1,1,,,,,697,,,1,SA-00017,2026-09-07 00:00:00,11:51:10,571564,0,0,0,0,657298.6,0,657298.6,approved,Ø£Ù…Ø± Ø¨ÙŠØ¹ Ù…Ù† Ø§ØºÙ„Ø§Ù‚ Ø§Ù„Ø¥Ø°Ù† RO-00018,2,2,2026-09-07 11:51:10,2026-09-15 18:24:22,2026-09-17 17:14:07,,,,,desktop,,,synced,,,,,
1858,2,1,1,55,256,18,5,923,,,1,260907-2026-089,2026-09-07 00:00:00,12:00:51,191800,0,0,0,0,191800,191800,0,posted,فاتورة كاش اوفلاين - تم المزامنة,5,,2026-09-07 12:00:51,2026-09-17 07:35:09,,,2026-09-07 12:00:51,SALE-1788782450775-6596,260907-2026-089,mobile,offline,,synced,2026-09-07 12:00:51,,3,7,SALE-1788782450775-6596
1859,2,1,1,57,258,18,5,827,,,1,260907-2026-090,2026-09-07 00:00:00,12:03:16,23975,0,0,0,0,23975,23975,0,posted,فاتورة كاش اوفلاين - تم المزامنة,5,,2026-09-07 12:03:16,2026-09-17 07:35:10,,,2026-09-07 12:03:16,SALE-1788782595686-2266,260907-2026-090,mobile,offline,,synced,2026-09-07 12:03:16,,3,7,SALE-1788782595686-2266
1860,2,1,1,55,256,14,5,1063,,,1,260907-2026-091,2026-09-07 00:00:00,12:04:31,23975,0,0,0,0,23975,23975,0,posted,فاتورة كاش اوفلاين - تم المزامنة,5,,2026-09-07 12:04:31,2026-09-17 07:35:10,,,2026-09-07 12:04:31,SALE-1788782670594-2278,260907-2026-091,mobile,offline,,synced,2026-09-07 12:04:31,,2,7,SALE-1788782670594-2278
1861,2,1,1,55,256,16,5,1374,,,1,260907-2026-092,2026-09-07 00:00:00,12:05:02,23975,0,0,0,0,23975,23975,0,posted,فاتورة كاش اوفلاين - تم المزامنة,5,,2026-09-07 12:05:02,2026-09-17 07:35:11,,,2026-09-07 12:05:02,SALE-1788782701689-8976,260907-2026-092,mobile,offline,,synced,2026-09-07 12:05:02,,2,7,SALE-1788782701689-8976
1862,2,1,1,55,256,16,5,1345,,,1,260907-2026-093,2026-09-07 00:00:00,12:05:41,19180,0,0,0,0,19180,19180,0,posted,فاتورة كاش اوفلاين - تم المزامنة,5,,2026-09-07 12:05:41,2026-09-17 07:35:12,,,2026-09-07 12:05:41,SALE-1788782740472-8899,260907-2026-093,mobile,offline,,synced,2026-09-07 12:05:41,,2,7,SALE-1788782740472-8899
1863,2,1,1,55,256,16,5,1338,,,1,260907-2026-094,2026-09-07 00:00:00,12:06:22,4795,0,0,0,0,4795,4795,0,posted,فاتورة كاش اوفلاين - تم المزامنة,5,,2026-09-07 12:06:22,2026-09-17 07:35:12,,,2026-09-07 12:06:22,SALE-1788782781728-9762,260907-2026-094,mobile,offline,,synced,2026-09-07 12:06:22,,2,7,SALE-1788782781728-9762
1864,2,1,1,55,256,16,5,1435,,,1,260907-2026-095,2026-09-07 00:00:00,12:07:00,23975,0,0,0,0,23975,23975,0,posted,فاتورة كاش اوفلاين - تم المزامنة,5,,2026-09-07 12:07:00,2026-09-17 07:35:13,,,2026-09-07 12:07:00,SALE-1788782819363-162,260907-2026-095,mobile,offline,,synced,2026-09-07 12:07:00,,2,7,SALE-1788782819363-162
1865,2,1,1,58,259,16,5,1389,,,1,260907-2026-096,2026-09-07 00:00:00,12:12:29,62335,0,0,0,0,62335,62335,0,posted,فاتورة كاش اوفلاين - تم المزامنة,5,,2026-09-07 12:12:29,2026-09-17 07:35:13,,,2026-09-07 12:12:29,SALE-1788783148353-8080,260907-2026-096,mobile,offline,,synced,2026-09-07 12:12:29,,2,7,SALE-1788783148353-8080
1866,2,1,1,58,259,14,5,1059,,,1,260907-2026-097,2026-09-07 00:00:00,12:13:08,106928.5,0,0,0,0,106928.5,106928.5,0,posted,فاتورة كاش اوفلاين - تم المزامنة,5,,2026-09-07 12:13:08,2026-09-17 07:35:14,,,2026-09-07 12:13:08,SALE-1788783187634-9271,260907-2026-097,mobile,offline,,synced,2026-09-07 12:13:08,,2,7,SALE-1788783187634-9271
1867,2,1,1,58,259,16,5,697,,,1,260907-2026-098,2026-09-07 00:00:00,12:14:00,11987.5,0,0,0,0,11987.5,11987.5,0,posted,فاتورة كاش اوفلاين - تم المزامنة,5,,2026-09-07 12:14:00,2026-09-17 07:35:15,,,2026-09-07 12:14:00,SALE-1788783239079-974,260907-2026-098,mobile,offline,,synced,2026-09-07 12:14:00,,2,8,SALE-1788783239079-974
1868,2,1,1,58,259,16,5,1347,,,1,260907-2026-099,2026-09-07 00:00:00,12:14:20,4795,0,0,0,0,4795,4795,0,posted,فاتورة كاش اوفلاين - تم المزامنة,5,,2026-09-07 12:14:20,2026-09-17 07:35:15,,,2026-09-07 12:14:20,SALE-1788783259812-2203,260907-2026-099,mobile,offline,,synced,2026-09-07 12:14:20,,2,7,SALE-1788783259812-2203
1869,2,1,1,58,259,16,5,697,,,1,260907-2026-100,2026-09-07 00:00:00,12:15:02,7192.5,0,0,0,0,7192.5,7192.5,0,posted,فاتورة كاش اوفلاين - تم المزامنة,5,,2026-09-07 12:15:02,2026-09-17 07:35:16,,,2026-09-07 12:15:02,SALE-1788783301558-2847,260907-2026-100,mobile,offline,,synced,2026-09-07 12:15:02,,2,8,SALE-1788783301558-2847
1870,2,1,1,58,259,16,5,1355,,,1,260907-2026-101,2026-09-07 00:00:00,12:15:26,3356.5,0,0,0,0,3356.5,3356.5,0,posted,فاتورة كاش اوفلاين - تم المزامنة,5,,2026-09-07 12:15:26,2026-09-17 07:35:16,,,2026-09-07 12:15:26,SALE-1788783325138-2126,260907-2026-101,mobile,offline,,synced,2026-09-07 12:15:26,,2,7,SALE-1788783325138-2126
1871,2,1,1,58,259,16,5,1386,,,1,260907-2026-102,2026-09-07 00:00:00,12:15:50,7192.5,0,0,0,0,7192.5,7192.5,0,posted,فاتورة كاش اوفلاين - تم المزامنة,5,,2026-09-07 12:15:50,2026-09-17 07:35:17,,,2026-09-07 12:15:50,SALE-1788783349002-5265,260907-2026-102,mobile,offline,,synced,2026-09-07 12:15:50,,2,7,SALE-1788783349002-5265
1872,2,1,1,58,259,16,5,1432,,,1,260907-2026-103,2026-09-07 00:00:00,12:16:16,4795,0,0,0,0,4795,4795,0,posted,فاتورة كاش اوفلاين - تم المزامنة,5,,2026-09-07 12:16:16,2026-09-17 07:35:18,,,2026-09-07 12:16:16,SALE-1788783375916-7737,260907-2026-103,mobile,offline,,synced,2026-09-07 12:16:16,,2,7,SALE-1788783375916-7737
1873,2,1,1,58,259,16,5,1400,,,1,260907-2026-104,2026-09-07 00:00:00,12:16:43,23975,0,0,0,0,23975,23975,0,posted,فاتورة كاش اوفلاين - تم المزامنة,5,,2026-09-07 12:16:43,2026-09-17 07:35:18,,,2026-09-07 12:16:43,SALE-1788783402689-3481,260907-2026-104,mobile,offline,,synced,2026-09-07 12:16:43,,2,7,SALE-1788783402689-3481
1874,2,1,1,58,259,16,5,697,,,1,260907-2026-105,2026-09-07 00:00:00,12:17:06,23975,0,0,0,0,23975,23975,0,posted,فاتورة كاش اوفلاين - تم المزامنة,5,,2026-09-07 12:17:06,2026-09-17 07:35:19,,,2026-09-07 12:17:06,SALE-1788783426018-5175,260907-2026-105,mobile,offline,,synced,2026-09-07 12:17:06,,2,8,SALE-1788783426018-5175
1875,2,1,1,58,259,14,5,1037,,,1,260907-2026-106,2026-09-07 00:00:00,12:17:33,7192.5,0,0,0,0,7192.5,7192.5,0,posted,فاتورة كاش اوفلاين - تم المزامنة,5,,2026-09-07 12:17:33,2026-09-17 07:35:20,,,2026-09-07 12:17:33,SALE-1788783452657-8814,260907-2026-106,mobile,offline,,synced,2026-09-07 12:17:33,,2,7,SALE-1788783452657-8814
1876,2,1,1,58,259,16,5,1398,,,1,260907-2026-107,2026-09-07 00:00:00,12:17:51,2397.5,0,0,0,0,2397.5,2397.5,0,posted,فاتورة كاش اوفلاين - تم المزامنة,5,,2026-09-07 12:17:51,2026-09-17 07:35:20,,,2026-09-07 12:17:51,SALE-1788783471237-7793,260907-2026-107,mobile,offline,,synced,2026-09-07 12:17:51,,2,7,SALE-1788783471237-7793
1877,2,1,1,58,259,14,5,1064,,,1,260907-2026-108,2026-09-07 00:00:00,12:18:23,47950,0,0,0,0,47950,47950,0,posted,فاتورة كاش اوفلاين - تم المزامنة,5,,2026-09-07 12:18:23,2026-09-17 07:35:21,,,2026-09-07 12:18:23,SALE-1788783503048-3888,260907-2026-108,mobile,offline,,synced,2026-09-07 12:18:23,,2,7,SALE-1788783503048-3888
1878,2,1,1,58,259,14,5,1043,,,1,260907-2026-109,2026-09-07 00:00:00,12:18:49,2397.5,0,0,0,0,2397.5,2397.5,0,posted,فاتورة كاش اوفلاين - تم المزامنة,5,,2026-09-07 12:18:49,2026-09-07 12:18:49,,,2026-09-07 12:18:49,SALE-1788783526798-8383,260907-2026-109,mobile,offline,,synced,2026-09-07 12:18:49,,2,7,SALE-1788783526798-8383
1879,2,1,1,,,,,697,,,1,SA-00018,2026-09-07 00:00:00,12:19:38,0,0,0,0,0,0,0,0,approved,Ø£Ù…Ø± Ø¨ÙŠØ¹ Ù…Ù† Ø§ØºÙ„Ø§Ù‚ Ø§Ù„Ø¥Ø°Ù† RO-00019,2,2,2026-09-07 12:19:38,2026-09-07 12:19:38,2026-09-17 17:14:07,,,,,desktop,,,synced,,,,,
1880,2,1,1,59,260,18,5,976,,,1,260908-2026-012,2026-09-08 00:00:00,08:10:25,7192.5,0,0,0,0,7192.5,7192.5,0,posted,فاتورة كاش اوفلاين - تم المزامنة,5,,2026-09-08 08:10:25,2026-09-17 07:35:29,,,2026-09-08 08:10:25,SALE-1788854476350-3399,260908-2026-012,mobile,offline,,synced,2026-09-08 08:10:25,,3,7,SALE-1788854476350-3399
1881,2,1,1,59,260,18,5,921,,,1,260908-2026-013,2026-09-08 00:00:00,08:15:09,25413.5,0,0,0,0,25413.5,25413.5,0,posted,فاتورة كاش اوفلاين - تم المزامنة,5,,2026-09-08 08:15:09,2026-09-17 07:35:30,,,2026-09-08 08:15:09,SALE-1788855308389-7672,260908-2026-013,mobile,offline,,synced,2026-09-08 08:15:09,,3,,SALE-1788855308389-7672
1882,2,1,1,60,261,18,4,919,,,1,260908-2025-017,2026-09-08 00:00:00,08:22:34,959,0,0,0,0,959,959,0,posted,فاتورة كاش اوفلاين - تم المزامنة,4,,2026-09-08 08:22:34,2026-09-17 07:07:06,,,2026-09-08 08:22:34,SALE-1788854428487-1136,260908-2025-017,mobile,offline,,synced,2026-09-08 08:22:34,,3,7,SALE-1788854428487-1136
1883,2,1,1,60,261,18,4,977,,,1,260908-2025-018,2026-09-08 00:00:00,08:22:35,28770,0,0,0,0,28770,28770,0,posted,فاتورة كاش اوفلاين - تم المزامنة,4,,2026-09-08 08:22:35,2026-09-17 07:07:06,,,2026-09-08 08:22:35,SALE-1788854499723-8467,260908-2025-018,mobile,offline,,synced,2026-09-08 08:22:35,,3,7,SALE-1788854499723-8467
1884,2,1,1,60,261,18,4,969,,,1,260908-2025-019,2026-09-08 00:00:00,08:22:35,14385,0,0,0,0,14385,14385,0,posted,فاتورة كاش اوفلاين - تم المزامنة,4,,2026-09-08 08:22:35,2026-09-17 07:07:07,,,2026-09-08 08:22:35,SALE-1788854815865-1997,260908-2025-019,mobile,offline,,synced,2026-09-08 08:22:35,,3,7,SALE-1788854815865-1997
1885,2,1,1,60,261,18,4,814,,,1,260908-2025-020,2026-09-08 00:00:00,08:23:02,4795,0,0,0,0,4795,4795,0,posted,فاتورة كاش اوفلاين - تم المزامنة,4,,2026-09-08 08:23:02,2026-09-17 07:07:07,,,2026-09-08 08:23:02,SALE-1788855781709-8413,260908-2025-020,mobile,offline,,synced,2026-09-08 08:23:02,,3,,SALE-1788855781709-8413
1886,2,1,1,60,261,18,4,902,,,1,260908-2025-022,2026-09-08 00:00:00,08:38:37,71925,0,0,0,0,71925,71925,0,posted,فاتورة كاش اوفلاين - تم المزامنة,4,,2026-09-08 08:38:37,2026-09-17 07:07:08,,,2026-09-08 08:38:37,SALE-1788856717350-8447,260908-2025-022,mobile,offline,,synced,2026-09-08 08:38:37,,3,7,SALE-1788856717350-8447
1887,2,1,1,60,261,18,4,918,,,1,260908-2025-023,2026-09-08 00:00:00,08:46:36,2877,0,0,0,0,2877,2877,0,posted,فاتورة كاش اوفلاين - تم المزامنة,4,,2026-09-08 08:46:36,2026-09-17 07:07:08,,,2026-09-08 08:46:36,SALE-1788857195568-6814,260908-2025-023,mobile,offline,,synced,2026-09-08 08:46:36,,3,7,SALE-1788857195568-6814
1888,2,1,1,60,261,18,4,954,,,1,260908-2025-024,2026-09-08 00:00:00,08:49:39,40757.5,0,0,0,0,40757.5,40757.5,0,posted,فاتورة كاش اوفلاين - تم المزامنة,4,,2026-09-08 08:49:39,2026-09-17 07:07:09,,,2026-09-08 08:49:39,SALE-1788857379030-9687,260908-2025-024,mobile,offline,,synced,2026-09-08 08:49:39,,3,7,SALE-1788857379030-9687
1889,2,1,1,60,261,18,4,857,,,1,260908-2025-025,2026-09-08 00:00:00,08:50:13,9590,0,0,0,0,9590,9590,0,posted,فاتورة كاش اوفلاين - تم المزامنة,4,,2026-09-08 08:50:13,2026-09-17 07:07:09,,,2026-09-08 08:50:13,SALE-1788857412786-3450,260908-2025-025,mobile,offline,,synced,2026-09-08 08:50:13,,3,7,SALE-1788857412786-3450
1890,2,1,1,60,261,18,4,877,,,1,260908-2025-026,2026-09-08 00:00:00,08:51:18,4795,0,0,0,0,4795,4795,0,posted,فاتورة كاش اوفلاين - تم المزامنة,4,,2026-09-08 08:51:18,2026-09-17 07:07:10,,,2026-09-08 08:51:18,SALE-1788857477724-478,260908-2025-026,mobile,offline,,synced,2026-09-08 08:51:18,,3,7,SALE-1788857477724-478
1891,2,1,1,60,261,18,4,854,,,1,260908-2025-027,2026-09-08 00:00:00,08:52:02,4795,0,0,0,0,4795,4795,0,posted,فاتورة كاش اوفلاين - تم المزامنة,4,,2026-09-08 08:52:02,2026-09-17 07:07:11,,,2026-09-08 08:52:02,SALE-1788857522038-2052,260908-2025-027,mobile,offline,,synced,2026-09-08 08:52:02,,3,7,SALE-1788857522038-2052
1892,2,1,1,60,261,18,4,929,,,1,260908-2025-028,2026-09-08 00:00:00,08:53:41,1918,0,0,0,0,1918,1918,0,posted,فاتورة كاش اوفلاين - تم المزامنة,4,,2026-09-08 08:53:41,2026-09-17 07:07:11,,,2026-09-08 08:53:41,SALE-1788857621442-2066,260908-2025-028,mobile,offline,,synced,2026-09-08 08:53:41,,3,7,SALE-1788857621442-2066
1893,2,1,1,60,261,18,4,957,,,1,260908-2025-029,2026-09-08 00:00:00,09:01:19,26372.5,0,0,0,0,26372.5,26372.5,0,posted,فاتورة كاش اوفلاين - تم المزامنة,4,,2026-09-08 09:01:19,2026-09-17 07:07:12,,,2026-09-08 09:01:19,SALE-1788858078981-7610,260908-2025-029,mobile,offline,,synced,2026-09-08 09:01:19,,3,7,SALE-1788858078981-7610
1894,2,1,1,60,261,18,4,978,,,1,260908-2025-030,2026-09-08 00:00:00,09:21:56,4795,0,0,0,0,4795,4795,0,posted,فاتورة كاش اوفلاين - تم المزامنة,4,,2026-09-08 09:21:56,2026-09-17 07:07:12,,,2026-09-08 09:21:56,SALE-1788859316013-803,260908-2025-030,mobile,offline,,synced,2026-09-08 09:21:56,,3,7,SALE-1788859316013-803
1895,2,1,1,60,261,18,4,803,,,1,260908-2025-031,2026-09-08 00:00:00,09:30:43,11028.5,0,0,0,0,11028.5,11028.5,0,posted,فاتورة كاش اوفلاين - تم المزامنة,4,,2026-09-08 09:30:43,2026-09-17 07:07:13,,,2026-09-08 09:30:43,SALE-1788859843000-2441,260908-2025-031,mobile,offline,,synced,2026-09-08 09:30:43,,3,7,SALE-1788859843000-2441
1896,2,1,1,60,261,18,4,932,,,1,260908-2025-002,2026-09-08 00:00:00,10:05:56,47950,0,0,0,0,47950,47950,0,posted,فاتورة كاش اوفلاين - تم المزامنة,4,,2026-09-08 10:05:56,2026-09-17 07:06:57,,,2026-09-08 10:05:56,SALE-1788850817614-1537,260908-2025-002,mobile,offline,,synced,2026-09-08 10:05:56,,3,7,SALE-1788850817614-1537
1897,2,1,1,60,261,18,4,847,,,1,260908-2025-003,2026-09-08 00:00:00,10:05:57,23975,0,0,0,0,23975,23975,0,posted,فاتورة كاش اوفلاين - تم المزامنة,4,,2026-09-08 10:05:57,2026-09-17 07:06:58,,,2026-09-08 10:05:57,SALE-1788851079063-465,260908-2025-003,mobile,offline,,synced,2026-09-08 10:05:57,,3,7,SALE-1788851079063-465
1898,2,1,1,60,261,18,4,838,,,1,260908-2025-004,2026-09-08 00:00:00,10:05:57,71925,0,0,0,0,71925,71925,0,posted,فاتورة كاش اوفلاين - تم المزامنة,4,,2026-09-08 10:05:57,2026-09-17 07:06:58,,,2026-09-08 10:05:57,SALE-1788851221383-3115,260908-2025-004,mobile,offline,,synced,2026-09-08 10:05:57,,3,7,SALE-1788851221383-3115
1899,2,1,1,60,261,18,4,885,,,1,260908-2025-005,2026-09-08 00:00:00,10:05:58,23975,0,0,0,0,23975,23975,0,posted,فاتورة كاش اوفلاين - تم المزامنة,4,,2026-09-08 10:05:58,2026-09-17 07:06:59,,,2026-09-08 10:05:58,SALE-1788851616892-3228,260908-2025-005,mobile,offline,,synced,2026-09-08 10:05:58,,3,7,SALE-1788851616892-3228
1900,2,1,1,60,261,18,4,840,,,1,260908-2025-006,2026-09-08 00:00:00,10:05:59,9590,0,0,0,0,9590,9590,0,posted,فاتورة كاش اوفلاين - تم المزامنة,4,,2026-09-08 10:05:59,2026-09-17 07:06:59,,,2026-09-08 10:05:59,SALE-1788852297235-3032,260908-2025-006,mobile,offline,,synced,2026-09-08 10:05:59,,3,7,SALE-1788852297235-3032
1901,2,1,1,60,261,18,4,952,,,1,260908-2025-007,2026-09-08 00:00:00,10:05:59,9590,0,0,0,0,9590,9590,0,posted,فاتورة كاش اوفلاين - تم المزامنة,4,,2026-09-08 10:05:59,2026-09-17 07:07:00,,,2026-09-08 10:05:59,SALE-1788852451328-7292,260908-2025-007,mobile,offline,,synced,2026-09-08 10:05:59,,3,7,SALE-1788852451328-7292
1902,2,1,1,60,261,18,4,839,,,1,260908-2025-008,2026-09-08 00:00:00,10:06:00,7672,0,0,0,0,7672,7672,0,posted,فاتورة كاش اوفلاين - تم المزامنة,4,,2026-09-08 10:06:00,2026-09-17 07:07:01,,,2026-09-08 10:06:00,SALE-1788852566586-7062,260908-2025-008,mobile,offline,,synced,2026-09-08 10:06:00,,3,7,SALE-1788852566586-7062
1903,2,1,1,60,261,18,4,962,,,1,260908-2025-009,2026-09-08 00:00:00,10:06:00,7192.5,0,0,0,0,7192.5,7192.5,0,posted,فاتورة كاش اوفلاين - تم المزامنة,4,,2026-09-08 10:06:00,2026-09-17 07:07:01,,,2026-09-08 10:06:00,SALE-1788852664706-7488,260908-2025-009,mobile,offline,,synced,2026-09-08 10:06:00,,3,7,SALE-1788852664706-7488
1904,2,1,1,60,261,18,4,833,,,1,260908-2025-010,2026-09-08 00:00:00,10:06:01,4795,0,0,0,0,4795,4795,0,posted,فاتورة كاش اوفلاين - تم المزامنة,4,,2026-09-08 10:06:01,2026-09-17 07:07:02,,,2026-09-08 10:06:01,SALE-1788852712738-552,260908-2025-010,mobile,offline,,synced,2026-09-08 10:06:01,,3,7,SALE-1788852712738-552
1905,2,1,1,60,261,18,4,882,,,1,260908-2025-011,2026-09-08 00:00:00,10:06:02,4795,0,0,0,0,4795,4795,0,posted,فاتورة كاش اوفلاين - تم المزامنة,4,,2026-09-08 10:06:02,2026-09-17 07:07:02,,,2026-09-08 10:06:02,SALE-1788852769144-5431,260908-2025-011,mobile,offline,,synced,2026-09-08 10:06:02,,3,7,SALE-1788852769144-5431
1906,2,1,1,60,261,18,4,813,,,1,260908-2025-012,2026-09-08 00:00:00,10:06:02,11987.5,0,0,0,0,11987.5,11987.5,0,posted,فاتورة كاش اوفلاين - تم المزامنة,4,,2026-09-08 10:06:02,2026-09-17 07:07:03,,,2026-09-08 10:06:02,SALE-1788853056784-2850,260908-2025-012,mobile,offline,,synced,2026-09-08 10:06:02,,3,7,SALE-1788853056784-2850
1907,2,1,1,60,261,18,4,961,,,1,260908-2025-013,2026-09-08 00:00:00,10:06:03,52745,0,0,0,0,52745,52745,0,posted,فاتورة كاش اوفلاين - تم المزامنة,4,,2026-09-08 10:06:03,2026-09-17 07:07:03,,,2026-09-08 10:06:03,SALE-1788853587248-5325,260908-2025-013,mobile,offline,,synced,2026-09-08 10:06:03,,3,7,SALE-1788853587248-5325
1908,2,1,1,60,261,18,4,922,,,1,260908-2025-014,2026-09-08 00:00:00,10:06:03,4795,0,0,0,0,4795,4795,0,posted,فاتورة كاش اوفلاين - تم المزامنة,4,,2026-09-08 10:06:03,2026-09-17 07:07:04,,,2026-09-08 10:06:03,SALE-1788853682195-4431,260908-2025-014,mobile,offline,,synced,2026-09-08 10:06:03,,3,7,SALE-1788853682195-4431
1909,2,1,1,60,261,18,4,878,,,1,260908-2025-015,2026-09-08 00:00:00,10:06:04,11987.5,0,0,0,0,11987.5,11987.5,0,posted,فاتورة كاش اوفلاين - تم المزامنة,4,,2026-09-08 10:06:04,2026-09-17 07:07:05,,,2026-09-08 10:06:04,SALE-1788853732097-2479,260908-2025-015,mobile,offline,,synced,2026-09-08 10:06:04,,3,7,SALE-1788853732097-2479
1910,2,1,1,60,261,18,4,933,,,1,260908-2025-016,2026-09-08 00:00:00,10:06:05,4795,0,0,0,0,4795,4795,0,posted,فاتورة كاش اوفلاين - تم المزامنة,4,,2026-09-08 10:06:05,2026-09-17 07:07:05,,,2026-09-08 10:06:05,SALE-1788853884964-7870,260908-2025-016,mobile,offline,,synced,2026-09-08 10:06:05,,3,7,SALE-1788853884964-7870
1911,2,1,1,60,261,18,4,955,,,1,260908-2025-032,2026-09-08 00:00:00,10:56:09,26852,0,0,0,0,26852,26852,0,posted,فاتورة كاش اوفلاين - تم المزامنة,4,,2026-09-08 10:56:09,2026-09-17 07:07:13,,,2026-09-08 10:56:09,SALE-1788860105313-1723,260908-2025-032,mobile,offline,,synced,2026-09-08 10:56:09,,3,7,SALE-1788860105313-1723
1912,2,1,1,60,261,18,4,968,,,1,260908-2025-033,2026-09-08 00:00:00,10:56:10,95900,0,0,0,0,95900,95900,0,posted,فاتورة كاش اوفلاين - تم المزامنة,4,,2026-09-08 10:56:10,2026-09-17 07:07:14,,,2026-09-08 10:56:10,SALE-1788861390554-6654,260908-2025-033,mobile,offline,,synced,2026-09-08 10:56:10,,3,7,SALE-1788861390554-6654
1913,2,1,1,60,261,18,4,824,,,1,260908-2025-034,2026-09-08 00:00:00,10:56:11,14864.5,0,0,0,0,14864.5,14864.5,0,posted,فاتورة كاش اوفلاين - تم المزامنة,4,,2026-09-08 10:56:11,2026-09-17 07:07:14,,,2026-09-08 10:56:11,SALE-1788861666998-4925,260908-2025-034,mobile,offline,,synced,2026-09-08 10:56:11,,3,7,SALE-1788861666998-4925
1914,2,1,1,60,261,18,4,893,,,1,260908-2025-035,2026-09-08 00:00:00,10:56:12,7192.5,0,0,0,0,7192.5,7192.5,0,posted,فاتورة كاش اوفلاين - تم المزامنة,4,,2026-09-08 10:56:12,2026-09-17 07:07:15,,,2026-09-08 10:56:12,SALE-1788861708984-7690,260908-2025-035,mobile,offline,,synced,2026-09-08 10:56:12,,3,7,SALE-1788861708984-7690
1915,2,1,1,60,261,18,4,981,,,1,260908-2025-036,2026-09-08 00:00:00,10:56:13,23975,0,0,0,0,23975,23975,0,posted,فاتورة كاش اوفلاين - تم المزامنة,4,,2026-09-08 10:56:13,2026-09-17 07:07:15,,,2026-09-08 10:56:13,SALE-1788862030766-9459,260908-2025-036,mobile,offline,,synced,2026-09-08 10:56:13,,3,7,SALE-1788862030766-9459
1916,2,1,1,60,261,14,4,1046,,,1,260908-2025-038,2026-09-08 00:00:00,10:56:14,23975,0,0,0,0,23975,23975,0,posted,فاتورة كاش اوفلاين - تم المزامنة,4,,2026-09-08 10:56:14,2026-09-17 07:07:16,,,2026-09-08 10:56:14,SALE-1788864949480-9765,260908-2025-038,mobile,offline,,synced,2026-09-08 10:56:14,,2,7,SALE-1788864949480-9765
1917,2,1,1,60,261,18,4,871,,,1,260908-2025-039,2026-09-08 00:00:00,11:00:42,71925,0,0,0,0,71925,71925,0,posted,فاتورة كاش اوفلاين - تم المزامنة,4,,2026-09-08 11:00:42,2026-09-17 07:07:16,,,2026-09-08 11:00:42,SALE-1788865241930-5439,260908-2025-039,mobile,offline,,synced,2026-09-08 11:00:42,,3,7,SALE-1788865241930-5439
1918,2,1,1,,,,,697,,,1,SA-00019,2026-09-08 00:00:00,11:36:55,1942934,0,0,0,0,2234374.1,0,2234374.1,approved,Ø£Ù…Ø± Ø¨ÙŠØ¹ Ù…Ù† Ø§ØºÙ„Ø§Ù‚ Ø§Ù„Ø¥Ø°Ù† RO-00020,2,2,2026-09-08 11:36:55,2026-09-15 18:24:22,2026-09-17 17:14:07,,,,,desktop,,,synced,,,,,
1919,2,1,1,61,262,15,6,779,,,1,260908-2027-001,2026-09-08 00:00:00,11:39:57,35962.5,0,0,0,0,35962.5,35962.5,0,posted,فاتورة كاش اوفلاين - تم المزامنة,6,,2026-09-08 11:39:57,2026-09-08 11:39:57,,,2026-09-08 11:39:57,SALE-1788867586813-1620,260908-2027-001,mobile,offline,,synced,2026-09-08 11:39:57,,2,7,SALE-1788867586813-1620
1920,2,1,1,61,262,15,6,790,,,1,260908-2027-002,2026-09-08 00:00:00,11:40:13,23975,0,0,0,0,23975,23975,0,posted,فاتورة كاش اوفلاين - تم المزامنة,6,,2026-09-08 11:40:13,2026-09-09 11:29:51,,,2026-09-08 11:40:13,SALE-1788867613102-3483,260908-2027-002,mobile,offline,,synced,2026-09-08 11:40:13,,2,7,SALE-1788867613102-3483
1921,2,1,1,61,262,15,6,1463,,,1,260908-2027-003,2026-09-08 00:00:00,11:40:42,382800,0,0,0,0,382800,382800,0,posted,فاتورة كاش اوفلاين - تم المزامنة,6,,2026-09-08 11:40:42,2026-09-09 11:29:51,,,2026-09-08 11:40:42,SALE-1788867642057-9217,260908-2027-003,mobile,offline,,synced,2026-09-08 11:40:42,,2,6,SALE-1788867642057-9217
1922,2,1,1,61,262,15,6,780,,,1,260908-2027-005,2026-09-08 00:00:00,11:43:42,251737.5,0,0,0,0,251737.5,251737.5,0,posted,فاتورة كاش اوفلاين - تم المزامنة,6,,2026-09-08 11:43:42,2026-09-09 11:29:52,,,2026-09-08 11:43:42,SALE-1788867822398-8010,260908-2027-005,mobile,offline,,synced,2026-09-08 11:43:42,,2,7,SALE-1788867822398-8010
1923,2,1,1,61,262,15,6,781,,,1,260908-2027-006,2026-09-08 00:00:00,11:45:08,385997.5,0,0,0,0,385997.5,385997.5,0,posted,فاتورة كاش اوفلاين - تم المزامنة,6,,2026-09-08 11:45:08,2026-09-09 11:29:53,,,2026-09-08 11:45:08,SALE-1788867908215-5764,260908-2027-006,mobile,offline,,synced,2026-09-08 11:45:08,,2,7,SALE-1788867908215-5764
1924,2,1,1,61,262,15,6,791,,,1,260908-2027-007,2026-09-08 00:00:00,12:21:53,130903.5,0,0,0,0,130903.5,130903.5,0,posted,فاتورة كاش اوفلاين - تم المزامنة,6,,2026-09-08 12:21:53,2026-09-09 11:29:54,,,2026-09-08 12:21:53,SALE-1788870113188-7452,260908-2027-007,mobile,offline,,synced,2026-09-08 12:21:53,,2,7,SALE-1788870113188-7452
1925,2,1,1,,,,,697,,,1,SA-00020,2026-09-08 00:00:00,12:36:15,58499,0,0,0,0,67273.85,0,67273.85,approved,Ø£Ù…Ø± Ø¨ÙŠØ¹ Ù…Ù† Ø§ØºÙ„Ø§Ù‚ Ø§Ù„Ø¥Ø°Ù† RO-00021,2,2,2026-09-08 12:36:15,2026-09-15 18:24:22,2026-09-17 17:14:07,,,,,desktop,,,synced,,,,,
1926,2,1,1,59,260,18,5,817,,,1,260908-2026-001,2026-09-08 00:00:00,12:46:38,47950,0,0,0,0,47950,47950,0,posted,فاتورة كاش اوفلاين - تم المزامنة,5,,2026-09-08 12:46:38,2026-09-17 07:35:22,,,2026-09-08 12:46:39,SALE-1788851204875-6760,260908-2026-001,mobile,offline,,synced,2026-09-08 12:46:38,,3,7,SALE-1788851204875-6760
1927,2,1,1,59,260,18,5,861,,,1,260908-2026-002,2026-09-08 00:00:00,12:46:39,52745,0,0,0,0,52745,52745,0,posted,فاتورة كاش اوفلاين - تم المزامنة,5,,2026-09-08 12:46:39,2026-09-17 07:35:23,,,2026-09-08 12:46:39,SALE-1788851439844-1166,260908-2026-002,mobile,offline,,synced,2026-09-08 12:46:39,,3,7,SALE-1788851439844-1166
1928,2,1,1,59,260,18,5,985,,,1,260908-2026-003,2026-09-08 00:00:00,12:46:40,10069.5,0,0,0,0,10069.5,10069.5,0,posted,فاتورة كاش اوفلاين - تم المزامنة,5,,2026-09-08 12:46:40,2026-09-17 07:35:23,,,2026-09-08 12:46:40,SALE-1788851618549-8874,260908-2026-003,mobile,offline,,synced,2026-09-08 12:46:40,,3,7,SALE-1788851618549-8874
1929,2,1,1,59,260,18,5,911,,,1,260908-2026-004,2026-09-08 00:00:00,12:46:40,47950,0,0,0,0,47950,47950,0,posted,فاتورة كاش اوفلاين - تم المزامنة,5,,2026-09-08 12:46:40,2026-09-17 07:35:24,,,2026-09-08 12:46:40,SALE-1788851724407-1558,260908-2026-004,mobile,offline,,synced,2026-09-08 12:46:40,,3,7,SALE-1788851724407-1558
1930,2,1,1,59,260,18,5,979,,,1,260908-2026-005,2026-09-08 00:00:00,12:46:41,35962.5,0,0,0,0,35962.5,35962.5,0,posted,فاتورة كاش اوفلاين - تم المزامنة,5,,2026-09-08 12:46:41,2026-09-17 07:35:25,,,2026-09-08 12:46:41,SALE-1788852108268-6774,260908-2026-005,mobile,offline,,synced,2026-09-08 12:46:41,,3,7,SALE-1788852108268-6774
1931,2,1,1,59,260,18,5,907,,,1,260908-2026-006,2026-09-08 00:00:00,12:46:41,7192.5,0,0,0,0,7192.5,7192.5,0,posted,فاتورة كاش اوفلاين - تم المزامنة,5,,2026-09-08 12:46:41,2026-09-17 07:35:25,,,2026-09-08 12:46:41,SALE-1788852864683-953,260908-2026-006,mobile,offline,,synced,2026-09-08 12:46:41,,3,7,SALE-1788852864683-953
1932,2,1,1,59,260,18,5,892,,,1,260908-2026-007,2026-09-08 00:00:00,12:46:42,7192.5,0,0,0,0,7192.5,7192.5,0,posted,فاتورة كاش اوفلاين - تم المزامنة,5,,2026-09-08 12:46:42,2026-09-17 07:35:26,,,2026-09-08 12:46:42,SALE-1788852899257-4157,260908-2026-007,mobile,offline,,synced,2026-09-08 12:46:42,,3,7,SALE-1788852899257-4157
1933,2,1,1,59,260,18,5,884,,,1,260908-2026-008,2026-09-08 00:00:00,12:46:42,9590,0,0,0,0,9590,9590,0,posted,فاتورة كاش اوفلاين - تم المزامنة,5,,2026-09-08 12:46:42,2026-09-17 07:35:26,,,2026-09-08 12:46:42,SALE-1788853007327-7960,260908-2026-008,mobile,offline,,synced,2026-09-08 12:46:42,,3,7,SALE-1788853007327-7960
1934,2,1,1,59,260,18,5,846,,,1,260908-2026-009,2026-09-08 00:00:00,12:46:43,47950,0,0,0,0,47950,47950,0,posted,فاتورة كاش اوفلاين - تم المزامنة,5,,2026-09-08 12:46:43,2026-09-17 07:35:27,,,2026-09-08 12:46:43,SALE-1788853738135-2544,260908-2026-009,mobile,offline,,synced,2026-09-08 12:46:43,,3,7,SALE-1788853738135-2544
1935,2,1,1,59,260,18,5,905,,,1,260908-2026-010,2026-09-08 00:00:00,12:46:43,52745,0,0,0,0,52745,52745,0,posted,فاتورة كاش اوفلاين - تم المزامنة,5,,2026-09-08 12:46:43,2026-09-17 07:35:28,,,2026-09-08 12:46:43,SALE-1788853820362-4124,260908-2026-010,mobile,offline,,synced,2026-09-08 12:46:43,,3,7,SALE-1788853820362-4124
1936,2,1,1,59,260,18,5,806,,,1,260908-2026-011,2026-09-08 00:00:00,12:46:44,19180,0,0,0,0,19180,19180,0,posted,فاتورة كاش اوفلاين - تم المزامنة,5,,2026-09-08 12:46:44,2026-09-17 07:35:28,,,2026-09-08 12:46:44,SALE-1788853873215-8226,260908-2026-011,mobile,offline,,synced,2026-09-08 12:46:44,,3,7,SALE-1788853873215-8226
1937,2,1,1,59,260,18,5,888,,,1,260908-2026-015,2026-09-08 00:00:00,12:46:45,20139,0,0,0,0,20139,20139,0,posted,فاتورة كاش اوفلاين - تم المزامنة,5,,2026-09-08 12:46:45,2026-09-17 07:35:30,,,2026-09-08 12:46:45,SALE-1788856191514-1543,260908-2026-015,mobile,offline,,synced,2026-09-08 12:46:45,,3,7,SALE-1788856191514-1543
1938,2,1,1,59,260,18,5,809,,,1,260908-2026-016,2026-09-08 00:00:00,12:46:45,47950,0,0,0,0,47950,47950,0,posted,فاتورة كاش اوفلاين - تم المزامنة,5,,2026-09-08 12:46:45,2026-09-17 07:35:31,,,2026-09-08 12:46:45,SALE-1788856803810-7714,260908-2026-016,mobile,offline,,synced,2026-09-08 12:46:45,,3,7,SALE-1788856803810-7714
1939,2,1,1,59,260,18,5,972,,,1,260908-2026-017,2026-09-08 00:00:00,12:46:46,23975,0,0,0,0,23975,23975,0,posted,فاتورة كاش اوفلاين - تم المزامنة,5,,2026-09-08 12:46:46,2026-09-17 07:35:31,,,2026-09-08 12:46:46,SALE-1788857789848-4632,260908-2026-017,mobile,offline,,synced,2026-09-08 12:46:46,,3,7,SALE-1788857789848-4632
1940,2,1,1,59,260,18,5,866,,,1,260908-2026-018,2026-09-08 00:00:00,12:46:46,11987.5,0,0,0,0,11987.5,11987.5,0,posted,فاتورة كاش اوفلاين - تم المزامنة,5,,2026-09-08 12:46:46,2026-09-17 07:35:32,,,2026-09-08 12:46:46,SALE-1788857849931-651,260908-2026-018,mobile,offline,,synced,2026-09-08 12:46:46,,3,7,SALE-1788857849931-651
1941,2,1,1,59,260,18,5,873,,,1,260908-2026-019,2026-09-08 00:00:00,12:46:47,23975,0,0,0,0,23975,23975,0,posted,فاتورة كاش اوفلاين - تم المزامنة,5,,2026-09-08 12:46:47,2026-09-17 07:35:33,,,2026-09-08 12:46:47,SALE-1788858367963-3,260908-2026-019,mobile,offline,,synced,2026-09-08 12:46:47,,3,7,SALE-1788858367963-3
1942,2,1,1,59,260,18,5,964,,,1,260908-2026-020,2026-09-08 00:00:00,12:46:47,23975,0,0,0,0,23975,23975,0,posted,فاتورة كاش اوفلاين - تم المزامنة,5,,2026-09-08 12:46:47,2026-09-17 07:35:33,,,2026-09-08 12:46:47,SALE-1788858595212-7401,260908-2026-020,mobile,offline,,synced,2026-09-08 12:46:47,,3,7,SALE-1788858595212-7401
1943,2,1,1,59,260,18,5,986,,,1,260908-2026-021,2026-09-08 00:00:00,12:46:48,7192.5,0,0,0,0,7192.5,7192.5,0,posted,فاتورة كاش اوفلاين - تم المزامنة,5,,2026-09-08 12:46:48,2026-09-17 07:35:34,,,2026-09-08 12:46:48,SALE-1788858642872-6737,260908-2026-021,mobile,offline,,synced,2026-09-08 12:46:48,,3,7,SALE-1788858642872-6737
1944,2,1,1,59,260,18,5,830,,,1,260908-2026-022,2026-09-08 00:00:00,12:46:48,19180,0,0,0,0,19180,19180,0,posted,فاتورة كاش اوفلاين - تم المزامنة,5,,2026-09-08 12:46:48,2026-09-17 07:35:35,,,2026-09-08 12:46:48,SALE-1788859144829-8930,260908-2026-022,mobile,offline,,synced,2026-09-08 12:46:48,,3,7,SALE-1788859144829-8930
1945,2,1,1,59,260,18,5,966,,,1,260908-2026-023,2026-09-08 00:00:00,12:46:49,23975,0,0,0,0,23975,23975,0,posted,فاتورة كاش اوفلاين - تم المزامنة,5,,2026-09-08 12:46:49,2026-09-17 07:35:35,,,2026-09-08 12:46:49,SALE-1788859702673-9968,260908-2026-023,mobile,offline,,synced,2026-09-08 12:46:49,,3,7,SALE-1788859702673-9968
1946,2,1,1,59,260,18,5,1480,,,1,260908-2026-024,2026-09-08 00:00:00,12:46:49,479.5,0,0,0,0,479.5,479.5,0,posted,فاتورة كاش اوفلاين - تم المزامنة,5,,2026-09-08 12:46:49,2026-09-08 12:46:49,,,2026-09-08 12:46:49,SALE-1788859714740-1115,260908-2026-024,mobile,offline,,synced,2026-09-08 12:46:49,,3,8,SALE-1788859714740-1115
1947,2,1,1,59,260,18,5,832,,,1,260908-2026-025,2026-09-08 00:00:00,12:46:50,71925,0,0,0,0,71925,71925,0,posted,فاتورة كاش اوفلاين - تم المزامنة,5,,2026-09-08 12:46:50,2026-09-17 07:35:36,,,2026-09-08 12:46:50,SALE-1788859914575-152,260908-2026-025,mobile,offline,,synced,2026-09-08 12:46:50,,3,7,SALE-1788859914575-152
1948,2,1,1,59,260,18,5,870,,,1,260908-2026-026,2026-09-08 00:00:00,12:46:51,23975,0,0,0,0,23975,23975,0,posted,فاتورة كاش اوفلاين - تم المزامنة,5,,2026-09-08 12:46:51,2026-09-17 07:35:37,,,2026-09-08 12:46:51,SALE-1788859970241-8458,260908-2026-026,mobile,offline,,synced,2026-09-08 12:46:51,,3,7,SALE-1788859970241-8458
1949,2,1,1,59,260,18,5,943,,,1,260908-2026-027,2026-09-08 00:00:00,12:46:51,71925,0,0,0,0,71925,71925,0,posted,فاتورة كاش اوفلاين - تم المزامنة,5,,2026-09-08 12:46:51,2026-09-17 07:35:38,,,2026-09-08 12:46:51,SALE-1788860338486-3328,260908-2026-027,mobile,offline,,synced,2026-09-08 12:46:51,,3,7,SALE-1788860338486-3328
1950,2,1,1,59,260,18,5,856,,,1,260908-2026-028,2026-09-08 00:00:00,12:46:52,35962.5,0,0,0,0,35962.5,35962.5,0,posted,فاتورة كاش اوفلاين - تم المزامنة,5,,2026-09-08 12:46:52,2026-09-17 07:35:38,,,2026-09-08 12:46:52,SALE-1788860389208-7707,260908-2026-028,mobile,offline,,synced,2026-09-08 12:46:52,,3,7,SALE-1788860389208-7707
1951,2,1,1,59,260,18,5,876,,,1,260908-2026-029,2026-09-08 00:00:00,12:46:52,11987.5,0,0,0,0,11987.5,11987.5,0,posted,فاتورة كاش اوفلاين - تم المزامنة,5,,2026-09-08 12:46:52,2026-09-17 07:35:39,,,2026-09-08 12:46:52,SALE-1788860543408-6109,260908-2026-029,mobile,offline,,synced,2026-09-08 12:46:52,,3,7,SALE-1788860543408-6109
1952,2,1,1,59,260,18,5,819,,,1,260908-2026-030,2026-09-08 00:00:00,12:46:53,47950,0,0,0,0,47950,47950,0,posted,فاتورة كاش اوفلاين - تم المزامنة,5,,2026-09-08 12:46:53,2026-09-17 07:35:40,,,2026-09-08 12:46:53,SALE-1788860863954-1177,260908-2026-030,mobile,offline,,synced,2026-09-08 12:46:53,,3,7,SALE-1788860863954-1177
1953,2,1,1,59,260,18,5,843,,,1,260908-2026-031,2026-09-08 00:00:00,12:46:53,4795,0,0,0,0,4795,4795,0,posted,فاتورة كاش اوفلاين - تم المزامنة,5,,2026-09-08 12:46:53,2026-09-17 07:35:40,,,2026-09-08 12:46:53,SALE-1788862713067-2485,260908-2026-031,mobile,offline,,synced,2026-09-08 12:46:53,,3,7,SALE-1788862713067-2485
1954,2,1,1,59,260,18,5,934,,,1,260908-2026-032,2026-09-08 00:00:00,12:46:54,4795,0,0,0,0,4795,4795,0,posted,فاتورة كاش اوفلاين - تم المزامنة,5,,2026-09-08 12:46:54,2026-09-17 07:35:41,,,2026-09-08 12:46:54,SALE-1788862794201-9523,260908-2026-032,mobile,offline,,synced,2026-09-08 12:46:54,,3,7,SALE-1788862794201-9523
1955,2,1,1,59,260,18,5,906,,,1,260908-2026-033,2026-09-08 00:00:00,12:46:54,23975,0,0,0,0,23975,23975,0,posted,فاتورة كاش اوفلاين - تم المزامنة,5,,2026-09-08 12:46:54,2026-09-17 07:35:41,,,2026-09-08 12:46:54,SALE-1788862857297-7898,260908-2026-033,mobile,offline,,synced,2026-09-08 12:46:54,,3,7,SALE-1788862857297-7898
1956,2,1,1,59,260,18,5,959,,,1,260908-2026-034,2026-09-08 00:00:00,12:46:55,23975,0,0,0,0,23975,23975,0,posted,فاتورة كاش اوفلاين - تم المزامنة,5,,2026-09-08 12:46:55,2026-09-17 07:35:42,,,2026-09-08 12:46:55,SALE-1788862995950-8508,260908-2026-034,mobile,offline,,synced,2026-09-08 12:46:55,,3,7,SALE-1788862995950-8508
1957,2,1,1,59,260,18,5,869,,,1,260908-2026-035,2026-09-08 00:00:00,12:46:55,4795,0,0,0,0,4795,4795,0,posted,فاتورة كاش اوفلاين - تم المزامنة,5,,2026-09-08 12:46:55,2026-09-17 07:35:43,,,2026-09-08 12:46:55,SALE-1788863064473-6330,260908-2026-035,mobile,offline,,synced,2026-09-08 12:46:55,,3,7,SALE-1788863064473-6330
1958,2,1,1,59,260,18,5,947,,,1,260908-2026-036,2026-09-08 00:00:00,12:46:56,23975,0,0,0,0,23975,23975,0,posted,فاتورة كاش اوفلاين - تم المزامنة,5,,2026-09-08 12:46:56,2026-09-17 07:35:43,,,2026-09-08 12:46:56,SALE-1788863114685-1066,260908-2026-036,mobile,offline,,synced,2026-09-08 12:46:56,,3,7,SALE-1788863114685-1066
1959,2,1,1,59,260,18,5,827,,,1,260908-2026-037,2026-09-08 00:00:00,12:46:56,59937.5,0,0,0,0,59937.5,59937.5,0,posted,فاتورة كاش اوفلاين - تم المزامنة,5,,2026-09-08 12:46:56,2026-09-17 07:35:44,,,2026-09-08 12:46:56,SALE-1788863178274-3737,260908-2026-037,mobile,offline,,synced,2026-09-08 12:46:56,,3,7,SALE-1788863178274-3737
1960,2,1,1,59,260,18,5,924,,,1,260908-2026-038,2026-09-08 00:00:00,12:46:57,9590,0,0,0,0,9590,9590,0,posted,فاتورة كاش اوفلاين - تم المزامنة,5,,2026-09-08 12:46:57,2026-09-17 07:35:44,,,2026-09-08 12:46:57,SALE-1788863488636-5325,260908-2026-038,mobile,offline,,synced,2026-09-08 12:46:57,,3,7,SALE-1788863488636-5325
1961,2,1,1,,,18,5,805,,,1,260908-2026-039,2026-09-08 00:00:00,12:46:57,14385,0,0,0,0,14385,14385,0,posted,فاتورة كاش اوفلاين - تم المزامنة,5,,2026-09-08 12:46:57,2026-09-17 07:35:45,,,2026-09-08 12:46:58,SALE-1788863557176-3223,260908-2026-039,mobile,offline,,synced,2026-09-08 12:46:57,,3,,SALE-1788863557176-3223
1962,2,1,1,59,260,18,5,823,,,1,260908-2026-040,2026-09-08 00:00:00,12:46:58,4795,0,0,0,0,4795,4795,0,posted,فاتورة كاش اوفلاين - تم المزامنة,5,,2026-09-08 12:46:58,2026-09-17 07:35:46,,,2026-09-08 12:46:58,SALE-1788863768539-6448,260908-2026-040,mobile,offline,,synced,2026-09-08 12:46:58,,3,7,SALE-1788863768539-6448
1963,2,1,1,59,260,18,5,915,,,1,260908-2026-041,2026-09-08 00:00:00,12:46:59,47950,0,0,0,0,47950,47950,0,posted,فاتورة كاش اوفلاين - تم المزامنة,5,,2026-09-08 12:46:59,2026-09-17 07:35:46,,,2026-09-08 12:46:59,SALE-1788863823945-1537,260908-2026-041,mobile,offline,,synced,2026-09-08 12:46:59,,3,7,SALE-1788863823945-1537
1964,2,1,1,59,260,18,5,927,,,1,260908-2026-042,2026-09-08 00:00:00,12:46:59,11987.5,0,0,0,0,11987.5,11987.5,0,posted,فاتورة كاش اوفلاين - تم المزامنة,5,,2026-09-08 12:46:59,2026-09-17 07:35:47,,,2026-09-08 12:46:59,SALE-1788864091109-9489,260908-2026-042,mobile,offline,,synced,2026-09-08 12:46:59,,3,7,SALE-1788864091109-9489
1965,2,1,1,59,260,18,5,939,,,1,260908-2026-043,2026-09-08 00:00:00,12:47:00,7192.5,0,0,0,0,7192.5,7192.5,0,posted,فاتورة كاش اوفلاين - تم المزامنة,5,,2026-09-08 12:47:00,2026-09-17 07:35:48,,,2026-09-08 12:47:00,SALE-1788864288280-3434,260908-2026-043,mobile,offline,,synced,2026-09-08 12:47:00,,3,7,SALE-1788864288280-3434
1966,2,1,1,59,260,18,5,895,,,1,260908-2026-044,2026-09-08 00:00:00,12:47:00,71925,0,0,0,0,71925,71925,0,posted,فاتورة كاش اوفلاين - تم المزامنة,5,,2026-09-08 12:47:00,2026-09-17 07:35:49,,,2026-09-08 12:47:00,SALE-1788864342428-5820,260908-2026-044,mobile,offline,,synced,2026-09-08 12:47:00,,3,7,SALE-1788864342428-5820
1967,2,1,1,59,260,18,5,974,,,1,260908-2026-045,2026-09-08 00:00:00,12:47:01,5754,0,0,0,0,5754,5754,0,posted,فاتورة كاش اوفلاين - تم المزامنة,5,,2026-09-08 12:47:01,2026-09-17 07:35:49,,,2026-09-08 12:47:01,SALE-1788864563712-6767,260908-2026-045,mobile,offline,,synced,2026-09-08 12:47:01,,3,7,SALE-1788864563712-6767
1968,2,1,1,59,260,18,5,812,,,1,260908-2026-046,2026-09-08 00:00:00,12:47:01,4795,0,0,0,0,4795,4795,0,posted,فاتورة كاش اوفلاين - تم المزامنة,5,,2026-09-08 12:47:01,2026-09-17 07:35:50,,,2026-09-08 12:47:01,SALE-1788864607860-8537,260908-2026-046,mobile,offline,,synced,2026-09-08 12:47:01,,3,7,SALE-1788864607860-8537
1969,2,1,1,59,260,18,5,956,,,1,260908-2026-047,2026-09-08 00:00:00,12:47:02,47950,0,0,0,0,47950,47950,0,posted,فاتورة كاش اوفلاين - تم المزامنة,5,,2026-09-08 12:47:02,2026-09-17 07:35:51,,,2026-09-08 12:47:02,SALE-1788864659804-2542,260908-2026-047,mobile,offline,,synced,2026-09-08 12:47:02,,3,7,SALE-1788864659804-2542
1970,2,1,1,59,260,18,5,887,,,1,260908-2026-048,2026-09-08 00:00:00,12:47:02,9590,0,0,0,0,9590,9590,0,posted,فاتورة كاش اوفلاين - تم المزامنة,5,,2026-09-08 12:47:02,2026-09-17 07:36:18,,,2026-09-08 12:47:02,SALE-1788864847508-1161,260908-2026-048,mobile,offline,,synced,2026-09-08 12:47:02,,3,7,SALE-1788864847508-1161
1971,2,1,1,59,260,18,5,971,,,1,260908-2026-049,2026-09-08 00:00:00,12:47:03,11987.5,0,0,0,0,11987.5,11987.5,0,posted,فاتورة كاش اوفلاين - تم المزامنة,5,,2026-09-08 12:47:03,2026-09-17 07:36:18,,,2026-09-08 12:47:03,SALE-1788864928163-3089,260908-2026-049,mobile,offline,,synced,2026-09-08 12:47:03,,3,7,SALE-1788864928163-3089
1972,2,1,1,59,260,18,5,815,,,1,260908-2026-050,2026-09-08 00:00:00,12:47:03,7192.5,0,0,0,0,7192.5,7192.5,0,posted,فاتورة كاش اوفلاين - تم المزامنة,5,,2026-09-08 12:47:03,2026-09-17 07:35:52,,,2026-09-08 12:47:03,SALE-1788864981372-9944,260908-2026-050,mobile,offline,,synced,2026-09-08 12:47:03,,3,7,SALE-1788864981372-9944
1973,2,1,1,59,260,18,5,904,,,1,260908-2026-051,2026-09-08 00:00:00,12:47:04,19659.5,0,0,0,0,19659.5,19659.5,0,posted,فاتورة كاش اوفلاين - تم المزامنة,5,,2026-09-08 12:47:04,2026-09-17 07:35:53,,,2026-09-08 12:47:04,SALE-1788865092856-4994,260908-2026-051,mobile,offline,,synced,2026-09-08 12:47:04,,3,7,SALE-1788865092856-4994
1974,2,1,1,59,260,18,5,896,,,1,260908-2026-052,2026-09-08 00:00:00,12:47:04,5754,0,0,0,0,5754,5754,0,posted,فاتورة كاش اوفلاين - تم المزامنة,5,,2026-09-08 12:47:04,2026-09-17 07:35:53,,,2026-09-08 12:47:04,SALE-1788865218031-3738,260908-2026-052,mobile,offline,,synced,2026-09-08 12:47:04,,3,7,SALE-1788865218031-3738
1975,2,1,1,59,260,18,5,836,,,1,260908-2026-053,2026-09-08 00:00:00,12:47:05,14864.5,0,0,0,0,14864.5,14864.5,0,posted,فاتورة كاش اوفلاين - تم المزامنة,5,,2026-09-08 12:47:05,2026-09-17 07:35:54,,,2026-09-08 12:47:05,SALE-1788865279518-8395,260908-2026-053,mobile,offline,,synced,2026-09-08 12:47:05,,3,7,SALE-1788865279518-8395
1976,2,1,1,59,260,18,5,1480,,,1,260908-2026-054,2026-09-08 00:00:00,12:47:05,10069.5,0,0,0,0,10069.5,10069.5,0,posted,فاتورة كاش اوفلاين - تم المزامنة,5,,2026-09-08 12:47:05,2026-09-17 07:36:19,,,2026-09-08 12:47:05,SALE-1788865560409-8970,260908-2026-054,mobile,offline,,synced,2026-09-08 12:47:05,,3,8,SALE-1788865560409-8970
1977,2,1,1,59,260,18,5,891,,,1,260908-2026-055,2026-09-08 00:00:00,12:47:08,10069.5,0,0,0,0,10069.5,10069.5,0,posted,فاتورة كاش اوفلاين - تم المزامنة,5,,2026-09-08 12:47:08,2026-09-17 07:36:19,,,2026-09-08 12:47:08,SALE-1788865697552-8473,260908-2026-055,mobile,offline,,synced,2026-09-08 12:47:08,,3,7,SALE-1788865697552-8473
1978,2,1,1,59,260,18,5,900,,,1,260908-2026-056,2026-09-08 00:00:00,12:47:09,47950,0,0,0,0,47950,47950,0,posted,فاتورة كاش اوفلاين - تم المزامنة,5,,2026-09-08 12:47:09,2026-09-17 07:36:20,,,2026-09-08 12:47:09,SALE-1788865862178-5096,260908-2026-056,mobile,offline,,synced,2026-09-08 12:47:09,,3,7,SALE-1788865862178-5096
1979,2,1,1,59,260,18,5,829,,,1,260908-2026-057,2026-09-08 00:00:00,12:47:10,9590,0,0,0,0,9590,9590,0,posted,فاتورة كاش اوفلاين - تم المزامنة,5,,2026-09-08 12:47:10,2026-09-17 07:36:21,,,2026-09-08 12:47:10,SALE-1788866396598-2786,260908-2026-057,mobile,offline,,synced,2026-09-08 12:47:10,,3,7,SALE-1788866396598-2786
1980,2,1,1,59,260,18,5,853,,,1,260908-2026-058,2026-09-08 00:00:00,12:47:10,19180,0,0,0,0,19180,19180,0,posted,فاتورة كاش اوفلاين - تم المزامنة,5,,2026-09-08 12:47:10,2026-09-17 07:36:21,,,2026-09-08 12:47:10,SALE-1788866494059-453,260908-2026-058,mobile,offline,,synced,2026-09-08 12:47:10,,3,7,SALE-1788866494059-453
1981,2,1,1,59,260,18,5,804,,,1,260908-2026-060,2026-09-08 00:00:00,12:47:11,215775,0,0,0,0,215775,215775,0,posted,فاتورة كاش اوفلاين - تم المزامنة,5,,2026-09-08 12:47:11,2026-09-17 07:36:22,,,2026-09-08 12:47:11,SALE-1788867250395-3730,260908-2026-060,mobile,offline,,synced,2026-09-08 12:47:11,,3,7,SALE-1788867250395-3730
1982,2,1,1,59,260,18,5,816,,,1,260908-2026-061,2026-09-08 00:00:00,12:47:11,2397.5,0,0,0,0,2397.5,2397.5,0,posted,فاتورة كاش اوفلاين - تم المزامنة,5,,2026-09-08 12:47:11,2026-09-17 07:36:23,,,2026-09-08 12:47:11,SALE-1788867274880-5818,260908-2026-061,mobile,offline,,synced,2026-09-08 12:47:11,,3,7,SALE-1788867274880-5818
1983,2,1,1,59,260,18,5,800,,,1,260908-2026-062,2026-09-08 00:00:00,12:47:12,47950,0,0,0,0,47950,47950,0,posted,فاتورة كاش اوفلاين - تم المزامنة,5,,2026-09-08 12:47:12,2026-09-17 07:36:23,,,2026-09-08 12:47:12,SALE-1788871246531-4891,260908-2026-062,mobile,offline,,synced,2026-09-08 12:47:12,,3,7,SALE-1788871246531-4891
1984,2,1,1,,,,,697,,,1,SA-00021,2026-09-08 00:00:00,12:51:53,251737.5,0,0,0,0,289498.125,0,289498.125,approved,Ø£Ù…Ø± Ø¨ÙŠØ¹ Ù…Ù† Ø§ØºÙ„Ø§Ù‚ Ø§Ù„Ø¥Ø°Ù† RO-00022,2,2,2026-09-08 12:51:53,2026-09-15 18:24:23,2026-09-17 17:14:07,,,,,desktop,,,synced,,,,,
1985,2,1,1,62,263,13,5,1158,,,1,260909-2026-001,2026-09-09 00:00:00,06:33:59,23975,0,0,0,0,23975,23975,0,posted,فاتورة كاش اوفلاين - تم المزامنة,5,,2026-09-09 06:33:59,2026-09-17 07:36:24,,,2026-09-09 06:33:59,SALE-1788934529582-9282,260909-2026-001,mobile,offline,,synced,2026-09-09 06:33:59,,2,7,SALE-1788934529582-9282
1986,2,1,1,62,263,13,5,1164,,,1,260909-2026-002,2026-09-09 00:00:00,06:34:00,9590,0,0,0,0,9590,9590,0,posted,فاتورة كاش اوفلاين - تم المزامنة,5,,2026-09-09 06:34:00,2026-09-17 07:36:24,,,2026-09-09 06:34:00,SALE-1788935341788-8312,260909-2026-002,mobile,offline,,synced,2026-09-09 06:34:00,,2,7,SALE-1788935341788-8312
1987,2,1,1,62,263,13,5,1108,,,1,260909-2026-003,2026-09-09 00:00:00,06:34:01,11987.5,0,0,0,0,11987.5,11987.5,0,posted,فاتورة كاش اوفلاين - تم المزامنة,5,,2026-09-09 06:34:01,2026-09-17 07:36:25,,,2026-09-09 06:34:02,SALE-1788935602665-1473,260909-2026-003,mobile,offline,,synced,2026-09-09 06:34:01,,2,7,SALE-1788935602665-1473
1988,2,1,1,62,263,13,5,1105,,,1,260909-2026-004,2026-09-09 00:00:00,06:46:17,7192.5,0,0,0,0,7192.5,7192.5,0,posted,فاتورة كاش اوفلاين - تم المزامنة,5,,2026-09-09 06:46:17,2026-09-17 07:36:26,,,2026-09-09 06:46:17,SALE-1788936377076-7090,260909-2026-004,mobile,offline,,synced,2026-09-09 06:46:17,,2,7,SALE-1788936377076-7090
1989,2,1,1,62,263,13,5,1120,,,1,260909-2026-005,2026-09-09 00:00:00,06:54:53,4795,0,0,0,0,4795,4795,0,posted,فاتورة كاش اوفلاين - تم المزامنة,5,,2026-09-09 06:54:53,2026-09-17 07:36:26,,,2026-09-09 06:54:53,SALE-1788936892337-4097,260909-2026-005,mobile,offline,,synced,2026-09-09 06:54:53,,2,7,SALE-1788936892337-4097
1990,2,1,1,62,263,13,5,1118,,,1,260909-2026-006,2026-09-09 00:00:00,06:56:50,7192.5,0,0,0,0,7192.5,7192.5,0,posted,فاتورة كاش اوفلاين - تم المزامنة,5,,2026-09-09 06:56:50,2026-09-17 07:36:27,,,2026-09-09 06:56:50,SALE-1788937009410-1560,260909-2026-006,mobile,offline,,synced,2026-09-09 06:56:50,,2,7,SALE-1788937009410-1560
1991,2,1,1,62,263,13,5,1151,,,1,260909-2026-007,2026-09-09 00:00:00,07:02:35,4795,0,0,0,0,4795,4795,0,posted,فاتورة كاش اوفلاين - تم المزامنة,5,,2026-09-09 07:02:35,2026-09-17 07:36:27,,,2026-09-09 07:02:35,SALE-1788937354668-5308,260909-2026-007,mobile,offline,,synced,2026-09-09 07:02:35,,2,7,SALE-1788937354668-5308
1992,2,1,1,62,263,13,5,1128,,,1,260909-2026-008,2026-09-09 00:00:00,07:03:51,4795,0,0,0,0,4795,4795,0,posted,فاتورة كاش اوفلاين - تم المزامنة,5,,2026-09-09 07:03:51,2026-09-17 07:36:28,,,2026-09-09 07:03:51,SALE-1788937430906-27,260909-2026-008,mobile,offline,,synced,2026-09-09 07:03:51,,2,7,SALE-1788937430906-27
1993,2,1,1,62,263,13,5,1156,,,1,260909-2026-009,2026-09-09 00:00:00,07:06:19,959,0,0,0,0,959,959,0,posted,فاتورة كاش اوفلاين - تم المزامنة,5,,2026-09-09 07:06:19,2026-09-17 07:36:29,,,2026-09-09 07:06:19,SALE-1788937566735-4726,260909-2026-009,mobile,offline,,synced,2026-09-09 07:06:19,,2,7,SALE-1788937566735-4726
1994,2,1,1,62,263,13,5,1150,,,1,260909-2026-010,2026-09-09 00:00:00,07:07:31,9590,0,0,0,0,9590,9590,0,posted,فاتورة كاش اوفلاين - تم المزامنة,5,,2026-09-09 07:07:31,2026-09-17 07:36:29,,,2026-09-09 07:07:31,SALE-1788937650677-7612,260909-2026-010,mobile,offline,,synced,2026-09-09 07:07:31,,2,7,SALE-1788937650677-7612
1995,2,1,1,62,263,13,5,1146,,,1,260909-2026-011,2026-09-09 00:00:00,07:08:45,23975,0,0,0,0,23975,23975,0,posted,فاتورة كاش اوفلاين - تم المزامنة,5,,2026-09-09 07:08:45,2026-09-17 07:36:30,,,2026-09-09 07:08:45,SALE-1788937724676-7119,260909-2026-011,mobile,offline,,synced,2026-09-09 07:08:45,,2,7,SALE-1788937724676-7119
1996,2,1,1,62,263,13,5,1144,,,1,260909-2026-012,2026-09-09 00:00:00,07:09:35,23975,0,0,0,0,23975,23975,0,posted,فاتورة كاش اوفلاين - تم المزامنة,5,,2026-09-09 07:09:35,2026-09-17 07:36:30,,,2026-09-09 07:09:35,SALE-1788937774914-3203,260909-2026-012,mobile,offline,,synced,2026-09-09 07:09:35,,2,7,SALE-1788937774914-3203
1997,2,1,1,62,263,13,5,1121,,,1,260909-2026-013,2026-09-09 00:00:00,07:17:49,23975,0,0,0,0,23975,23975,0,posted,فاتورة كاش اوفلاين - تم المزامنة,5,,2026-09-09 07:17:49,2026-09-17 07:36:31,,,2026-09-09 07:17:49,SALE-1788938268452-3850,260909-2026-013,mobile,offline,,synced,2026-09-09 07:17:49,,2,7,SALE-1788938268452-3850
1998,2,1,1,63,264,17,4,772,,,1,260909-2025-003,2026-09-09 00:00:00,07:18:25,9110.5,0,0,0,0,9110.5,9110.5,0,posted,فاتورة كاش اوفلاين - تم المزامنة,4,,2026-09-09 07:18:25,2026-09-17 07:07:17,,,2026-09-09 07:18:26,SALE-1788937172169-5780,260909-2025-003,mobile,offline,,synced,2026-09-09 07:18:25,,3,7,SALE-1788937172169-5780
1999,2,1,1,63,264,17,4,731,,,1,260909-2025-004,2026-09-09 00:00:00,07:18:26,9590,0,0,0,0,9590,9590,0,posted,فاتورة كاش اوفلاين - تم المزامنة,4,,2026-09-09 07:18:26,2026-09-17 07:07:18,,,2026-09-09 07:18:26,SALE-1788937208632-8786,260909-2025-004,mobile,offline,,synced,2026-09-09 07:18:26,,3,7,SALE-1788937208632-8786
2000,2,1,1,63,264,17,4,743,,,1,260909-2025-005,2026-09-09 00:00:00,07:18:27,4795,0,0,0,0,4795,4795,0,posted,فاتورة كاش اوفلاين - تم المزامنة,4,,2026-09-09 07:18:27,2026-09-17 07:07:18,,,2026-09-09 07:18:27,SALE-1788938169096-610,260909-2025-005,mobile,offline,,synced,2026-09-09 07:18:27,,3,7,SALE-1788938169096-610
2001,2,1,1,63,264,17,4,776,,,1,260909-2025-006,2026-09-09 00:00:00,07:18:33,23975,0,0,0,0,23975,23975,0,posted,فاتورة كاش اوفلاين - تم المزامنة,4,,2026-09-09 07:18:33,2026-09-17 07:07:19,,,2026-09-09 07:18:33,SALE-1788938311984-7408,260909-2025-006,mobile,offline,,synced,2026-09-09 07:18:33,,3,7,SALE-1788938311984-7408
2002,2,1,1,62,263,13,5,1119,,,1,260909-2026-014,2026-09-09 00:00:00,07:18:50,4795,0,0,0,0,4795,4795,0,posted,فاتورة كاش اوفلاين - تم المزامنة,5,,2026-09-09 07:18:50,2026-09-17 07:36:32,,,2026-09-09 07:18:50,SALE-1788938329367-6382,260909-2026-014,mobile,offline,,synced,2026-09-09 07:18:50,,2,7,SALE-1788938329367-6382
2003,2,1,1,62,263,13,5,1149,,,1,260909-2026-015,2026-09-09 00:00:00,07:20:08,6233.5,0,0,0,0,6233.5,6233.5,0,posted,فاتورة كاش اوفلاين - تم المزامنة,5,,2026-09-09 07:20:08,2026-09-17 07:36:32,,,2026-09-09 07:20:08,SALE-1788938408204-831,260909-2026-015,mobile,offline,,synced,2026-09-09 07:20:08,,2,7,SALE-1788938408204-831
2004,2,1,1,62,263,13,5,1138,,,1,260909-2026-016,2026-09-09 00:00:00,07:22:14,1438.5,0,0,0,0,1438.5,1438.5,0,posted,فاتورة كاش اوفلاين - تم المزامنة,5,,2026-09-09 07:22:14,2026-09-17 07:36:33,,,2026-09-09 07:22:14,SALE-1788938533379-3710,260909-2026-016,mobile,offline,,synced,2026-09-09 07:22:14,,2,7,SALE-1788938533379-3710
2005,2,1,1,63,264,17,4,768,,,1,260909-2025-007,2026-09-09 00:00:00,07:24:14,9590,0,0,0,0,9590,9590,0,posted,فاتورة كاش اوفلاين - تم المزامنة,4,,2026-09-09 07:24:14,2026-09-17 07:07:19,,,2026-09-09 07:24:14,SALE-1788938653793-9773,260909-2025-007,mobile,offline,,synced,2026-09-09 07:24:14,,3,7,SALE-1788938653793-9773
2006,2,1,1,63,264,17,4,766,,,1,260909-2025-008,2026-09-09 00:00:00,07:25:26,7192.5,0,0,0,0,7192.5,7192.5,0,posted,فاتورة كاش اوفلاين - تم المزامنة,4,,2026-09-09 07:25:26,2026-09-17 07:07:20,,,2026-09-09 07:25:26,SALE-1788938726115-1973,260909-2025-008,mobile,offline,,synced,2026-09-09 07:25:26,,3,7,SALE-1788938726115-1973
2007,2,1,1,63,264,17,4,730,,,1,260909-2025-009,2026-09-09 00:00:00,07:26:11,4795,0,0,0,0,4795,4795,0,posted,فاتورة كاش اوفلاين - تم المزامنة,4,,2026-09-09 07:26:11,2026-09-17 07:07:20,,,2026-09-09 07:26:11,SALE-1788938771207-6441,260909-2025-009,mobile,offline,,synced,2026-09-09 07:26:11,,3,7,SALE-1788938771207-6441
2008,2,1,1,63,264,17,4,773,,,1,260909-2025-010,2026-09-09 00:00:00,07:27:21,9590,0,0,0,0,9590,9590,0,posted,فاتورة كاش اوفلاين - تم المزامنة,4,,2026-09-09 07:27:21,2026-09-17 07:07:21,,,2026-09-09 07:27:21,SALE-1788938840333-8838,260909-2025-010,mobile,offline,,synced,2026-09-09 07:27:21,,3,7,SALE-1788938840333-8838
2009,2,1,1,62,263,13,5,1129,,,1,260909-2026-017,2026-09-09 00:00:00,07:28:59,31167.5,0,0,0,0,31167.5,31167.5,0,posted,فاتورة كاش اوفلاين - تم المزامنة,5,,2026-09-09 07:28:59,2026-09-17 07:36:33,,,2026-09-09 07:28:59,SALE-1788938939065-1892,260909-2026-017,mobile,offline,,synced,2026-09-09 07:28:59,,2,7,SALE-1788938939065-1892
2010,2,1,1,63,264,17,4,725,,,1,260909-2025-011,2026-09-09 00:00:00,07:29:45,7192.5,0,0,0,0,7192.5,7192.5,0,posted,فاتورة كاش اوفلاين - تم المزامنة,4,,2026-09-09 07:29:45,2026-09-17 07:07:22,,,2026-09-09 07:29:45,SALE-1788938985292-9277,260909-2025-011,mobile,offline,,synced,2026-09-09 07:29:45,,3,7,SALE-1788938985292-9277
2011,2,1,1,63,264,17,4,714,,,1,260909-2025-012,2026-09-09 00:00:00,07:31:08,9590,0,0,0,0,9590,9590,0,posted,فاتورة كاش اوفلاين - تم المزامنة,4,,2026-09-09 07:31:08,2026-09-17 07:07:22,,,2026-09-09 07:31:08,SALE-1788939067828-1725,260909-2025-012,mobile,offline,,synced,2026-09-09 07:31:08,,3,7,SALE-1788939067828-1725
2012,2,1,1,62,263,13,5,1117,,,1,260909-2026-018,2026-09-09 00:00:00,07:32:25,14385,0,0,0,0,14385,14385,0,posted,فاتورة كاش اوفلاين - تم المزامنة,5,,2026-09-09 07:32:25,2026-09-17 07:36:34,,,2026-09-09 07:32:25,SALE-1788939144431-3575,260909-2026-018,mobile,offline,,synced,2026-09-09 07:32:25,,2,7,SALE-1788939144431-3575
2013,2,1,1,63,264,17,4,727,,,1,260909-2025-013,2026-09-09 00:00:00,07:38:01,47950,0,0,0,0,47950,47950,0,posted,فاتورة كاش اوفلاين - تم المزامنة,4,,2026-09-09 07:38:01,2026-09-17 07:07:23,,,2026-09-09 07:38:01,SALE-1788939480740-7933,260909-2025-013,mobile,offline,,synced,2026-09-09 07:38:01,,3,7,SALE-1788939480740-7933
2014,2,1,1,62,263,13,5,1111,,,1,260909-2026-019,2026-09-09 00:00:00,07:46:59,23975,0,0,0,0,23975,23975,0,posted,فاتورة كاش اوفلاين - تم المزامنة,5,,2026-09-09 07:46:59,2026-09-17 07:36:34,,,2026-09-09 07:46:59,SALE-1788940018304-8472,260909-2026-019,mobile,offline,,synced,2026-09-09 07:46:59,,2,7,SALE-1788940018304-8472
2015,2,1,1,63,264,17,4,729,,,1,260909-2025-014,2026-09-09 00:00:00,07:47:37,4795,0,0,0,0,4795,4795,0,posted,فاتورة كاش اوفلاين - تم المزامنة,4,,2026-09-09 07:47:37,2026-09-17 07:07:23,,,2026-09-09 07:47:37,SALE-1788940057139-2890,260909-2025-014,mobile,offline,,synced,2026-09-09 07:47:37,,3,7,SALE-1788940057139-2890
2016,2,1,1,62,263,13,5,1148,,,1,260909-2026-020,2026-09-09 00:00:00,07:48:32,19180,0,0,0,0,19180,19180,0,posted,فاتورة كاش اوفلاين - تم المزامنة,5,,2026-09-09 07:48:32,2026-09-17 07:36:35,,,2026-09-09 07:48:32,SALE-1788940112174-5765,260909-2026-020,mobile,offline,,synced,2026-09-09 07:48:32,,2,7,SALE-1788940112174-5765
2017,2,1,1,63,264,17,4,764,,,1,260909-2025-016,2026-09-09 00:00:00,08:01:11,55142.5,0,0,0,0,55142.5,55142.5,0,posted,فاتورة كاش اوفلاين - تم المزامنة,4,,2026-09-09 08:01:11,2026-09-17 07:07:24,,,2026-09-09 08:01:11,SALE-1788940870593-6037,260909-2025-016,mobile,offline,,synced,2026-09-09 08:01:11,,3,7,SALE-1788940870593-6037
2018,2,1,1,62,263,13,5,1135,,,1,260909-2026-021,2026-09-09 00:00:00,08:01:53,11987.5,0,0,0,0,11987.5,11987.5,0,posted,فاتورة كاش اوفلاين - تم المزامنة,5,,2026-09-09 08:01:53,2026-09-17 07:36:35,,,2026-09-09 08:01:53,SALE-1788940912971-3323,260909-2026-021,mobile,offline,,synced,2026-09-09 08:01:53,,2,7,SALE-1788940912971-3323
2019,2,1,1,62,263,13,5,1155,,,1,260909-2026-022,2026-09-09 00:00:00,08:14:56,119875,0,0,0,0,119875,119875,0,posted,فاتورة كاش اوفلاين - تم المزامنة,5,,2026-09-09 08:14:56,2026-09-17 07:36:36,,,2026-09-09 08:14:56,SALE-1788941695270-1416,260909-2026-022,mobile,offline,,synced,2026-09-09 08:14:56,,2,7,SALE-1788941695270-1416
2020,2,1,1,63,264,17,4,698,,,1,260909-2025-017,2026-09-09 00:00:00,08:30:29,15823.5,0,0,0,0,15823.5,15823.5,0,posted,فاتورة كاش اوفلاين - تم المزامنة,4,,2026-09-09 08:30:29,2026-09-17 07:07:28,,,2026-09-09 08:30:29,SALE-1788942628292-905,260909-2025-017,mobile,offline,,synced,2026-09-09 08:30:29,,3,,SALE-1788942628292-905
2021,2,1,1,63,264,17,4,724,,,1,260909-2025-018,2026-09-09 00:00:00,08:31:31,23975,0,0,0,0,23975,23975,0,posted,فاتورة كاش اوفلاين - تم المزامنة,4,,2026-09-09 08:31:31,2026-09-17 07:07:24,,,2026-09-09 08:31:31,SALE-1788942690660-8039,260909-2025-018,mobile,offline,,synced,2026-09-09 08:31:31,,3,7,SALE-1788942690660-8039
2022,2,1,1,63,264,17,4,763,,,1,260909-2025-019,2026-09-09 00:00:00,08:32:06,23975,0,0,0,0,23975,23975,0,posted,فاتورة كاش اوفلاين - تم المزامنة,4,,2026-09-09 08:32:06,2026-09-17 07:07:26,,,2026-09-09 08:32:06,SALE-1788942725382-7329,260909-2025-019,mobile,offline,,synced,2026-09-09 08:32:06,,3,,SALE-1788942725382-7329
2023,2,1,1,63,264,17,4,752,,,1,260909-2025-020,2026-09-09 00:00:00,08:32:33,9590,0,0,0,0,9590,9590,0,posted,فاتورة كاش اوفلاين - تم المزامنة,4,,2026-09-09 08:32:33,2026-09-17 07:07:25,,,2026-09-09 08:32:33,SALE-1788942753069-6275,260909-2025-020,mobile,offline,,synced,2026-09-09 08:32:33,,3,7,SALE-1788942753069-6275
2024,2,1,1,62,263,13,5,1152,,,1,260909-2026-023,2026-09-09 00:00:00,08:35:16,23975,0,0,0,0,23975,23975,0,posted,فاتورة كاش اوفلاين - تم المزامنة,5,,2026-09-09 08:35:16,2026-09-17 07:36:37,,,2026-09-09 08:35:16,SALE-1788942915905-3564,260909-2026-023,mobile,offline,,synced,2026-09-09 08:35:16,,2,7,SALE-1788942915905-3564
2025,2,1,1,63,264,17,4,741,,,1,260909-2025-021,2026-09-09 00:00:00,08:36:13,191800,0,0,0,0,191800,191800,0,posted,فاتورة كاش اوفلاين - تم المزامنة,4,,2026-09-09 08:36:13,2026-09-17 07:07:25,,,2026-09-09 08:36:13,SALE-1788942972590-5708,260909-2025-021,mobile,offline,,synced,2026-09-09 08:36:13,,3,7,SALE-1788942972590-5708
2026,2,1,1,63,264,18,4,963,,,1,260909-2025-022,2026-09-09 00:00:00,08:37:20,23975,0,0,0,0,23975,23975,0,posted,فاتورة كاش اوفلاين - تم المزامنة,4,,2026-09-09 08:37:20,2026-09-17 07:07:26,,,2026-09-09 08:37:20,SALE-1788943040062-4406,260909-2025-022,mobile,offline,,synced,2026-09-09 08:37:20,,3,7,SALE-1788943040062-4406
2027,2,1,1,63,264,17,4,760,,,1,260909-2025-023,2026-09-09 00:00:00,08:38:48,143850,0,0,0,0,143850,143850,0,posted,فاتورة كاش اوفلاين - تم المزامنة,4,,2026-09-09 08:38:48,2026-09-17 07:07:27,,,2026-09-09 08:38:48,SALE-1788943128187-6787,260909-2025-023,mobile,offline,,synced,2026-09-09 08:38:48,,3,7,SALE-1788943128187-6787
2028,2,1,1,63,264,17,4,723,,,1,260909-2025-024,2026-09-09 00:00:00,08:41:44,15823.5,0,0,0,0,15823.5,15823.5,0,posted,فاتورة كاش اوفلاين - تم المزامنة,4,,2026-09-09 08:41:44,2026-09-17 07:07:28,,,2026-09-09 08:41:44,SALE-1788943303494-9648,260909-2025-024,mobile,offline,,synced,2026-09-09 08:41:44,,3,7,SALE-1788943303494-9648
2029,2,1,1,63,264,17,4,711,,,1,260909-2025-026,2026-09-09 00:00:00,08:43:58,16303,0,0,0,0,16303,16303,0,posted,فاتورة كاش اوفلاين - تم المزامنة,4,,2026-09-09 08:43:58,2026-09-17 07:07:29,,,2026-09-09 08:43:58,SALE-1788943437974-4180,260909-2025-026,mobile,offline,,synced,2026-09-09 08:43:58,,3,7,SALE-1788943437974-4180
2030,2,1,1,62,263,13,5,1134,,,1,260909-2026-024,2026-09-09 00:00:00,08:44:56,23975,0,0,0,0,23975,23975,0,posted,فاتورة كاش اوفلاين - تم المزامنة,5,,2026-09-09 08:44:56,2026-09-17 07:36:37,,,2026-09-09 08:44:56,SALE-1788943496004-9770,260909-2026-024,mobile,offline,,synced,2026-09-09 08:44:56,,2,7,SALE-1788943496004-9770
2031,2,1,1,63,264,17,4,761,,,1,260909-2025-027,2026-09-09 00:00:00,08:45:27,3836,0,0,0,0,3836,3836,0,posted,فاتورة كاش اوفلاين - تم المزامنة,4,,2026-09-09 08:45:27,2026-09-17 07:07:29,,,2026-09-09 08:45:27,SALE-1788943526992-859,260909-2025-027,mobile,offline,,synced,2026-09-09 08:45:27,,3,7,SALE-1788943526992-859
2032,2,1,1,63,264,17,4,749,,,1,260909-2025-028,2026-09-09 00:00:00,08:45:59,3356.5,0,0,0,0,3356.5,3356.5,0,posted,فاتورة كاش اوفلاين - تم المزامنة,4,,2026-09-09 08:45:59,2026-09-17 07:07:30,,,2026-09-09 08:45:59,SALE-1788943558317-7096,260909-2025-028,mobile,offline,,synced,2026-09-09 08:45:59,,3,7,SALE-1788943558317-7096
2033,2,1,1,62,263,13,5,1106,,,1,260909-2026-025,2026-09-09 00:00:00,08:46:36,47950,0,0,0,0,47950,47950,0,posted,فاتورة كاش اوفلاين - تم المزامنة,5,,2026-09-09 08:46:36,2026-09-17 07:36:38,,,2026-09-09 08:46:36,SALE-1788943594332-1850,260909-2026-025,mobile,offline,,synced,2026-09-09 08:46:36,,2,7,SALE-1788943594332-1850
2034,2,1,1,63,264,17,4,718,,,1,260909-2025-029,2026-09-09 00:00:00,08:48:58,23975,0,0,0,0,23975,23975,0,posted,فاتورة كاش اوفلاين - تم المزامنة,4,,2026-09-09 08:48:58,2026-09-17 07:07:30,,,2026-09-09 08:48:58,SALE-1788943737894-8252,260909-2025-029,mobile,offline,,synced,2026-09-09 08:48:58,,3,7,SALE-1788943737894-8252
2035,2,1,1,62,263,13,5,1160,,,1,260909-2026-026,2026-09-09 00:00:00,08:51:43,9590,0,0,0,0,9590,9590,0,posted,فاتورة كاش اوفلاين - تم المزامنة,5,,2026-09-09 08:51:43,2026-09-17 07:36:38,,,2026-09-09 08:51:43,SALE-1788943903058-134,260909-2026-026,mobile,offline,,synced,2026-09-09 08:51:43,,2,7,SALE-1788943903058-134
2036,2,1,1,62,263,13,5,1127,,,1,260909-2026-027,2026-09-09 00:00:00,08:54:20,15823.5,0,0,0,0,15823.5,15823.5,0,posted,فاتورة كاش اوفلاين - تم المزامنة,5,,2026-09-09 08:54:20,2026-09-17 07:36:41,,,2026-09-09 08:54:20,SALE-1788944059563-3815,260909-2026-027,mobile,offline,,synced,2026-09-09 08:54:20,,2,,SALE-1788944059563-3815
2037,2,1,1,62,263,13,5,1110,,,1,260909-2026-028,2026-09-09 00:00:00,08:55:49,4795,0,0,0,0,4795,4795,0,posted,فاتورة كاش اوفلاين - تم المزامنة,5,,2026-09-09 08:55:49,2026-09-17 07:36:39,,,2026-09-09 08:55:49,SALE-1788944148740-8826,260909-2026-028,mobile,offline,,synced,2026-09-09 08:55:49,,2,7,SALE-1788944148740-8826
2038,2,1,1,63,264,17,4,742,,,1,260909-2025-030,2026-09-09 00:00:00,08:56:14,23975,0,0,0,0,23975,23975,0,posted,فاتورة كاش اوفلاين - تم المزامنة,4,,2026-09-09 08:56:14,2026-09-17 07:07:31,,,2026-09-09 08:56:14,SALE-1788944173837-5109,260909-2025-030,mobile,offline,,synced,2026-09-09 08:56:14,,3,7,SALE-1788944173837-5109
2039,2,1,1,62,263,13,5,1115,,,1,260909-2026-029,2026-09-09 00:00:00,08:57:13,1438.5,0,0,0,0,1438.5,1438.5,0,posted,فاتورة كاش اوفلاين - تم المزامنة,5,,2026-09-09 08:57:13,2026-09-17 07:36:40,,,2026-09-09 08:57:13,SALE-1788944232437-941,260909-2026-029,mobile,offline,,synced,2026-09-09 08:57:13,,2,7,SALE-1788944232437-941
2040,2,1,1,63,264,17,4,770,,,1,260909-2025-031,2026-09-09 00:00:00,08:57:31,22057,0,0,0,0,22057,22057,0,posted,فاتورة كاش اوفلاين - تم المزامنة,4,,2026-09-09 08:57:31,2026-09-17 07:07:31,,,2026-09-09 08:57:31,SALE-1788944251103-6173,260909-2025-031,mobile,offline,,synced,2026-09-09 08:57:31,,3,7,SALE-1788944251103-6173
2041,2,1,1,62,263,13,5,1126,,,1,260909-2026-030,2026-09-09 00:00:00,08:58:39,9590,0,0,0,0,9590,9590,0,posted,فاتورة كاش اوفلاين - تم المزامنة,5,,2026-09-09 08:58:39,2026-09-17 07:36:40,,,2026-09-09 08:58:39,SALE-1788944318343-4660,260909-2026-030,mobile,offline,,synced,2026-09-09 08:58:39,,2,7,SALE-1788944318343-4660
2042,2,1,1,63,264,17,4,740,,,1,260909-2025-032,2026-09-09 00:00:00,08:59:05,52745,0,0,0,0,52745,52745,0,posted,فاتورة كاش اوفلاين - تم المزامنة,4,,2026-09-09 08:59:05,2026-09-17 07:07:32,,,2026-09-09 08:59:05,SALE-1788944345225-4244,260909-2025-032,mobile,offline,,synced,2026-09-09 08:59:05,,3,7,SALE-1788944345225-4244
2043,2,1,1,62,263,13,5,1153,,,1,260909-2026-031,2026-09-09 00:00:00,09:06:16,4795,0,0,0,0,4795,4795,0,posted,فاتورة كاش اوفلاين - تم المزامنة,5,,2026-09-09 09:06:16,2026-09-17 07:36:41,,,2026-09-09 09:06:16,SALE-1788944775462-7634,260909-2026-031,mobile,offline,,synced,2026-09-09 09:06:16,,2,7,SALE-1788944775462-7634
2044,2,1,1,63,264,17,4,774,,,1,260909-2025-033,2026-09-09 00:00:00,09:06:32,9590,0,0,0,0,9590,9590,0,posted,فاتورة كاش اوفلاين - تم المزامنة,4,,2026-09-09 09:06:32,2026-09-17 07:07:32,,,2026-09-09 09:06:32,SALE-1788944791921-8703,260909-2025-033,mobile,offline,,synced,2026-09-09 09:06:32,,3,7,SALE-1788944791921-8703
2045,2,1,1,62,263,13,5,1166,,,1,260909-2026-032,2026-09-09 00:00:00,09:09:38,7192.5,0,0,0,0,7192.5,7192.5,0,posted,فاتورة كاش اوفلاين - تم المزامنة,5,,2026-09-09 09:09:38,2026-09-17 07:36:42,,,2026-09-09 09:09:38,SALE-1788944977888-9857,260909-2026-032,mobile,offline,,synced,2026-09-09 09:09:38,,2,7,SALE-1788944977888-9857
2046,2,1,1,63,264,17,4,734,,,1,260909-2025-034,2026-09-09 00:00:00,09:10:11,47950,0,0,0,0,47950,47950,0,posted,فاتورة كاش اوفلاين - تم المزامنة,4,,2026-09-09 09:10:11,2026-09-17 07:07:33,,,2026-09-09 09:10:11,SALE-1788945010400-6441,260909-2025-034,mobile,offline,,synced,2026-09-09 09:10:11,,3,7,SALE-1788945010400-6441
2047,2,1,1,63,264,17,4,769,,,1,260909-2025-035,2026-09-09 00:00:00,09:11:22,23975,0,0,0,0,23975,23975,0,posted,فاتورة كاش اوفلاين - تم المزامنة,4,,2026-09-09 09:11:22,2026-09-17 07:07:33,,,2026-09-09 09:11:22,SALE-1788945081458-7469,260909-2025-035,mobile,offline,,synced,2026-09-09 09:11:22,,3,7,SALE-1788945081458-7469
2048,2,1,1,63,264,17,4,700,,,1,260909-2025-036,2026-09-09 00:00:00,09:12:25,31167.5,0,0,0,0,31167.5,31167.5,0,posted,فاتورة كاش اوفلاين - تم المزامنة,4,,2026-09-09 09:12:25,2026-09-17 07:07:34,,,2026-09-09 09:12:25,SALE-1788945145076-6714,260909-2025-036,mobile,offline,,synced,2026-09-09 09:12:25,,3,7,SALE-1788945145076-6714
2049,2,1,1,63,264,17,4,699,,,1,260909-2025-037,2026-09-09 00:00:00,09:12:58,23975,0,0,0,0,23975,23975,0,posted,فاتورة كاش اوفلاين - تم المزامنة,4,,2026-09-09 09:12:58,2026-09-17 07:07:35,,,2026-09-09 09:12:58,SALE-1788945178021-4147,260909-2025-037,mobile,offline,,synced,2026-09-09 09:12:58,,3,7,SALE-1788945178021-4147
2050,2,1,1,63,264,17,4,744,,,1,260909-2025-038,2026-09-09 00:00:00,09:13:29,6233.5,0,0,0,0,6233.5,6233.5,0,posted,فاتورة كاش اوفلاين - تم المزامنة,4,,2026-09-09 09:13:29,2026-09-17 07:07:35,,,2026-09-09 09:13:29,SALE-1788945208381-2930,260909-2025-038,mobile,offline,,synced,2026-09-09 09:13:29,,3,7,SALE-1788945208381-2930
2051,2,1,1,63,264,17,4,748,,,1,260909-2025-039,2026-09-09 00:00:00,09:15:12,11987.5,0,0,0,0,11987.5,11987.5,0,posted,فاتورة كاش اوفلاين - تم المزامنة,4,,2026-09-09 09:15:12,2026-09-17 07:07:36,,,2026-09-09 09:15:12,SALE-1788945311320-5063,260909-2025-039,mobile,offline,,synced,2026-09-09 09:15:12,,3,7,SALE-1788945311320-5063
2052,2,1,1,63,264,17,4,719,,,1,260909-2025-040,2026-09-09 00:00:00,09:17:59,23975,0,0,0,0,23975,23975,0,posted,فاتورة كاش اوفلاين - تم المزامنة,4,,2026-09-09 09:17:59,2026-09-17 07:07:36,,,2026-09-09 09:18:00,SALE-1788945479307-5970,260909-2025-040,mobile,offline,,synced,2026-09-09 09:17:59,,3,7,SALE-1788945479307-5970
2053,2,1,1,62,263,13,5,1114,,,1,260909-2026-033,2026-09-09 00:00:00,09:18:15,21098,0,0,0,0,21098,21098,0,posted,فاتورة كاش اوفلاين - تم المزامنة,5,,2026-09-09 09:18:15,2026-09-17 07:36:43,,,2026-09-09 09:18:15,SALE-1788945495214-823,260909-2026-033,mobile,offline,,synced,2026-09-09 09:18:15,,2,7,SALE-1788945495214-823
2054,2,1,1,63,264,17,4,767,,,1,260909-2025-041,2026-09-09 00:00:00,09:29:23,19180,0,0,0,0,19180,19180,0,posted,فاتورة كاش اوفلاين - تم المزامنة,4,,2026-09-09 09:29:23,2026-09-17 07:07:37,,,2026-09-09 09:29:23,SALE-1788946162709-7174,260909-2025-041,mobile,offline,,synced,2026-09-09 09:29:23,,3,7,SALE-1788946162709-7174
2055,2,1,1,62,263,13,5,1167,,,1,260909-2026-034,2026-09-09 00:00:00,09:30:07,33565,0,0,0,0,33565,33565,0,posted,فاتورة كاش اوفلاين - تم المزامنة,5,,2026-09-09 09:30:07,2026-09-17 07:36:43,,,2026-09-09 09:30:07,SALE-1788946206373-6658,260909-2026-034,mobile,offline,,synced,2026-09-09 09:30:07,,2,7,SALE-1788946206373-6658
2056,2,1,1,62,263,13,5,1168,,,1,260909-2026-035,2026-09-09 00:00:00,09:35:35,47950,0,0,0,0,47950,47950,0,posted,فاتورة كاش اوفلاين - تم المزامنة,5,,2026-09-09 09:35:35,2026-09-17 07:36:44,,,2026-09-09 09:35:35,SALE-1788946534492-4286,260909-2026-035,mobile,offline,,synced,2026-09-09 09:35:35,,2,7,SALE-1788946534492-4286
2057,2,1,1,63,264,17,4,717,,,1,260909-2025-042,2026-09-09 00:00:00,09:35:47,119875,0,0,0,0,119875,119875,0,posted,فاتورة كاش اوفلاين - تم المزامنة,4,,2026-09-09 09:35:47,2026-09-17 07:07:37,,,2026-09-09 09:35:47,SALE-1788946546312-3380,260909-2025-042,mobile,offline,,synced,2026-09-09 09:35:47,,3,7,SALE-1788946546312-3380
2058,2,1,1,63,264,17,4,722,,,1,260909-2025-043,2026-09-09 00:00:00,09:36:53,23975,0,0,0,0,23975,23975,0,posted,فاتورة كاش اوفلاين - تم المزامنة,4,,2026-09-09 09:36:53,2026-09-17 07:07:38,,,2026-09-09 09:36:53,SALE-1788946612458-9543,260909-2025-043,mobile,offline,,synced,2026-09-09 09:36:53,,3,7,SALE-1788946612458-9543
2059,2,1,1,63,264,17,4,756,,,1,260909-2025-044,2026-09-09 00:00:00,09:38:42,9590,0,0,0,0,9590,9590,0,posted,فاتورة كاش اوفلاين - تم المزامنة,4,,2026-09-09 09:38:42,2026-09-17 07:07:38,,,2026-09-09 09:38:42,SALE-1788946722038-8194,260909-2025-044,mobile,offline,,synced,2026-09-09 09:38:42,,3,7,SALE-1788946722038-8194
2060,2,1,1,63,264,17,4,777,,,1,260909-2025-045,2026-09-09 00:00:00,09:39:06,4795,0,0,0,0,4795,4795,0,posted,فاتورة كاش اوفلاين - تم المزامنة,4,,2026-09-09 09:39:06,2026-09-17 07:07:39,,,2026-09-09 09:39:06,SALE-1788946746079-8825,260909-2025-045,mobile,offline,,synced,2026-09-09 09:39:06,,3,7,SALE-1788946746079-8825
2061,2,1,1,63,264,17,4,720,,,1,260909-2025-046,2026-09-09 00:00:00,09:43:54,119875,0,0,0,0,119875,119875,0,posted,فاتورة كاش اوفلاين - تم المزامنة,4,,2026-09-09 09:43:54,2026-09-17 07:07:39,,,2026-09-09 09:43:54,SALE-1788947033749-9552,260909-2025-046,mobile,offline,,synced,2026-09-09 09:43:54,,3,7,SALE-1788947033749-9552
2062,2,1,1,62,263,13,5,1159,,,1,260909-2026-036,2026-09-09 00:00:00,09:47:23,9590,0,0,0,0,9590,9590,0,posted,فاتورة كاش اوفلاين - تم المزامنة,5,,2026-09-09 09:47:23,2026-09-17 07:36:44,,,2026-09-09 09:47:23,SALE-1788947243236-2716,260909-2026-036,mobile,offline,,synced,2026-09-09 09:47:23,,2,7,SALE-1788947243236-2716
2063,2,1,1,63,264,17,4,757,,,1,260909-2025-047,2026-09-09 00:00:00,09:52:20,15823.5,0,0,0,0,15823.5,15823.5,0,posted,فاتورة كاش اوفلاين - تم المزامنة,4,,2026-09-09 09:52:20,2026-09-17 07:07:40,,,2026-09-09 09:52:20,SALE-1788947539411-2794,260909-2025-047,mobile,offline,,synced,2026-09-09 09:52:20,,3,7,SALE-1788947539411-2794
2064,2,1,1,62,263,13,5,1139,,,1,260909-2026-037,2026-09-09 00:00:00,09:53:27,35962.5,0,0,0,0,35962.5,35962.5,0,posted,فاتورة كاش اوفلاين - تم المزامنة,5,,2026-09-09 09:53:27,2026-09-17 07:36:45,,,2026-09-09 09:53:27,SALE-1788947606405-4513,260909-2026-037,mobile,offline,,synced,2026-09-09 09:53:27,,2,7,SALE-1788947606405-4513
2065,2,1,1,62,263,13,5,1161,,,1,260909-2026-038,2026-09-09 00:00:00,09:58:59,57540,0,0,0,0,57540,57540,0,posted,فاتورة كاش اوفلاين - تم المزامنة,5,,2026-09-09 09:58:59,2026-09-17 07:36:45,,,2026-09-09 09:58:59,SALE-1788947938374-7632,260909-2026-038,mobile,offline,,synced,2026-09-09 09:58:59,,2,7,SALE-1788947938374-7632
2066,2,1,1,63,264,17,4,709,,,1,260909-2025-048,2026-09-09 00:00:00,09:59:32,14385,0,0,0,0,14385,14385,0,posted,فاتورة كاش اوفلاين - تم المزامنة,4,,2026-09-09 09:59:32,2026-09-17 07:07:40,,,2026-09-09 09:59:32,SALE-1788947971140-5639,260909-2025-048,mobile,offline,,synced,2026-09-09 09:59:32,,3,7,SALE-1788947971140-5639
2067,2,1,1,62,263,13,5,1163,,,1,260909-2026-039,2026-09-09 00:00:00,09:59:42,2397.5,0,0,0,0,2397.5,2397.5,0,posted,فاتورة كاش اوفلاين - تم المزامنة,5,,2026-09-09 09:59:42,2026-09-09 09:59:42,,,2026-09-09 09:59:42,SALE-1788947982088-4687,260909-2026-039,mobile,offline,,synced,2026-09-09 09:59:42,,2,7,SALE-1788947982088-4687
2068,2,1,1,62,263,13,5,1145,,,1,260909-2026-040,2026-09-09 00:00:00,10:11:15,4795,0,0,0,0,4795,4795,0,posted,فاتورة كاش اوفلاين - تم المزامنة,5,,2026-09-09 10:11:15,2026-09-17 07:36:46,,,2026-09-09 10:11:15,SALE-1788948675291-2731,260909-2026-040,mobile,offline,,synced,2026-09-09 10:11:15,,2,7,SALE-1788948675291-2731
2069,2,1,1,62,263,13,5,1112,,,1,260909-2026-041,2026-09-09 00:00:00,10:14:53,1438.5,0,0,0,0,1438.5,1438.5,0,posted,فاتورة كاش اوفلاين - تم المزامنة,5,,2026-09-09 10:14:53,2026-09-17 07:36:47,,,2026-09-09 10:14:53,SALE-1788948893146-2829,260909-2026-041,mobile,offline,,synced,2026-09-09 10:14:53,,2,7,SALE-1788948893146-2829
2070,2,1,1,62,263,15,5,792,,,1,260909-2026-042,2026-09-09 00:00:00,10:36:58,57540,0,0,0,0,57540,57540,0,posted,فاتورة كاش اوفلاين - تم المزامنة,5,,2026-09-09 10:36:58,2026-09-17 07:36:48,,,2026-09-09 10:36:58,SALE-1788950217866-2801,260909-2026-042,mobile,offline,,synced,2026-09-09 10:36:58,,2,7,SALE-1788950217866-2801
2071,2,1,1,,,,,697,,,1,SA-00022,2026-09-09 00:00:00,11:23:48,877005.5,0,0,0,0,1008556.325,0,1008556.325,approved,Ø£Ù…Ø± Ø¨ÙŠØ¹ Ù…Ù† Ø§ØºÙ„Ø§Ù‚ Ø§Ù„Ø¥Ø°Ù† RO-00023,2,2,2026-09-09 11:23:48,2026-09-15 18:24:23,2026-09-17 17:14:07,,,,,desktop,,,synced,,,,,
2072,2,1,1,,,,,697,,,1,SA-00023,2026-09-09 00:00:00,11:25:23,52265.5,0,0,0,0,60105.325,0,60105.325,approved,Ø£Ù…Ø± Ø¨ÙŠØ¹ Ù…Ù† Ø§ØºÙ„Ø§Ù‚ Ø§Ù„Ø¥Ø°Ù† RO-00024,2,2,2026-09-09 11:25:23,2026-09-15 18:24:23,2026-09-17 17:14:07,,,,,desktop,,,synced,,,,,
2073,2,1,1,64,265,15,6,785,,,1,260909-2027-001,2026-09-09 00:00:00,11:29:55,263725,0,0,0,0,263725,263725,0,posted,فاتورة كاش اوفلاين - تم المزامنة,6,,2026-09-09 11:29:55,2026-09-09 11:29:55,,,2026-09-09 11:29:55,SALE-1788953373748-9910,260909-2027-001,mobile,offline,,synced,2026-09-09 11:29:55,,2,7,SALE-1788953373748-9910
2074,2,1,1,64,265,15,6,779,,,1,260909-2027-003,2026-09-09 00:00:00,11:30:12,239750,0,0,0,0,239750,239750,0,posted,فاتورة كاش اوفلاين - تم المزامنة,6,,2026-09-09 11:30:12,2026-09-09 11:30:12,,,2026-09-09 11:30:12,SALE-1788953411805-9840,260909-2027-003,mobile,offline,,synced,2026-09-09 11:30:12,,2,7,SALE-1788953411805-9840
2075,2,1,1,64,265,15,6,790,,,1,260909-2027-004,2026-09-09 00:00:00,11:30:29,23975,0,0,0,0,23975,23975,0,posted,فاتورة كاش اوفلاين - تم المزامنة,6,,2026-09-09 11:30:29,2026-09-09 11:30:29,,,2026-09-09 11:30:29,SALE-1788953428950-7668,260909-2027-004,mobile,offline,,synced,2026-09-09 11:30:29,,2,7,SALE-1788953428950-7668
2076,2,1,1,,,,,697,,,1,SA-00024,2026-09-09 00:00:00,11:32:28,47950,0,0,0,0,55142.5,0,55142.5,approved,Ø£Ù…Ø± Ø¨ÙŠØ¹ Ù…Ù† Ø§ØºÙ„Ø§Ù‚ Ø§Ù„Ø¥Ø°Ù† RO-00025,2,2,2026-09-09 11:32:28,2026-09-15 18:24:23,2026-09-17 17:14:07,,,,,desktop,,,synced,,,,,
2077,2,1,1,65,266,8,4,1022,,,1,260910-2025-001,2026-09-10 00:00:00,06:58:37,4795,0,0,0,0,4795,4795,0,posted,فاتورة كاش اوفلاين - تم المزامنة,4,,2026-09-10 06:58:37,2026-09-17 07:07:41,,,2026-09-10 06:58:38,SALE-1789023356189-38,260910-2025-001,mobile,offline,,synced,2026-09-10 06:58:37,,1,7,SALE-1789023356189-38
2078,2,1,1,65,266,8,4,1000,,,1,260910-2025-002,2026-09-10 00:00:00,06:58:38,10069.5,0,0,0,0,10069.5,10069.5,0,posted,فاتورة كاش اوفلاين - تم المزامنة,4,,2026-09-10 06:58:38,2026-09-17 07:07:42,,,2026-09-10 06:58:38,SALE-1789023447569-9284,260910-2025-002,mobile,offline,,synced,2026-09-10 06:58:38,,1,7,SALE-1789023447569-9284
2079,2,1,1,65,266,8,4,1005,,,1,260910-2025-003,2026-09-10 00:00:00,06:58:50,35962.5,0,0,0,0,35962.5,35962.5,0,posted,فاتورة كاش اوفلاين - تم المزامنة,4,,2026-09-10 06:58:50,2026-09-17 07:07:42,,,2026-09-10 06:58:50,SALE-1789023529437-2617,260910-2025-003,mobile,offline,,synced,2026-09-10 06:58:50,,1,7,SALE-1789023529437-2617
2080,2,1,1,65,266,8,4,1016,,,1,260910-2025-004,2026-09-10 00:00:00,07:01:40,8151.5,0,0,0,0,8151.5,8151.5,0,posted,فاتورة كاش اوفلاين - تم المزامنة,4,,2026-09-10 07:01:40,2026-09-17 07:07:43,,,2026-09-10 07:01:40,SALE-1789023700264-5655,260910-2025-004,mobile,offline,,synced,2026-09-10 07:01:40,,1,7,SALE-1789023700264-5655
2081,2,1,1,65,266,8,4,1017,,,1,260910-2025-005,2026-09-10 00:00:00,07:07:08,206185,0,0,0,0,206185,206185,0,posted,فاتورة كاش اوفلاين - تم المزامنة,4,,2026-09-10 07:07:08,2026-09-17 07:07:43,,,2026-09-10 07:07:08,SALE-1789024027579-7560,260910-2025-005,mobile,offline,,synced,2026-09-10 07:07:08,,1,7,SALE-1789024027579-7560
2082,2,1,1,65,266,8,4,1002,,,1,260910-2025-006,2026-09-10 00:00:00,07:24:08,5274.5,0,0,0,0,5274.5,5274.5,0,posted,فاتورة كاش اوفلاين - تم المزامنة,4,,2026-09-10 07:24:08,2026-09-17 07:07:44,,,2026-09-10 07:24:08,SALE-1789025047482-2709,260910-2025-006,mobile,offline,,synced,2026-09-10 07:24:08,,1,7,SALE-1789025047482-2709
2083,2,1,1,65,266,8,4,1008,,,1,260910-2025-007,2026-09-10 00:00:00,07:25:46,23975,0,0,0,0,23975,23975,0,posted,فاتورة كاش اوفلاين - تم المزامنة,4,,2026-09-10 07:25:46,2026-09-17 07:07:44,,,2026-09-10 07:25:46,SALE-1789025146020-3814,260910-2025-007,mobile,offline,,synced,2026-09-10 07:25:46,,1,7,SALE-1789025146020-3814
2084,2,1,1,65,266,8,4,994,,,1,260910-2025-008,2026-09-10 00:00:00,07:27:11,23975,0,0,0,0,23975,23975,0,posted,فاتورة كاش اوفلاين - تم المزامنة,4,,2026-09-10 07:27:11,2026-09-17 07:07:45,,,2026-09-10 07:27:11,SALE-1789025230522-2699,260910-2025-008,mobile,offline,,synced,2026-09-10 07:27:11,,1,7,SALE-1789025230522-2699
2085,2,1,1,65,266,8,4,1021,,,1,260910-2025-009,2026-09-10 00:00:00,07:33:44,71925,0,0,0,0,71925,71925,0,posted,فاتورة كاش اوفلاين - تم المزامنة,4,,2026-09-10 07:33:44,2026-09-17 07:07:45,,,2026-09-10 07:33:44,SALE-1789025620737-1383,260910-2025-009,mobile,offline,,synced,2026-09-10 07:33:44,,1,7,SALE-1789025620737-1383
2086,2,1,1,65,266,8,4,1010,,,1,260910-2025-010,2026-09-10 00:00:00,07:34:16,10069.5,0,0,0,0,10069.5,10069.5,0,posted,فاتورة كاش اوفلاين - تم المزامنة,4,,2026-09-10 07:34:16,2026-09-17 07:07:46,,,2026-09-10 07:34:16,SALE-1789025655881-9357,260910-2025-010,mobile,offline,,synced,2026-09-10 07:34:16,,1,7,SALE-1789025655881-9357
2087,2,1,1,65,266,8,4,1012,,,1,260910-2025-011,2026-09-10 00:00:00,07:35:38,23975,0,0,0,0,23975,23975,0,posted,فاتورة كاش اوفلاين - تم المزامنة,4,,2026-09-10 07:35:38,2026-09-17 07:07:46,,,2026-09-10 07:35:38,SALE-1789025737524-6639,260910-2025-011,mobile,offline,,synced,2026-09-10 07:35:38,,1,7,SALE-1789025737524-6639
2088,2,1,1,65,266,8,4,996,,,1,260910-2025-012,2026-09-10 00:00:00,07:37:57,5274.5,0,0,0,0,5274.5,5274.5,0,posted,فاتورة كاش اوفلاين - تم المزامنة,4,,2026-09-10 07:37:57,2026-09-17 07:07:47,,,2026-09-10 07:37:57,SALE-1789025876583-4298,260910-2025-012,mobile,offline,,synced,2026-09-10 07:37:57,,1,7,SALE-1789025876583-4298
2089,2,1,1,65,266,8,4,998,,,1,260910-2025-013,2026-09-10 00:00:00,07:39:07,4795,0,0,0,0,4795,4795,0,posted,فاتورة كاش اوفلاين - تم المزامنة,4,,2026-09-10 07:39:07,2026-09-17 07:07:47,,,2026-09-10 07:39:07,SALE-1789025946970-7898,260910-2025-013,mobile,offline,,synced,2026-09-10 07:39:07,,1,7,SALE-1789025946970-7898
2090,2,1,1,65,266,8,4,1018,,,1,260910-2025-014,2026-09-10 00:00:00,07:50:01,1918,0,0,0,0,1918,1918,0,posted,فاتورة كاش اوفلاين - تم المزامنة,4,,2026-09-10 07:50:01,2026-09-17 07:07:56,,,2026-09-10 07:50:01,SALE-1789026600615-3549,260910-2025-014,mobile,offline,,synced,2026-09-10 07:50:01,,1,7,SALE-1789026600615-3549
2091,2,1,1,65,266,8,4,1006,,,1,260910-2025-015,2026-09-10 00:00:00,07:52:24,50347.5,0,0,0,0,50347.5,50347.5,0,posted,فاتورة كاش اوفلاين - تم المزامنة,4,,2026-09-10 07:52:24,2026-09-17 07:07:56,,,2026-09-10 07:52:24,SALE-1789026743633-6425,260910-2025-015,mobile,offline,,synced,2026-09-10 07:52:24,,1,7,SALE-1789026743633-6425
2092,2,1,1,65,266,8,4,1003,,,1,260910-2025-016,2026-09-10 00:00:00,08:05:35,35003.5,0,0,0,0,35003.5,35003.5,0,posted,فاتورة كاش اوفلاين - تم المزامنة,4,,2026-09-10 08:05:35,2026-09-17 07:07:57,,,2026-09-10 08:05:35,SALE-1789027535046-9242,260910-2025-016,mobile,offline,,synced,2026-09-10 08:05:35,,1,7,SALE-1789027535046-9242
2093,2,1,1,65,266,8,4,1001,,,1,260910-2025-017,2026-09-10 00:00:00,08:21:54,10069.5,0,0,0,0,10069.5,10069.5,0,posted,فاتورة كاش اوفلاين - تم المزامنة,4,,2026-09-10 08:21:54,2026-09-17 07:07:57,,,2026-09-10 08:21:54,SALE-1789028514047-2269,260910-2025-017,mobile,offline,,synced,2026-09-10 08:21:54,,1,7,SALE-1789028514047-2269
2094,2,1,1,65,266,8,4,1014,,,1,260910-2025-018,2026-09-10 00:00:00,08:23:03,4315.5,0,0,0,0,4315.5,4315.5,0,posted,فاتورة كاش اوفلاين - تم المزامنة,4,,2026-09-10 08:23:03,2026-09-17 07:07:58,,,2026-09-10 08:23:03,SALE-1789028582865-9638,260910-2025-018,mobile,offline,,synced,2026-09-10 08:23:03,,1,7,SALE-1789028582865-9638
2095,2,1,1,65,266,8,4,991,,,1,260910-2025-019,2026-09-10 00:00:00,08:29:43,35483,0,0,0,0,35483,35483,0,posted,فاتورة كاش اوفلاين - تم المزامنة,4,,2026-09-10 08:29:43,2026-09-17 07:08:02,,,2026-09-10 08:29:43,SALE-1789028982527-9391,260910-2025-019,mobile,offline,,synced,2026-09-10 08:29:43,,1,,SALE-1789028982527-9391
2096,2,1,1,65,266,10,4,1270,,,1,260910-2025-020,2026-09-10 00:00:00,08:40:26,11987.5,0,0,0,0,11987.5,11987.5,0,posted,فاتورة كاش اوفلاين - تم المزامنة,4,,2026-09-10 08:40:26,2026-09-17 07:07:58,,,2026-09-10 08:40:26,SALE-1789029625809-8772,260910-2025-020,mobile,offline,,synced,2026-09-10 08:40:26,,1,7,SALE-1789029625809-8772
2097,2,1,1,65,266,8,4,992,,,1,260910-2025-021,2026-09-10 00:00:00,08:42:01,23975,0,0,0,0,23975,23975,0,posted,فاتورة كاش اوفلاين - تم المزامنة,4,,2026-09-10 08:42:01,2026-09-17 07:07:59,,,2026-09-10 08:42:01,SALE-1789029721074-2195,260910-2025-021,mobile,offline,,synced,2026-09-10 08:42:01,,1,7,SALE-1789029721074-2195
2098,2,1,1,65,266,8,4,995,,,1,260910-2025-022,2026-09-10 00:00:00,08:45:11,79117.5,0,0,0,0,79117.5,79117.5,0,posted,فاتورة كاش اوفلاين - تم المزامنة,4,,2026-09-10 08:45:11,2026-09-17 07:08:00,,,2026-09-10 08:45:11,SALE-1789029910680-7826,260910-2025-022,mobile,offline,,synced,2026-09-10 08:45:11,,1,7,SALE-1789029910680-7826
2099,2,1,1,65,266,8,4,1019,,,1,260910-2025-023,2026-09-10 00:00:00,08:46:39,9590,0,0,0,0,9590,9590,0,posted,فاتورة كاش اوفلاين - تم المزامنة,4,,2026-09-10 08:46:39,2026-09-17 07:08:00,,,2026-09-10 08:46:39,SALE-1789029998839-3626,260910-2025-023,mobile,offline,,synced,2026-09-10 08:46:39,,1,7,SALE-1789029998839-3626
2100,2,1,1,65,266,8,4,999,,,1,260910-2025-024,2026-09-10 00:00:00,08:48:21,16782.5,0,0,0,0,16782.5,16782.5,0,posted,فاتورة كاش اوفلاين - تم المزامنة,4,,2026-09-10 08:48:21,2026-09-17 07:08:01,,,2026-09-10 08:48:21,SALE-1789030100392-5051,260910-2025-024,mobile,offline,,synced,2026-09-10 08:48:21,,1,7,SALE-1789030100392-5051
2101,2,1,1,65,266,8,4,1007,,,1,260910-2025-025,2026-09-10 00:00:00,08:50:20,19180,0,0,0,0,19180,19180,0,posted,فاتورة كاش اوفلاين - تم المزامنة,4,,2026-09-10 08:50:20,2026-09-17 07:08:01,,,2026-09-10 08:50:20,SALE-1789030219633-3447,260910-2025-025,mobile,offline,,synced,2026-09-10 08:50:20,,1,7,SALE-1789030219633-3447
2102,2,1,1,,,,,697,,,1,SA-00025,2026-09-10 00:00:00,09:50:44,334691,0,0,0,0,384894.65,0,384894.65,approved,Ø£Ù…Ø± Ø¨ÙŠØ¹ Ù…Ù† Ø§ØºÙ„Ø§Ù‚ Ø§Ù„Ø¥Ø°Ù† RO-00026,2,2,2026-09-10 09:50:44,2026-09-15 18:24:24,2026-09-17 17:14:07,,,,,desktop,,,synced,,,,,
2103,2,1,1,66,267,15,5,782,,,1,260910-2026-002,2026-09-10 00:00:00,10:11:08,719250,0,0,0,0,719250,719250,0,posted,فاتورة كاش اوفلاين - تم المزامنة,5,,2026-09-10 10:11:08,2026-09-17 07:36:48,,,2026-09-10 10:11:08,SALE-1789034834472-1533,260910-2026-002,mobile,offline,,synced,2026-09-10 10:11:08,,2,7,SALE-1789034834472-1533
2104,2,1,1,66,267,15,5,780,,,1,260910-2026-003,2026-09-10 00:00:00,10:11:09,287700,0,0,0,0,287700,287700,0,posted,فاتورة كاش اوفلاين - تم المزامنة,5,,2026-09-10 10:11:09,2026-09-17 07:36:49,,,2026-09-10 10:11:09,SALE-1789034930424-5159,260910-2026-003,mobile,offline,,synced,2026-09-10 10:11:09,,2,7,SALE-1789034930424-5159
2105,2,1,1,66,267,18,5,855,,,1,260910-2026-004,2026-09-10 00:00:00,10:11:09,23975,0,0,0,0,23975,23975,0,posted,فاتورة كاش اوفلاين - تم المزامنة,5,,2026-09-10 10:11:09,2026-09-17 07:36:50,,,2026-09-10 10:11:09,SALE-1789034995555-3077,260910-2026-004,mobile,offline,,synced,2026-09-10 10:11:09,,3,7,SALE-1789034995555-3077
2106,2,1,1,66,267,18,5,859,,,1,260910-2026-005,2026-09-10 00:00:00,10:11:10,4795,0,0,0,0,4795,4795,0,posted,فاتورة كاش اوفلاين - تم المزامنة,5,,2026-09-10 10:11:10,2026-09-17 07:36:50,,,2026-09-10 10:11:10,SALE-1789035025046-8085,260910-2026-005,mobile,offline,,synced,2026-09-10 10:11:10,,3,7,SALE-1789035025046-8085
2107,2,1,1,,,,,697,,,1,SA-00026,2026-09-10 00:00:00,11:07:11,0,0,0,0,0,0,0,0,approved,Ø£Ù…Ø± Ø¨ÙŠØ¹ Ù…Ù† Ø§ØºÙ„Ø§Ù‚ Ø§Ù„Ø¥Ø°Ù† RO-00027,2,2,2026-09-10 11:07:11,2026-09-10 11:07:11,2026-09-17 17:14:07,,,,,desktop,,,synced,,,,,
2108,2,1,1,68,268,15,5,1463,,,1,260913-2026-003,2026-09-13 00:00:00,06:34:10,1455597,0,0,0,0,1455597,1455597,0,posted,فاتورة كاش اوفلاين - تم المزامنة,5,,2026-09-13 06:34:10,2026-09-17 07:36:51,,,2026-09-13 06:34:10,SALE-1789281098645-7888,260913-2026-003,mobile,offline,,synced,2026-09-13 06:34:10,,2,6,SALE-1789281098645-7888
2109,2,1,1,68,268,15,5,780,,,1,260913-2026-004,2026-09-13 00:00:00,06:34:11,246942.5,0,0,0,0,246942.5,246942.5,0,posted,فاتورة كاش اوفلاين - تم المزامنة,5,,2026-09-13 06:34:11,2026-09-17 07:36:51,,,2026-09-13 06:34:11,SALE-1789281153201-1474,260913-2026-004,mobile,offline,,synced,2026-09-13 06:34:11,,2,7,SALE-1789281153201-1474
2110,2,1,1,68,268,15,5,778,,,1,260913-2026-005,2026-09-13 00:00:00,06:34:12,1054900,0,0,0,0,1054900,1054900,0,posted,فاتورة كاش اوفلاين - تم المزامنة,5,,2026-09-13 06:34:12,2026-09-17 07:36:52,,,2026-09-13 06:34:12,SALE-1789281210423-3013,260913-2026-005,mobile,offline,,synced,2026-09-13 06:34:12,,2,7,SALE-1789281210423-3013
2111,2,1,1,68,268,15,5,779,,,1,260913-2026-006,2026-09-13 00:00:00,06:34:28,493885,0,0,0,0,493885,493885,0,posted,فاتورة كاش اوفلاين - تم المزامنة,5,,2026-09-13 06:34:28,2026-09-17 07:36:52,,,2026-09-13 06:34:28,SALE-1789281267364-7758,260913-2026-006,mobile,offline,,synced,2026-09-13 06:34:28,,2,7,SALE-1789281267364-7758
2112,2,1,1,68,268,15,5,790,,,1,260913-2026-007,2026-09-13 00:00:00,06:35:07,47950,0,0,0,0,47950,47950,0,posted,فاتورة كاش اوفلاين - تم المزامنة,5,,2026-09-13 06:35:07,2026-09-17 08:00:07,,,2026-09-13 06:35:07,SALE-1789281307090-5693,260913-2026-007,mobile,offline,,synced,2026-09-13 06:35:07,,2,,SALE-1789281307090-5693
2113,2,1,1,68,268,15,5,784,,,1,260913-2026-008,2026-09-13 00:00:00,06:35:52,246942.5,0,0,0,0,246942.5,246942.5,0,posted,فاتورة كاش اوفلاين - تم المزامنة,5,,2026-09-13 06:35:52,2026-09-17 07:36:53,,,2026-09-13 06:35:52,SALE-1789281351522-8773,260913-2026-008,mobile,offline,,synced,2026-09-13 06:35:52,,2,7,SALE-1789281351522-8773
2114,2,1,1,68,268,13,5,1158,,,1,260913-2026-009,2026-09-13 00:00:00,06:45:52,23975,0,0,0,0,23975,23975,0,posted,فاتورة كاش اوفلاين - تم المزامنة,5,,2026-09-13 06:45:52,2026-09-17 07:36:53,,,2026-09-13 06:45:52,SALE-1789281952148-9298,260913-2026-009,mobile,offline,,synced,2026-09-13 06:45:52,,2,7,SALE-1789281952148-9298
2115,2,1,1,68,268,12,5,1079,,,1,260913-2026-010,2026-09-13 00:00:00,07:04:44,5754,0,0,0,0,5754,5754,0,posted,فاتورة كاش اوفلاين - تم المزامنة,5,,2026-09-13 07:04:44,2026-09-17 07:36:54,,,2026-09-13 07:04:44,SALE-1789283084016-4913,260913-2026-010,mobile,offline,,synced,2026-09-13 07:04:44,,2,7,SALE-1789283084016-4913
2116,2,1,1,68,268,12,5,1093,,,1,260913-2026-011,2026-09-13 00:00:00,07:06:47,7192.5,0,0,0,0,7192.5,7192.5,0,posted,فاتورة كاش اوفلاين - تم المزامنة,5,,2026-09-13 07:06:47,2026-09-17 07:36:55,,,2026-09-13 07:06:47,SALE-1789283207133-5848,260913-2026-011,mobile,offline,,synced,2026-09-13 07:06:47,,2,7,SALE-1789283207133-5848
2117,2,1,1,68,268,12,5,1082,,,1,260913-2026-012,2026-09-13 00:00:00,07:08:10,9590,0,0,0,0,9590,9590,0,posted,فاتورة كاش اوفلاين - تم المزامنة,5,,2026-09-13 07:08:10,2026-09-17 07:36:55,,,2026-09-13 07:08:10,SALE-1789283288646-6039,260913-2026-012,mobile,offline,,synced,2026-09-13 07:08:10,,2,7,SALE-1789283288646-6039
2118,2,1,1,67,269,9,4,1182,,,1,260913-2025-001,2026-09-13 00:00:00,07:11:45,10549,0,0,0,0,10549,10549,0,posted,فاتورة كاش اوفلاين - تم المزامنة,4,,2026-09-13 07:11:45,2026-09-17 07:08:02,,,2026-09-13 07:11:45,SALE-1789283238529-6495,260913-2025-001,mobile,offline,,synced,2026-09-13 07:11:45,,1,7,SALE-1789283238529-6495
2119,2,1,1,67,269,9,4,1190,,,1,260913-2025-002,2026-09-13 00:00:00,07:11:46,7192.5,0,0,0,0,7192.5,7192.5,0,posted,فاتورة كاش اوفلاين - تم المزامنة,4,,2026-09-13 07:11:46,2026-09-17 07:08:03,,,2026-09-13 07:11:46,SALE-1789283362738-8717,260913-2025-002,mobile,offline,,synced,2026-09-13 07:11:46,,1,7,SALE-1789283362738-8717
2120,2,1,1,67,269,9,4,1200,,,1,260913-2025-003,2026-09-13 00:00:00,07:11:47,2397.5,0,0,0,0,2397.5,2397.5,0,posted,فاتورة كاش اوفلاين - تم المزامنة,4,,2026-09-13 07:11:47,2026-09-17 07:08:03,,,2026-09-13 07:11:47,SALE-1789283458554-7251,260913-2025-003,mobile,offline,,synced,2026-09-13 07:11:47,,1,7,SALE-1789283458554-7251
2121,2,1,1,67,269,9,4,1187,,,1,260913-2025-004,2026-09-13 00:00:00,07:11:48,7192.5,0,0,0,0,7192.5,7192.5,0,posted,فاتورة كاش اوفلاين - تم المزامنة,4,,2026-09-13 07:11:48,2026-09-17 07:08:04,,,2026-09-13 07:11:48,SALE-1789283485823-5208,260913-2025-004,mobile,offline,,synced,2026-09-13 07:11:48,,1,7,SALE-1789283485823-5208
2122,2,1,1,68,268,12,5,1091,,,1,260913-2026-013,2026-09-13 00:00:00,07:12:14,13426,0,0,0,0,13426,13426,0,posted,فاتورة كاش اوفلاين - تم المزامنة,5,,2026-09-13 07:12:14,2026-09-17 07:36:56,,,2026-09-13 07:12:14,SALE-1789283533832-9609,260913-2026-013,mobile,offline,,synced,2026-09-13 07:12:14,,2,7,SALE-1789283533832-9609
2123,2,1,1,67,269,9,4,1198,,,1,260913-2025-005,2026-09-13 00:00:00,07:13:04,23975,0,0,0,0,23975,23975,0,posted,فاتورة كاش اوفلاين - تم المزامنة,4,,2026-09-13 07:13:04,2026-09-17 07:08:05,,,2026-09-13 07:13:04,SALE-1789283583753-3032,260913-2025-005,mobile,offline,,synced,2026-09-13 07:13:04,,1,7,SALE-1789283583753-3032
2124,2,1,1,68,268,12,5,1099,,,1,260913-2026-014,2026-09-13 00:00:00,07:15:50,23975,0,0,0,0,23975,23975,0,posted,فاتورة كاش اوفلاين - تم المزامنة,5,,2026-09-13 07:15:50,2026-09-17 07:36:57,,,2026-09-13 07:15:50,SALE-1789283748902-1366,260913-2026-014,mobile,offline,,synced,2026-09-13 07:15:50,,2,7,SALE-1789283748902-1366
2125,2,1,1,67,269,9,4,1225,,,1,260913-2025-007,2026-09-13 00:00:00,07:16:09,95900,0,0,0,0,95900,95900,0,posted,فاتورة كاش اوفلاين - تم المزامنة,4,,2026-09-13 07:16:09,2026-09-17 07:08:05,,,2026-09-13 07:16:09,SALE-1789283768666-5649,260913-2025-007,mobile,offline,,synced,2026-09-13 07:16:09,,1,7,SALE-1789283768666-5649
2126,2,1,1,68,268,12,5,1085,,,1,260913-2026-015,2026-09-13 00:00:00,07:20:50,23975,0,0,0,0,23975,23975,0,posted,فاتورة كاش اوفلاين - تم المزامنة,5,,2026-09-13 07:20:50,2026-09-17 07:36:57,,,2026-09-13 07:20:50,SALE-1789284049389-3822,260913-2026-015,mobile,offline,,synced,2026-09-13 07:20:50,,2,7,SALE-1789284049389-3822
2127,2,1,1,68,268,12,5,1080,,,1,260913-2026-016,2026-09-13 00:00:00,07:22:05,4795,0,0,0,0,4795,4795,0,posted,فاتورة كاش اوفلاين - تم المزامنة,5,,2026-09-13 07:22:05,2026-09-17 07:36:58,,,2026-09-13 07:22:05,SALE-1789284119332-4711,260913-2026-016,mobile,offline,,synced,2026-09-13 07:22:05,,2,7,SALE-1789284119332-4711
2128,2,1,1,67,269,9,4,1213,,,1,260913-2025-008,2026-09-13 00:00:00,07:23:44,23975,0,0,0,0,23975,23975,0,posted,فاتورة كاش اوفلاين - تم المزامنة,4,,2026-09-13 07:23:44,2026-09-17 07:08:06,,,2026-09-13 07:23:44,SALE-1789284223881-2569,260913-2025-008,mobile,offline,,synced,2026-09-13 07:23:44,,1,7,SALE-1789284223881-2569
2129,2,1,1,67,269,9,4,1216,,,1,260913-2025-009,2026-09-13 00:00:00,07:24:30,5274.5,0,0,0,0,5274.5,5274.5,0,posted,فاتورة كاش اوفلاين - تم المزامنة,4,,2026-09-13 07:24:30,2026-09-17 07:08:06,,,2026-09-13 07:24:30,SALE-1789284266077-6861,260913-2025-009,mobile,offline,,synced,2026-09-13 07:24:30,,1,7,SALE-1789284266077-6861
2130,2,1,1,68,268,12,5,1077,,,1,260913-2026-017,2026-09-13 00:00:00,07:25:01,47950,0,0,0,0,47950,47950,0,posted,فاتورة كاش اوفلاين - تم المزامنة,5,,2026-09-13 07:25:01,2026-09-17 07:36:59,,,2026-09-13 07:25:01,SALE-1789284301219-2044,260913-2026-017,mobile,offline,,synced,2026-09-13 07:25:01,,2,7,SALE-1789284301219-2044
2131,2,1,1,67,269,9,4,1237,,,1,260913-2025-010,2026-09-13 00:00:00,07:26:29,12946.5,0,0,0,0,12946.5,12946.5,0,posted,فاتورة كاش اوفلاين - تم المزامنة,4,,2026-09-13 07:26:29,2026-09-17 07:08:07,,,2026-09-13 07:26:29,SALE-1789284388456-1516,260913-2025-010,mobile,offline,,synced,2026-09-13 07:26:29,,1,7,SALE-1789284388456-1516
2132,2,1,1,67,269,9,4,697,,,1,260913-2025-011,2026-09-13 00:00:00,07:27:55,5754,0,0,0,0,5754,5754,0,posted,فاتورة كاش اوفلاين - تم المزامنة,4,,2026-09-13 07:27:55,2026-09-17 07:08:07,,,2026-09-13 07:27:55,SALE-1789284473916-6179,260913-2025-011,mobile,offline,,synced,2026-09-13 07:27:55,,1,8,SALE-1789284473916-6179
2133,2,1,1,67,269,9,4,1185,,,1,260913-2025-012,2026-09-13 00:00:00,07:37:13,33565,0,0,0,0,33565,33565,0,posted,فاتورة كاش اوفلاين - تم المزامنة,4,,2026-09-13 07:37:13,2026-09-17 07:08:08,,,2026-09-13 07:37:13,SALE-1789285031126-5262,260913-2025-012,mobile,offline,,synced,2026-09-13 07:37:13,,1,7,SALE-1789285031126-5262
2134,2,1,1,67,269,9,4,1180,,,1,260913-2025-013,2026-09-13 00:00:00,07:41:03,9590,0,0,0,0,9590,9590,0,posted,فاتورة كاش اوفلاين - تم المزامنة,4,,2026-09-13 07:41:03,2026-09-17 07:08:08,,,2026-09-13 07:41:03,SALE-1789285244078-9519,260913-2025-013,mobile,offline,,synced,2026-09-13 07:41:03,,1,7,SALE-1789285244078-9519
2135,2,1,1,67,269,9,4,1206,,,1,260913-2025-014,2026-09-13 00:00:00,07:43:47,10069.5,0,0,0,0,10069.5,10069.5,0,posted,فاتورة كاش اوفلاين - تم المزامنة,4,,2026-09-13 07:43:47,2026-09-17 07:08:09,,,2026-09-13 07:43:47,SALE-1789285426880-9034,260913-2025-014,mobile,offline,,synced,2026-09-13 07:43:47,,1,7,SALE-1789285426880-9034
2136,2,1,1,68,268,12,5,1097,,,1,260913-2026-018,2026-09-13 00:00:00,07:45:06,7192.5,0,0,0,0,7192.5,7192.5,0,posted,فاتورة كاش اوفلاين - تم المزامنة,5,,2026-09-13 07:45:06,2026-09-17 07:37:00,,,2026-09-13 07:45:06,SALE-1789285506227-6214,260913-2026-018,mobile,offline,,synced,2026-09-13 07:45:06,,2,7,SALE-1789285506227-6214
2137,2,1,1,67,269,9,4,1234,,,1,260913-2025-015,2026-09-13 00:00:00,07:45:31,35962.5,0,0,0,0,35962.5,35962.5,0,posted,فاتورة كاش اوفلاين - تم المزامنة,4,,2026-09-13 07:45:31,2026-09-17 07:08:09,,,2026-09-13 07:45:31,SALE-1789285530281-6081,260913-2025-015,mobile,offline,,synced,2026-09-13 07:45:31,,1,7,SALE-1789285530281-6081
2138,2,1,1,68,268,12,5,1083,,,1,260913-2026-019,2026-09-13 00:00:00,07:46:36,4795,0,0,0,0,4795,4795,0,posted,فاتورة كاش اوفلاين - تم المزامنة,5,,2026-09-13 07:46:36,2026-09-17 07:37:01,,,2026-09-13 07:46:36,SALE-1789285596029-6608,260913-2026-019,mobile,offline,,synced,2026-09-13 07:46:36,,2,7,SALE-1789285596029-6608
2139,2,1,1,68,268,12,5,1088,,,1,260913-2026-020,2026-09-13 00:00:00,07:48:49,11987.5,0,0,0,0,11987.5,11987.5,0,posted,فاتورة كاش اوفلاين - تم المزامنة,5,,2026-09-13 07:48:49,2026-09-17 07:37:01,,,2026-09-13 07:48:49,SALE-1789285729046-1220,260913-2026-020,mobile,offline,,synced,2026-09-13 07:48:49,,2,7,SALE-1789285729046-1220
2140,2,1,1,67,269,9,4,1201,,,1,260913-2025-016,2026-09-13 00:00:00,07:48:57,155837.5,0,0,0,0,155837.5,155837.5,0,posted,فاتورة كاش اوفلاين - تم المزامنة,4,,2026-09-13 07:48:57,2026-09-17 07:08:10,,,2026-09-13 07:48:57,SALE-1789285736620-9732,260913-2025-016,mobile,offline,,synced,2026-09-13 07:48:57,,1,7,SALE-1789285736620-9732
2141,2,1,1,68,268,12,5,1086,,,1,260913-2026-021,2026-09-13 00:00:00,07:50:50,23975,0,0,0,0,23975,23975,0,posted,فاتورة كاش اوفلاين - تم المزامنة,5,,2026-09-13 07:50:50,2026-09-17 07:37:02,,,2026-09-13 07:50:50,SALE-1789285849744-1095,260913-2026-021,mobile,offline,,synced,2026-09-13 07:50:50,,2,7,SALE-1789285849744-1095
2142,2,1,1,67,269,9,4,1196,,,1,260913-2025-017,2026-09-13 00:00:00,07:54:04,28770,0,0,0,0,28770,28770,0,posted,فاتورة كاش اوفلاين - تم المزامنة,4,,2026-09-13 07:54:04,2026-09-17 07:08:10,,,2026-09-13 07:54:04,SALE-1789286043642-2320,260913-2025-017,mobile,offline,,synced,2026-09-13 07:54:04,,1,7,SALE-1789286043642-2320
2143,2,1,1,67,269,9,4,697,,,1,260913-2025-018,2026-09-13 00:00:00,07:58:43,11987.5,0,0,0,0,11987.5,11987.5,0,posted,فاتورة كاش اوفلاين - تم المزامنة,4,,2026-09-13 07:58:43,2026-09-17 07:08:11,,,2026-09-13 07:58:43,SALE-1789286322765-9418,260913-2025-018,mobile,offline,,synced,2026-09-13 07:58:43,,1,8,SALE-1789286322765-9418
2144,2,1,1,67,269,9,4,1220,,,1,260913-2025-019,2026-09-13 00:00:00,08:02:50,11987.5,0,0,0,0,11987.5,11987.5,0,posted,فاتورة كاش اوفلاين - تم المزامنة,4,,2026-09-13 08:02:50,2026-09-17 07:08:12,,,2026-09-13 08:02:50,SALE-1789286569017-2720,260913-2025-019,mobile,offline,,synced,2026-09-13 08:02:50,,1,7,SALE-1789286569017-2720
2145,2,1,1,68,268,12,5,1076,,,1,260913-2026-022,2026-09-13 00:00:00,08:04:34,38839.5,0,0,0,0,38839.5,38839.5,0,posted,فاتورة كاش اوفلاين - تم المزامنة,5,,2026-09-13 08:04:34,2026-09-17 07:37:02,,,2026-09-13 08:04:34,SALE-1789286673601-7502,260913-2026-022,mobile,offline,,synced,2026-09-13 08:04:34,,2,7,SALE-1789286673601-7502
2146,2,1,1,67,269,9,4,1219,,,1,260913-2025-020,2026-09-13 00:00:00,08:05:05,23975,0,0,0,0,23975,23975,0,posted,فاتورة كاش اوفلاين - تم المزامنة,4,,2026-09-13 08:05:05,2026-09-17 07:08:12,,,2026-09-13 08:05:05,SALE-1789286704751-2826,260913-2025-020,mobile,offline,,synced,2026-09-13 08:05:05,,1,7,SALE-1789286704751-2826
2147,2,1,1,68,268,12,5,1073,,,1,260913-2026-023,2026-09-13 00:00:00,08:06:32,2397.5,0,0,0,0,2397.5,2397.5,0,posted,فاتورة كاش اوفلاين - تم المزامنة,5,,2026-09-13 08:06:32,2026-09-17 07:37:03,,,2026-09-13 08:06:32,SALE-1789286791393-5374,260913-2026-023,mobile,offline,,synced,2026-09-13 08:06:32,,2,7,SALE-1789286791393-5374
2148,2,1,1,68,268,12,5,1087,,,1,260913-2026-024,2026-09-13 00:00:00,08:08:15,19180,0,0,0,0,19180,19180,0,posted,فاتورة كاش اوفلاين - تم المزامنة,5,,2026-09-13 08:08:15,2026-09-17 07:37:03,,,2026-09-13 08:08:15,SALE-1789286894709-9927,260913-2026-024,mobile,offline,,synced,2026-09-13 08:08:15,,2,7,SALE-1789286894709-9927
2149,2,1,1,67,269,9,4,1186,,,1,260913-2025-021,2026-09-13 00:00:00,08:09:37,27331.5,0,0,0,0,27331.5,27331.5,0,posted,فاتورة كاش اوفلاين - تم المزامنة,4,,2026-09-13 08:09:37,2026-09-17 07:08:13,,,2026-09-13 08:09:37,SALE-1789286976807-4518,260913-2025-021,mobile,offline,,synced,2026-09-13 08:09:37,,1,7,SALE-1789286976807-4518
2150,2,1,1,68,268,12,5,1098,,,1,260913-2026-025,2026-09-13 00:00:00,08:13:11,95900,0,0,0,0,95900,95900,0,posted,فاتورة كاش اوفلاين - تم المزامنة,5,,2026-09-13 08:13:11,2026-09-17 07:37:04,,,2026-09-13 08:13:11,SALE-1789287190543-1100,260913-2026-025,mobile,offline,,synced,2026-09-13 08:13:11,,2,7,SALE-1789287190543-1100
2151,2,1,1,68,268,12,5,1095,,,1,260913-2026-026,2026-09-13 00:00:00,08:17:16,4795,0,0,0,0,4795,4795,0,posted,فاتورة كاش اوفلاين - تم المزامنة,5,,2026-09-13 08:17:16,2026-09-17 07:37:04,,,2026-09-13 08:17:16,SALE-1789287436306-5171,260913-2026-026,mobile,offline,,synced,2026-09-13 08:17:16,,2,7,SALE-1789287436306-5171
2152,2,1,1,68,268,12,5,1072,,,1,260913-2026-027,2026-09-13 00:00:00,08:17:52,9590,0,0,0,0,9590,9590,0,posted,فاتورة كاش اوفلاين - تم المزامنة,5,,2026-09-13 08:17:52,2026-09-17 07:37:05,,,2026-09-13 08:17:52,SALE-1789287472093-1796,260913-2026-027,mobile,offline,,synced,2026-09-13 08:17:52,,2,7,SALE-1789287472093-1796
2153,2,1,1,67,269,9,4,1214,,,1,260913-2025-022,2026-09-13 00:00:00,08:21:17,23975,0,0,0,0,23975,23975,0,posted,فاتورة كاش اوفلاين - تم المزامنة,4,,2026-09-13 08:21:17,2026-09-17 07:08:13,,,2026-09-13 08:21:17,SALE-1789287677065-5779,260913-2025-022,mobile,offline,,synced,2026-09-13 08:21:17,,1,7,SALE-1789287677065-5779
2154,2,1,1,67,269,9,4,1226,,,1,260913-2025-023,2026-09-13 00:00:00,08:22:06,3836,0,0,0,0,3836,3836,0,posted,فاتورة كاش اوفلاين - تم المزامنة,4,,2026-09-13 08:22:06,2026-09-17 07:08:14,,,2026-09-13 08:22:06,SALE-1789287725252-9504,260913-2025-023,mobile,offline,,synced,2026-09-13 08:22:06,,1,7,SALE-1789287725252-9504
2155,2,1,1,67,269,9,4,1203,,,1,260913-2025-024,2026-09-13 00:00:00,08:24:30,9590,0,0,0,0,9590,9590,0,posted,فاتورة كاش اوفلاين - تم المزامنة,4,,2026-09-13 08:24:30,2026-09-17 07:08:14,,,2026-09-13 08:24:31,SALE-1789287870231-5398,260913-2025-024,mobile,offline,,synced,2026-09-13 08:24:30,,1,7,SALE-1789287870231-5398
2156,2,1,1,67,269,9,4,1208,,,1,260913-2025-025,2026-09-13 00:00:00,08:25:32,4795,0,0,0,0,4795,4795,0,posted,فاتورة كاش اوفلاين - تم المزامنة,4,,2026-09-13 08:25:32,2026-09-17 07:08:15,,,2026-09-13 08:25:32,SALE-1789287931696-4383,260913-2025-025,mobile,offline,,synced,2026-09-13 08:25:32,,1,7,SALE-1789287931696-4383
2157,2,1,1,67,269,9,4,1171,,,1,260913-2025-026,2026-09-13 00:00:00,08:26:27,14385,0,0,0,0,14385,14385,0,posted,فاتورة كاش اوفلاين - تم المزامنة,4,,2026-09-13 08:26:27,2026-09-17 07:08:15,,,2026-09-13 08:26:27,SALE-1789287986357-3921,260913-2025-026,mobile,offline,,synced,2026-09-13 08:26:27,,1,7,SALE-1789287986357-3921
2158,2,1,1,67,269,9,4,1215,,,1,260913-2025-027,2026-09-13 00:00:00,08:27:06,4795,0,0,0,0,4795,4795,0,posted,فاتورة كاش اوفلاين - تم المزامنة,4,,2026-09-13 08:27:06,2026-09-17 07:08:16,,,2026-09-13 08:27:06,SALE-1789288025928-9206,260913-2025-027,mobile,offline,,synced,2026-09-13 08:27:06,,1,7,SALE-1789288025928-9206
2159,2,1,1,67,269,9,4,697,,,1,260913-2025-028,2026-09-13 00:00:00,08:28:26,4795,0,0,0,0,4795,4795,0,posted,فاتورة كاش اوفلاين - تم المزامنة,4,,2026-09-13 08:28:26,2026-09-17 07:08:17,,,2026-09-13 08:28:27,SALE-1789288106150-6244,260913-2025-028,mobile,offline,,synced,2026-09-13 08:28:26,,1,8,SALE-1789288106150-6244
2160,2,1,1,67,269,9,4,1178,,,1,260913-2025-029,2026-09-13 00:00:00,08:28:46,2877,0,0,0,0,2877,2877,0,posted,فاتورة كاش اوفلاين - تم المزامنة,4,,2026-09-13 08:28:46,2026-09-17 07:08:17,,,2026-09-13 08:28:46,SALE-1789288125426-2908,260913-2025-029,mobile,offline,,synced,2026-09-13 08:28:46,,1,7,SALE-1789288125426-2908
2161,2,1,1,68,268,12,5,1078,,,1,260913-2026-028,2026-09-13 00:00:00,08:29:33,11987.5,0,0,0,0,11987.5,11987.5,0,posted,فاتورة كاش اوفلاين - تم المزامنة,5,,2026-09-13 08:29:33,2026-09-17 07:37:06,,,2026-09-13 08:29:33,SALE-1789288172572-1683,260913-2026-028,mobile,offline,,synced,2026-09-13 08:29:33,,2,7,SALE-1789288172572-1683
2162,2,1,1,67,269,9,4,1174,,,1,260913-2025-030,2026-09-13 00:00:00,08:30:38,6713,0,0,0,0,6713,6713,0,posted,فاتورة كاش اوفلاين - تم المزامنة,4,,2026-09-13 08:30:38,2026-09-17 07:08:18,,,2026-09-13 08:30:38,SALE-1789288238120-3029,260913-2025-030,mobile,offline,,synced,2026-09-13 08:30:38,,1,7,SALE-1789288238120-3029
2163,2,1,1,67,269,9,4,1197,,,1,260913-2025-031,2026-09-13 00:00:00,08:31:37,4795,0,0,0,0,4795,4795,0,posted,فاتورة كاش اوفلاين - تم المزامنة,4,,2026-09-13 08:31:37,2026-09-17 07:08:19,,,2026-09-13 08:31:37,SALE-1789288296832-5965,260913-2025-031,mobile,offline,,synced,2026-09-13 08:31:37,,1,7,SALE-1789288296832-5965
2164,2,1,1,67,269,9,4,1209,,,1,260913-2025-032,2026-09-13 00:00:00,08:32:12,4795,0,0,0,0,4795,4795,0,posted,فاتورة كاش اوفلاين - تم المزامنة,4,,2026-09-13 08:32:12,2026-09-17 07:08:20,,,2026-09-13 08:32:12,SALE-1789288330559-5284,260913-2025-032,mobile,offline,,synced,2026-09-13 08:32:12,,1,7,SALE-1789288330559-5284
2165,2,1,1,67,269,9,4,1238,,,1,260913-2025-033,2026-09-13 00:00:00,08:33:07,4795,0,0,0,0,4795,4795,0,posted,فاتورة كاش اوفلاين - تم المزامنة,4,,2026-09-13 08:33:07,2026-09-17 07:08:20,,,2026-09-13 08:33:07,SALE-1789288386526-6128,260913-2025-033,mobile,offline,,synced,2026-09-13 08:33:07,,1,7,SALE-1789288386526-6128
2166,2,1,1,67,269,9,4,1189,,,1,260913-2025-034,2026-09-13 00:00:00,08:34:02,4795,0,0,0,0,4795,4795,0,posted,فاتورة كاش اوفلاين - تم المزامنة,4,,2026-09-13 08:34:02,2026-09-17 07:08:21,,,2026-09-13 08:34:02,SALE-1789288441515-297,260913-2025-034,mobile,offline,,synced,2026-09-13 08:34:02,,1,7,SALE-1789288441515-297
2167,2,1,1,68,268,12,5,1084,,,1,260913-2026-029,2026-09-13 00:00:00,08:34:24,10069.5,0,0,0,0,10069.5,10069.5,0,posted,فاتورة كاش اوفلاين - تم المزامنة,5,,2026-09-13 08:34:24,2026-09-17 07:37:06,,,2026-09-13 08:34:24,SALE-1789288463648-1801,260913-2026-029,mobile,offline,,synced,2026-09-13 08:34:24,,2,7,SALE-1789288463648-1801
2168,2,1,1,67,269,9,4,1179,,,1,260913-2025-035,2026-09-13 00:00:00,08:34:58,31167.5,0,0,0,0,31167.5,31167.5,0,posted,فاتورة كاش اوفلاين - تم المزامنة,4,,2026-09-13 08:34:58,2026-09-17 07:08:21,,,2026-09-13 08:34:58,SALE-1789288497660-8062,260913-2025-035,mobile,offline,,synced,2026-09-13 08:34:58,,1,7,SALE-1789288497660-8062
2169,2,1,1,67,269,9,4,1228,,,1,260913-2025-036,2026-09-13 00:00:00,08:37:16,11028.5,0,0,0,0,11028.5,11028.5,0,posted,فاتورة كاش اوفلاين - تم المزامنة,4,,2026-09-13 08:37:16,2026-09-17 07:08:22,,,2026-09-13 08:37:16,SALE-1789288635935-292,260913-2025-036,mobile,offline,,synced,2026-09-13 08:37:16,,1,7,SALE-1789288635935-292
2170,2,1,1,67,269,9,4,1231,,,1,260913-2025-037,2026-09-13 00:00:00,08:38:16,47950,0,0,0,0,47950,47950,0,posted,فاتورة كاش اوفلاين - تم المزامنة,4,,2026-09-13 08:38:16,2026-09-17 07:08:22,,,2026-09-13 08:38:17,SALE-1789288696335-4839,260913-2025-037,mobile,offline,,synced,2026-09-13 08:38:16,,1,7,SALE-1789288696335-4839
2171,2,1,1,67,269,9,4,1181,,,1,260913-2025-038,2026-09-13 00:00:00,08:41:11,28770,0,0,0,0,28770,28770,0,posted,فاتورة كاش اوفلاين - تم المزامنة,4,,2026-09-13 08:41:11,2026-09-17 07:08:23,,,2026-09-13 08:41:11,SALE-1789288870978-8971,260913-2025-038,mobile,offline,,synced,2026-09-13 08:41:11,,1,7,SALE-1789288870978-8971
2172,2,1,1,68,268,11,5,1317,,,1,260913-2026-030,2026-09-13 00:00:00,08:45:44,7192.5,0,0,0,0,7192.5,7192.5,0,posted,فاتورة كاش اوفلاين - تم المزامنة,5,,2026-09-13 08:45:44,2026-09-17 07:37:07,,,2026-09-13 08:45:44,SALE-1789289143551-8725,260913-2026-030,mobile,offline,,synced,2026-09-13 08:45:44,,2,7,SALE-1789289143551-8725
2173,2,1,1,67,269,9,4,1199,,,1,260913-2025-039,2026-09-13 00:00:00,08:46:02,95900,0,0,0,0,95900,95900,0,posted,فاتورة كاش اوفلاين - تم المزامنة,4,,2026-09-13 08:46:02,2026-09-17 07:08:23,,,2026-09-13 08:46:02,SALE-1789289161556-1666,260913-2025-039,mobile,offline,,synced,2026-09-13 08:46:02,,1,7,SALE-1789289161556-1666
2174,2,1,1,67,269,9,4,1173,,,1,260913-2025-040,2026-09-13 00:00:00,08:47:12,5754,0,0,0,0,5754,5754,0,posted,فاتورة كاش اوفلاين - تم المزامنة,4,,2026-09-13 08:47:12,2026-09-17 07:08:24,,,2026-09-13 08:47:12,SALE-1789289231425-4009,260913-2025-040,mobile,offline,,synced,2026-09-13 08:47:12,,1,7,SALE-1789289231425-4009
2175,2,1,1,68,268,11,5,1328,,,1,260913-2026-031,2026-09-13 00:00:00,08:49:20,6713,0,0,0,0,6713,6713,0,posted,فاتورة كاش اوفلاين - تم المزامنة,5,,2026-09-13 08:49:20,2026-09-17 07:37:07,,,2026-09-13 08:49:20,SALE-1789289360060-818,260913-2026-031,mobile,offline,,synced,2026-09-13 08:49:20,,2,7,SALE-1789289360060-818
2176,2,1,1,68,268,11,5,1325,,,1,260913-2026-032,2026-09-13 00:00:00,08:52:01,11987.5,0,0,0,0,11987.5,11987.5,0,posted,فاتورة كاش اوفلاين - تم المزامنة,5,,2026-09-13 08:52:01,2026-09-17 07:37:08,,,2026-09-13 08:52:01,SALE-1789289520689-9540,260913-2026-032,mobile,offline,,synced,2026-09-13 08:52:01,,2,7,SALE-1789289520689-9540
2177,2,1,1,67,269,9,4,1233,,,1,260913-2025-041,2026-09-13 00:00:00,08:52:55,7192.5,0,0,0,0,7192.5,7192.5,0,posted,فاتورة كاش اوفلاين - تم المزامنة,4,,2026-09-13 08:52:55,2026-09-17 07:08:24,,,2026-09-13 08:52:55,SALE-1789289574681-8996,260913-2025-041,mobile,offline,,synced,2026-09-13 08:52:55,,1,7,SALE-1789289574681-8996
2178,2,1,1,67,269,9,4,1191,,,1,260913-2025-042,2026-09-13 00:00:00,08:54:23,4795,0,0,0,0,4795,4795,0,posted,فاتورة كاش اوفلاين - تم المزامنة,4,,2026-09-13 08:54:23,2026-09-17 07:08:25,,,2026-09-13 08:54:23,SALE-1789289662477-5657,260913-2025-042,mobile,offline,,synced,2026-09-13 08:54:23,,1,7,SALE-1789289662477-5657
2179,2,1,1,67,269,9,4,1193,,,1,260913-2025-043,2026-09-13 00:00:00,08:54:55,19180,0,0,0,0,19180,19180,0,posted,فاتورة كاش اوفلاين - تم المزامنة,4,,2026-09-13 08:54:55,2026-09-17 07:08:26,,,2026-09-13 08:54:55,SALE-1789289694180-9296,260913-2025-043,mobile,offline,,synced,2026-09-13 08:54:55,,1,7,SALE-1789289694180-9296
2180,2,1,1,68,268,11,5,1312,,,1,260913-2026-033,2026-09-13 00:00:00,08:55:07,10069.5,0,0,0,0,10069.5,10069.5,0,posted,فاتورة كاش اوفلاين - تم المزامنة,5,,2026-09-13 08:55:07,2026-09-17 07:37:08,,,2026-09-13 08:55:08,SALE-1789289707330-8004,260913-2026-033,mobile,offline,,synced,2026-09-13 08:55:07,,2,7,SALE-1789289707330-8004
2181,2,1,1,67,269,9,4,1177,,,1,260913-2025-044,2026-09-13 00:00:00,08:57:30,5274.5,0,0,0,0,5274.5,5274.5,0,posted,فاتورة كاش اوفلاين - تم المزامنة,4,,2026-09-13 08:57:30,2026-09-17 07:08:26,,,2026-09-13 08:57:30,SALE-1789289848879-9100,260913-2025-044,mobile,offline,,synced,2026-09-13 08:57:30,,1,7,SALE-1789289848879-9100
2182,2,1,1,67,269,9,4,1205,,,1,260913-2025-045,2026-09-13 00:00:00,08:58:29,35962.5,0,0,0,0,35962.5,35962.5,0,posted,فاتورة كاش اوفلاين - تم المزامنة,4,,2026-09-13 08:58:29,2026-09-17 07:08:27,,,2026-09-13 08:58:30,SALE-1789289909163-5570,260913-2025-045,mobile,offline,,synced,2026-09-13 08:58:29,,1,7,SALE-1789289909163-5570
2183,2,1,1,68,268,11,5,1313,,,1,260913-2026-034,2026-09-13 00:00:00,09:00:49,4795,0,0,0,0,4795,4795,0,posted,فاتورة كاش اوفلاين - تم المزامنة,5,,2026-09-13 09:00:49,2026-09-17 07:37:09,,,2026-09-13 09:00:49,SALE-1789290048998-9627,260913-2026-034,mobile,offline,,synced,2026-09-13 09:00:49,,2,7,SALE-1789290048998-9627
2184,2,1,1,67,269,9,4,1175,,,1,260913-2025-046,2026-09-13 00:00:00,09:01:02,3356.5,0,0,0,0,3356.5,3356.5,0,posted,فاتورة كاش اوفلاين - تم المزامنة,4,,2026-09-13 09:01:02,2026-09-17 07:08:27,,,2026-09-13 09:01:02,SALE-1789290061447-9359,260913-2025-046,mobile,offline,,synced,2026-09-13 09:01:02,,1,7,SALE-1789290061447-9359
2185,2,1,1,67,269,9,4,1223,,,1,260913-2025-047,2026-09-13 00:00:00,09:01:38,23975,0,0,0,0,23975,23975,0,posted,فاتورة كاش اوفلاين - تم المزامنة,4,,2026-09-13 09:01:38,2026-09-17 07:08:28,,,2026-09-13 09:01:38,SALE-1789290098195-1352,260913-2025-047,mobile,offline,,synced,2026-09-13 09:01:38,,1,7,SALE-1789290098195-1352
2186,2,1,1,68,268,11,5,1318,,,1,260913-2026-035,2026-09-13 00:00:00,09:03:48,7192.5,0,0,0,0,7192.5,7192.5,0,posted,فاتورة كاش اوفلاين - تم المزامنة,5,,2026-09-13 09:03:48,2026-09-17 07:37:09,,,2026-09-13 09:03:48,SALE-1789290228032-2226,260913-2026-035,mobile,offline,,synced,2026-09-13 09:03:48,,2,7,SALE-1789290228032-2226
2187,2,1,1,68,268,11,5,1314,,,1,260913-2026-036,2026-09-13 00:00:00,09:05:55,9590,0,0,0,0,9590,9590,0,posted,فاتورة كاش اوفلاين - تم المزامنة,5,,2026-09-13 09:05:55,2026-09-17 07:37:10,,,2026-09-13 09:05:55,SALE-1789290353323-8980,260913-2026-036,mobile,offline,,synced,2026-09-13 09:05:55,,2,7,SALE-1789290353323-8980
2188,2,1,1,67,269,9,4,1202,,,1,260913-2025-048,2026-09-13 00:00:00,09:11:11,14385,0,0,0,0,14385,14385,0,posted,فاتورة كاش اوفلاين - تم المزامنة,4,,2026-09-13 09:11:11,2026-09-17 07:08:28,,,2026-09-13 09:11:11,SALE-1789290670691-5502,260913-2025-048,mobile,offline,,synced,2026-09-13 09:11:11,,1,7,SALE-1789290670691-5502
2189,2,1,1,68,268,11,5,1310,,,1,260913-2026-037,2026-09-13 00:00:00,09:16:22,23975,0,0,0,0,23975,23975,0,posted,فاتورة كاش اوفلاين - تم المزامنة,5,,2026-09-13 09:16:22,2026-09-17 07:37:11,,,2026-09-13 09:16:22,SALE-1789290981324-9389,260913-2026-037,mobile,offline,,synced,2026-09-13 09:16:22,,2,7,SALE-1789290981324-9389
2190,2,1,1,67,269,9,4,1211,,,1,260913-2025-049,2026-09-13 00:00:00,09:19:38,7192.5,0,0,0,0,7192.5,7192.5,0,posted,فاتورة كاش اوفلاين - تم المزامنة,4,,2026-09-13 09:19:38,2026-09-17 07:08:29,,,2026-09-13 09:19:38,SALE-1789291178286-1310,260913-2025-049,mobile,offline,,synced,2026-09-13 09:19:38,,1,7,SALE-1789291178286-1310
2191,2,1,1,67,269,9,4,1172,,,1,260913-2025-050,2026-09-13 00:00:00,09:20:33,47950,0,0,0,0,47950,47950,0,posted,فاتورة كاش اوفلاين - تم المزامنة,4,,2026-09-13 09:20:33,2026-09-17 07:08:29,,,2026-09-13 09:20:33,SALE-1789291232483-6114,260913-2025-050,mobile,offline,,synced,2026-09-13 09:20:33,,1,7,SALE-1789291232483-6114
2192,2,1,1,68,268,11,5,1316,,,1,260913-2026-038,2026-09-13 00:00:00,09:21:43,23975,0,0,0,0,23975,23975,0,posted,فاتورة كاش اوفلاين - تم المزامنة,5,,2026-09-13 09:21:43,2026-09-17 07:37:11,,,2026-09-13 09:21:43,SALE-1789291302112-8086,260913-2026-038,mobile,offline,,synced,2026-09-13 09:21:43,,2,7,SALE-1789291302112-8086
2193,2,1,1,68,268,11,5,1326,,,1,260913-2026-039,2026-09-13 00:00:00,09:24:58,23975,0,0,0,0,23975,23975,0,posted,فاتورة كاش اوفلاين - تم المزامنة,5,,2026-09-13 09:24:58,2026-09-17 07:37:12,,,2026-09-13 09:24:58,SALE-1789291497822-7212,260913-2026-039,mobile,offline,,synced,2026-09-13 09:24:58,,2,7,SALE-1789291497822-7212
2194,2,1,1,68,268,11,5,1324,,,1,260913-2026-040,2026-09-13 00:00:00,09:28:20,9590,0,0,0,0,9590,9590,0,posted,فاتورة كاش اوفلاين - تم المزامنة,5,,2026-09-13 09:28:20,2026-09-17 07:37:12,,,2026-09-13 09:28:20,SALE-1789291699710-2532,260913-2026-040,mobile,offline,,synced,2026-09-13 09:28:20,,2,7,SALE-1789291699710-2532
2195,2,1,1,67,269,9,4,1240,,,1,260913-2025-053,2026-09-13 00:00:00,09:33:29,395587.5,0,0,0,0,395587.5,395587.5,0,posted,فاتورة كاش اوفلاين - تم المزامنة,4,,2026-09-13 09:33:29,2026-09-17 07:08:30,,,2026-09-13 09:33:29,SALE-1789292008955-6038,260913-2025-053,mobile,offline,,synced,2026-09-13 09:33:29,,1,7,SALE-1789292008955-6038
2196,2,1,1,68,268,11,5,1333,,,1,260913-2026-041,2026-09-13 00:00:00,09:40:13,10549,0,0,0,0,10549,10549,0,posted,فاتورة كاش اوفلاين - تم المزامنة,5,,2026-09-13 09:40:13,2026-09-17 07:37:13,,,2026-09-13 09:40:13,SALE-1789292412922-7932,260913-2026-041,mobile,offline,,synced,2026-09-13 09:40:13,,2,7,SALE-1789292412922-7932
2197,2,1,1,68,268,11,5,1323,,,1,260913-2026-042,2026-09-13 00:00:00,09:46:00,23975,0,0,0,0,23975,23975,0,posted,فاتورة كاش اوفلاين - تم المزامنة,5,,2026-09-13 09:46:00,2026-09-17 07:37:13,,,2026-09-13 09:46:00,SALE-1789292759737-9233,260913-2026-042,mobile,offline,,synced,2026-09-13 09:46:00,,2,7,SALE-1789292759737-9233
2198,2,1,1,67,269,9,4,1204,,,1,260913-2025-054,2026-09-13 00:00:00,09:47:04,33565,0,0,0,0,33565,33565,0,posted,فاتورة كاش اوفلاين - تم المزامنة,4,,2026-09-13 09:47:04,2026-09-17 07:08:30,,,2026-09-13 09:47:04,SALE-1789292823986-6142,260913-2025-054,mobile,offline,,synced,2026-09-13 09:47:04,,1,7,SALE-1789292823986-6142
2199,2,1,1,68,268,11,5,1315,,,1,260913-2026-043,2026-09-13 00:00:00,09:57:28,16782.5,0,0,0,0,16782.5,16782.5,0,posted,فاتورة كاش اوفلاين - تم المزامنة,5,,2026-09-13 09:57:28,2026-09-17 07:37:14,,,2026-09-13 09:57:28,SALE-1789293441514-5719,260913-2026-043,mobile,offline,,synced,2026-09-13 09:57:28,,2,7,SALE-1789293441514-5719
2200,2,1,1,68,268,11,5,1321,,,1,260913-2026-044,2026-09-13 00:00:00,10:02:48,23975,0,0,0,0,23975,23975,0,posted,فاتورة كاش اوفلاين - تم المزامنة,5,,2026-09-13 10:02:48,2026-09-17 07:37:14,,,2026-09-13 10:02:48,SALE-1789293767370-6374,260913-2026-044,mobile,offline,,synced,2026-09-13 10:02:48,,2,7,SALE-1789293767370-6374
2201,2,1,1,68,268,11,5,1331,,,1,260913-2026-045,2026-09-13 00:00:00,10:10:13,71925,0,0,0,0,71925,71925,0,posted,فاتورة كاش اوفلاين - تم المزامنة,5,,2026-09-13 10:10:13,2026-09-13 10:10:13,,,2026-09-13 10:10:13,SALE-1789294212640-526,260913-2026-045,mobile,offline,,synced,2026-09-13 10:10:13,,2,7,SALE-1789294212640-526
2202,2,1,1,67,269,9,4,697,,,1,260913-2025-055,2026-09-13 00:00:00,10:17:43,23975,0,0,0,0,23975,23975,0,posted,فاتورة كاش اوفلاين - تم المزامنة,4,,2026-09-13 10:17:43,2026-09-17 07:08:31,,,2026-09-13 10:17:43,SALE-1789294663282-637,260913-2025-055,mobile,offline,,synced,2026-09-13 10:17:43,,1,8,SALE-1789294663282-637
2203,2,1,1,68,268,11,5,1322,,,1,260913-2026-046,2026-09-13 00:00:00,10:21:44,9590,0,0,0,0,9590,9590,0,posted,فاتورة كاش اوفلاين - تم المزامنة,5,,2026-09-13 10:21:44,2026-09-17 07:37:15,,,2026-09-13 10:21:44,SALE-1789294902103-9741,260913-2026-046,mobile,offline,,synced,2026-09-13 10:21:44,,2,7,SALE-1789294902103-9741
2204,2,1,1,68,268,11,5,1332,,,1,260913-2026-047,2026-09-13 00:00:00,10:23:25,50347.5,0,0,0,0,50347.5,50347.5,0,posted,فاتورة كاش اوفلاين - تم المزامنة,5,,2026-09-13 10:23:25,2026-09-17 07:37:16,,,2026-09-13 10:23:25,SALE-1789294970357-4501,260913-2026-047,mobile,offline,,synced,2026-09-13 10:23:25,,2,7,SALE-1789294970357-4501
2205,2,1,1,68,268,11,5,1320,,,1,260913-2026-048,2026-09-13 00:00:00,10:30:41,23975,0,0,0,0,23975,23975,0,posted,فاتورة كاش اوفلاين - تم المزامنة,5,,2026-09-13 10:30:41,2026-09-17 08:00:07,,,2026-09-13 10:30:41,SALE-1789295440629-2154,260913-2026-048,mobile,offline,,synced,2026-09-13 10:30:41,,2,7,SALE-1789295440629-2154
2206,2,1,1,,,,,697,,,1,SA-00027,2026-09-13 00:00:00,11:10:08,19659.5,0,0,0,0,22608.425,0,22608.425,approved,Ø£Ù…Ø± Ø¨ÙŠØ¹ Ù…Ù† Ø§ØºÙ„Ø§Ù‚ Ø§Ù„Ø¥Ø°Ù† RO-00028,2,2,2026-09-13 11:10:08,2026-09-15 18:24:24,2026-09-17 17:14:07,,,,,desktop,,,synced,,,,,
2207,2,1,1,,,,,697,,,1,SA-00028,2026-09-13 00:00:00,11:10:42,315990.5,0,0,0,0,363389.075,0,363389.075,approved,Ø£Ù…Ø± Ø¨ÙŠØ¹ Ù…Ù† Ø§ØºÙ„Ø§Ù‚ Ø§Ù„Ø¥Ø°Ù† RO-00029,2,2,2026-09-13 11:10:42,2026-09-15 18:24:24,2026-09-17 17:14:07,,,,,desktop,,,synced,,,,,
2208,2,1,1,70,270,16,5,1428,,,1,260914-2026-002,2026-09-14 00:00:00,06:30:16,2877,0,0,0,0,2877,2877,0,posted,فاتورة كاش اوفلاين - تم المزامنة,5,,2026-09-14 06:30:16,2026-09-17 08:00:08,,,2026-09-14 06:30:16,SALE-1789367049698-6548,260914-2026-002,mobile,offline,,synced,2026-09-14 06:30:16,,2,7,SALE-1789367049698-6548
2209,2,1,1,70,270,16,5,1396,,,1,260914-2026-003,2026-09-14 00:00:00,06:30:17,2397.5,0,0,0,0,2397.5,2397.5,0,posted,فاتورة كاش اوفلاين - تم المزامنة,5,,2026-09-14 06:30:17,2026-09-17 08:00:08,,,2026-09-14 06:30:17,SALE-1789367123052-5339,260914-2026-003,mobile,offline,,synced,2026-09-14 06:30:17,,2,7,SALE-1789367123052-5339
2210,2,1,1,70,270,16,5,1424,,,1,260914-2026-004,2026-09-14 00:00:00,06:30:18,4795,0,0,0,0,4795,4795,0,posted,فاتورة كاش اوفلاين - تم المزامنة,5,,2026-09-14 06:30:18,2026-09-17 08:00:09,,,2026-09-14 06:30:18,SALE-1789367289913-5700,260914-2026-004,mobile,offline,,synced,2026-09-14 06:30:18,,2,7,SALE-1789367289913-5700
2211,2,1,1,70,270,16,5,1469,,,1,260914-2026-005,2026-09-14 00:00:00,06:33:13,3356.5,0,0,0,0,3356.5,3356.5,0,posted,فاتورة كاش اوفلاين - تم المزامنة,5,,2026-09-14 06:33:13,2026-09-17 08:00:09,,,2026-09-14 06:33:13,SALE-1789367592966-1232,260914-2026-005,mobile,offline,,synced,2026-09-14 06:33:13,,2,7,SALE-1789367592966-1232
2212,2,1,1,70,270,16,5,1369,,,1,260914-2026-006,2026-09-14 00:00:00,06:37:05,4795,0,0,0,0,4795,4795,0,posted,فاتورة كاش اوفلاين - تم المزامنة,5,,2026-09-14 06:37:05,2026-09-17 08:00:10,,,2026-09-14 06:37:05,SALE-1789367824720-3364,260914-2026-006,mobile,offline,,synced,2026-09-14 06:37:05,,2,7,SALE-1789367824720-3364
2213,2,1,1,70,270,16,5,1385,,,1,260914-2026-007,2026-09-14 00:00:00,06:46:03,3836,0,0,0,0,3836,3836,0,posted,فاتورة كاش اوفلاين - تم المزامنة,5,,2026-09-14 06:46:03,2026-09-17 08:00:11,,,2026-09-14 06:46:03,SALE-1789368358194-7041,260914-2026-007,mobile,offline,,synced,2026-09-14 06:46:03,,2,,SALE-1789368358194-7041
2214,2,1,1,70,270,16,5,1434,,,1,260914-2026-008,2026-09-14 00:00:00,06:48:17,7192.5,0,0,0,0,7192.5,7192.5,0,posted,فاتورة كاش اوفلاين - تم المزامنة,5,,2026-09-14 06:48:17,2026-09-17 08:00:11,,,2026-09-14 06:48:17,SALE-1789368496373-328,260914-2026-008,mobile,offline,,synced,2026-09-14 06:48:17,,2,7,SALE-1789368496373-328
2215,2,1,1,70,270,16,5,1406,,,1,260914-2026-009,2026-09-14 00:00:00,06:49:27,4795,0,0,0,0,4795,4795,0,posted,فاتورة كاش اوفلاين - تم المزامنة,5,,2026-09-14 06:49:27,2026-09-17 08:00:12,,,2026-09-14 06:49:27,SALE-1789368566429-4717,260914-2026-009,mobile,offline,,synced,2026-09-14 06:49:27,,2,7,SALE-1789368566429-4717
2216,2,1,1,70,270,16,5,1379,,,1,260914-2026-010,2026-09-14 00:00:00,06:52:45,9590,0,0,0,0,9590,9590,0,posted,فاتورة كاش اوفلاين - تم المزامنة,5,,2026-09-14 06:52:45,2026-09-17 08:00:12,,,2026-09-14 06:52:45,SALE-1789368707552-8257,260914-2026-010,mobile,offline,,synced,2026-09-14 06:52:45,,2,7,SALE-1789368707552-8257
2217,2,1,1,70,270,16,5,1430,,,1,260914-2026-011,2026-09-14 00:00:00,06:54:41,4795,0,0,0,0,4795,4795,0,posted,فاتورة كاش اوفلاين - تم المزامنة,5,,2026-09-14 06:54:41,2026-09-17 08:00:13,,,2026-09-14 06:54:41,SALE-1789368879521-3880,260914-2026-011,mobile,offline,,synced,2026-09-14 06:54:41,,2,7,SALE-1789368879521-3880
2218,2,1,1,70,270,16,5,1421,,,1,260914-2026-012,2026-09-14 00:00:00,06:57:42,959,0,0,0,0,959,959,0,posted,فاتورة كاش اوفلاين - تم المزامنة,5,,2026-09-14 06:57:42,2026-09-14 06:57:42,,,2026-09-14 06:57:42,SALE-1789369025063-6544,260914-2026-012,mobile,offline,,synced,2026-09-14 06:57:42,,2,7,SALE-1789369025063-6544
2219,2,1,1,70,270,16,5,1468,,,1,260914-2026-013,2026-09-14 00:00:00,07:09:00,4315.5,0,0,0,0,4315.5,4315.5,0,posted,فاتورة كاش اوفلاين - تم المزامنة,5,,2026-09-14 07:09:00,2026-09-17 08:00:14,,,2026-09-14 07:09:00,SALE-1789369739296-2107,260914-2026-013,mobile,offline,,synced,2026-09-14 07:09:00,,2,7,SALE-1789369739296-2107
2220,2,1,1,70,270,16,5,1402,,,1,260914-2026-014,2026-09-14 00:00:00,07:10:05,4795,0,0,0,0,4795,4795,0,posted,فاتورة كاش اوفلاين - تم المزامنة,5,,2026-09-14 07:10:05,2026-09-17 08:00:14,,,2026-09-14 07:10:05,SALE-1789369796804-6899,260914-2026-014,mobile,offline,,synced,2026-09-14 07:10:05,,2,7,SALE-1789369796804-6899
2221,2,1,1,70,270,14,5,1044,,,1,260914-2026-015,2026-09-14 00:00:00,07:11:01,9590,0,0,0,0,9590,9590,0,posted,فاتورة كاش اوفلاين - تم المزامنة,5,,2026-09-14 07:11:01,2026-09-17 08:00:15,,,2026-09-14 07:11:01,SALE-1789369861088-3076,260914-2026-015,mobile,offline,,synced,2026-09-14 07:11:01,,2,7,SALE-1789369861088-3076
2222,2,1,1,70,270,16,5,1368,,,1,260914-2026-016,2026-09-14 00:00:00,07:13:08,19180,0,0,0,0,19180,19180,0,posted,فاتورة كاش اوفلاين - تم المزامنة,5,,2026-09-14 07:13:08,2026-09-17 08:00:16,,,2026-09-14 07:13:08,SALE-1789369987261-9884,260914-2026-016,mobile,offline,,synced,2026-09-14 07:13:08,,2,7,SALE-1789369987261-9884
2223,2,1,1,70,270,14,5,1048,,,1,260914-2026-017,2026-09-14 00:00:00,07:14:47,4795,0,0,0,0,4795,4795,0,posted,فاتورة كاش اوفلاين - تم المزامنة,5,,2026-09-14 07:14:47,2026-09-17 08:00:16,,,2026-09-14 07:14:47,SALE-1789370086783-8195,260914-2026-017,mobile,offline,,synced,2026-09-14 07:14:47,,2,7,SALE-1789370086783-8195
2224,2,1,1,70,270,16,5,1381,,,1,260914-2026-018,2026-09-14 00:00:00,07:17:27,4795,0,0,0,0,4795,4795,0,posted,فاتورة كاش اوفلاين - تم المزامنة,5,,2026-09-14 07:17:27,2026-09-17 08:00:17,,,2026-09-14 07:17:27,SALE-1789370246470-5173,260914-2026-018,mobile,offline,,synced,2026-09-14 07:17:27,,2,7,SALE-1789370246470-5173
2225,2,1,1,70,270,14,5,1026,,,1,260914-2026-019,2026-09-14 00:00:00,07:18:21,119875,0,0,0,0,119875,119875,0,posted,فاتورة كاش اوفلاين - تم المزامنة,5,,2026-09-14 07:18:21,2026-09-17 08:00:17,,,2026-09-14 07:18:21,SALE-1789370300982-3818,260914-2026-019,mobile,offline,,synced,2026-09-14 07:18:21,,2,7,SALE-1789370300982-3818
2226,2,1,1,70,270,14,5,1045,,,1,260914-2026-020,2026-09-14 00:00:00,07:19:14,119875,0,0,0,0,119875,119875,0,posted,فاتورة كاش اوفلاين - تم المزامنة,5,,2026-09-14 07:19:14,2026-09-17 08:00:18,,,2026-09-14 07:19:14,SALE-1789370354013-1443,260914-2026-020,mobile,offline,,synced,2026-09-14 07:19:14,,2,7,SALE-1789370354013-1443
2227,2,1,1,70,270,14,5,1049,,,1,260914-2026-021,2026-09-14 00:00:00,07:19:51,23975,0,0,0,0,23975,23975,0,posted,فاتورة كاش اوفلاين - تم المزامنة,5,,2026-09-14 07:19:51,2026-09-17 08:00:18,,,2026-09-14 07:19:51,SALE-1789370390288-2053,260914-2026-021,mobile,offline,,synced,2026-09-14 07:19:51,,2,7,SALE-1789370390288-2053
2228,2,1,1,70,270,14,5,1061,,,1,260914-2026-022,2026-09-14 00:00:00,07:24:12,4795,0,0,0,0,4795,4795,0,posted,فاتورة كاش اوفلاين - تم المزامنة,5,,2026-09-14 07:24:12,2026-09-17 08:00:19,,,2026-09-14 07:24:12,SALE-1789370651643-5439,260914-2026-022,mobile,offline,,synced,2026-09-14 07:24:12,,2,7,SALE-1789370651643-5439
2229,2,1,1,70,270,14,5,1067,,,1,260914-2026-023,2026-09-14 00:00:00,07:25:02,23975,0,0,0,0,23975,23975,0,posted,فاتورة كاش اوفلاين - تم المزامنة,5,,2026-09-14 07:25:02,2026-09-17 08:00:19,,,2026-09-14 07:25:02,SALE-1789370701361-2896,260914-2026-023,mobile,offline,,synced,2026-09-14 07:25:02,,2,7,SALE-1789370701361-2896
2230,2,1,1,70,270,14,5,1047,,,1,260914-2026-024,2026-09-14 00:00:00,07:27:08,11987.5,0,0,0,0,11987.5,11987.5,0,posted,فاتورة كاش اوفلاين - تم المزامنة,5,,2026-09-14 07:27:08,2026-09-17 08:00:20,,,2026-09-14 07:27:08,SALE-1789370827930-4795,260914-2026-024,mobile,offline,,synced,2026-09-14 07:27:08,,2,7,SALE-1789370827930-4795
2231,2,1,1,70,270,15,5,783,,,1,260914-2026-025,2026-09-14 00:00:00,07:27:56,239750,0,0,0,0,239750,239750,0,posted,فاتورة كاش اوفلاين - تم المزامنة,5,,2026-09-14 07:27:56,2026-09-17 08:00:21,,,2026-09-14 07:27:56,SALE-1789370875447-3619,260914-2026-025,mobile,offline,,synced,2026-09-14 07:27:56,,2,7,SALE-1789370875447-3619
2232,2,1,1,70,270,14,5,1034,,,1,260914-2026-026,2026-09-14 00:00:00,07:29:37,4795,0,0,0,0,4795,4795,0,posted,فاتورة كاش اوفلاين - تم المزامنة,5,,2026-09-14 07:29:37,2026-09-17 08:00:21,,,2026-09-14 07:29:37,SALE-1789370976459-1591,260914-2026-026,mobile,offline,,synced,2026-09-14 07:29:37,,2,7,SALE-1789370976459-1591
2233,2,1,1,70,270,14,5,1023,,,1,260914-2026-027,2026-09-14 00:00:00,07:30:04,19180,0,0,0,0,19180,19180,0,posted,فاتورة كاش اوفلاين - تم المزامنة,5,,2026-09-14 07:30:04,2026-09-17 08:00:22,,,2026-09-14 07:30:04,SALE-1789371003969-2193,260914-2026-027,mobile,offline,,synced,2026-09-14 07:30:04,,2,7,SALE-1789371003969-2193
2234,2,1,1,69,271,10,4,1290,,,1,260914-2025-001,2026-09-14 00:00:00,07:31:20,3356.5,0,0,0,0,3356.5,3356.5,0,posted,فاتورة كاش اوفلاين - تم المزامنة,4,,2026-09-14 07:31:20,2026-09-17 07:08:31,,,2026-09-14 07:31:20,SALE-1789370867140-1831,260914-2025-001,mobile,offline,,synced,2026-09-14 07:31:20,,1,7,SALE-1789370867140-1831
2235,2,1,1,69,271,10,4,1296,,,1,260914-2025-002,2026-09-14 00:00:00,07:31:21,8631,0,0,0,0,8631,8631,0,posted,فاتورة كاش اوفلاين - تم المزامنة,4,,2026-09-14 07:31:21,2026-09-17 07:08:32,,,2026-09-14 07:31:21,SALE-1789370946281-5980,260914-2025-002,mobile,offline,,synced,2026-09-14 07:31:21,,1,7,SALE-1789370946281-5980
2236,2,1,1,69,271,10,4,1268,,,1,260914-2025-003,2026-09-14 00:00:00,07:31:49,2877,0,0,0,0,2877,2877,0,posted,فاتورة كاش اوفلاين - تم المزامنة,4,,2026-09-14 07:31:49,2026-09-17 07:08:32,,,2026-09-14 07:31:49,SALE-1789371026389-8698,260914-2025-003,mobile,offline,,synced,2026-09-14 07:31:49,,1,7,SALE-1789371026389-8698
2237,2,1,1,69,271,10,4,1278,,,1,260914-2025-004,2026-09-14 00:00:00,07:31:50,2397.5,0,0,0,0,2397.5,2397.5,0,posted,فاتورة كاش اوفلاين - تم المزامنة,4,,2026-09-14 07:31:50,2026-09-17 07:08:33,,,2026-09-14 07:31:50,SALE-1789371073339-544,260914-2025-004,mobile,offline,,synced,2026-09-14 07:31:50,,1,7,SALE-1789371073339-544
2238,2,1,1,69,271,10,4,1264,,,1,260914-2025-005,2026-09-14 00:00:00,07:31:51,9590,0,0,0,0,9590,9590,0,posted,فاتورة كاش اوفلاين - تم المزامنة,4,,2026-09-14 07:31:51,2026-09-17 07:08:33,,,2026-09-14 07:31:51,SALE-1789371108904-1346,260914-2025-005,mobile,offline,,synced,2026-09-14 07:31:51,,1,7,SALE-1789371108904-1346
2239,2,1,1,69,271,10,4,1249,,,1,260914-2025-006,2026-09-14 00:00:00,07:32:28,9590,0,0,0,0,9590,9590,0,posted,فاتورة كاش اوفلاين - تم المزامنة,4,,2026-09-14 07:32:28,2026-09-17 07:08:34,,,2026-09-14 07:32:28,SALE-1789371147475-1196,260914-2025-006,mobile,offline,,synced,2026-09-14 07:32:28,,1,7,SALE-1789371147475-1196
2240,2,1,1,69,271,10,4,1300,,,1,260914-2025-007,2026-09-14 00:00:00,07:33:42,4795,0,0,0,0,4795,4795,0,posted,فاتورة كاش اوفلاين - تم المزامنة,4,,2026-09-14 07:33:42,2026-09-17 07:08:34,,,2026-09-14 07:33:42,SALE-1789371221780-6407,260914-2025-007,mobile,offline,,synced,2026-09-14 07:33:42,,1,7,SALE-1789371221780-6407
2241,2,1,1,70,270,16,5,1384,,,1,260914-2026-028,2026-09-14 00:00:00,07:33:48,7192.5,0,0,0,0,7192.5,7192.5,0,posted,فاتورة كاش اوفلاين - تم المزامنة,5,,2026-09-14 07:33:48,2026-09-17 08:00:22,,,2026-09-14 07:33:48,SALE-1789371227653-7626,260914-2026-028,mobile,offline,,synced,2026-09-14 07:33:48,,2,7,SALE-1789371227653-7626
2242,2,1,1,69,271,10,4,1257,,,1,260914-2025-008,2026-09-14 00:00:00,07:34:14,959,0,0,0,0,959,959,0,posted,فاتورة كاش اوفلاين - تم المزامنة,4,,2026-09-14 07:34:14,2026-09-17 07:08:35,,,2026-09-14 07:34:14,SALE-1789371253617-5515,260914-2025-008,mobile,offline,,synced,2026-09-14 07:34:14,,1,7,SALE-1789371253617-5515
2243,2,1,1,70,270,14,5,1068,,,1,260914-2026-029,2026-09-14 00:00:00,07:34:23,23975,0,0,0,0,23975,23975,0,posted,فاتورة كاش اوفلاين - تم المزامنة,5,,2026-09-14 07:34:23,2026-09-17 08:00:23,,,2026-09-14 07:34:23,SALE-1789371262490-6337,260914-2026-029,mobile,offline,,synced,2026-09-14 07:34:23,,2,7,SALE-1789371262490-6337
2244,2,1,1,69,271,10,4,697,,,1,260914-2025-009,2026-09-14 00:00:00,07:36:19,52745,0,0,0,0,52745,52745,0,posted,فاتورة كاش اوفلاين - تم المزامنة,4,,2026-09-14 07:36:19,2026-09-17 07:08:35,,,2026-09-14 07:36:19,SALE-1789371378791-21,260914-2025-009,mobile,offline,,synced,2026-09-14 07:36:19,,1,8,SALE-1789371378791-21
2245,2,1,1,70,270,14,5,1052,,,1,260914-2026-030,2026-09-14 00:00:00,07:36:27,9590,0,0,0,0,9590,9590,0,posted,فاتورة كاش اوفلاين - تم المزامنة,5,,2026-09-14 07:36:27,2026-09-17 08:00:23,,,2026-09-14 07:36:27,SALE-1789371386707-4065,260914-2026-030,mobile,offline,,synced,2026-09-14 07:36:27,,2,7,SALE-1789371386707-4065
2246,2,1,1,70,270,16,5,1425,,,1,260914-2026-031,2026-09-14 00:00:00,07:38:11,11987.5,0,0,0,0,11987.5,11987.5,0,posted,فاتورة كاش اوفلاين - تم المزامنة,5,,2026-09-14 07:38:11,2026-09-17 08:00:24,,,2026-09-14 07:38:11,SALE-1789371491234-7965,260914-2026-031,mobile,offline,,synced,2026-09-14 07:38:11,,2,7,SALE-1789371491234-7965
2247,2,1,1,70,270,16,5,1427,,,1,260914-2026-032,2026-09-14 00:00:00,07:38:43,7192.5,0,0,0,0,7192.5,7192.5,0,posted,فاتورة كاش اوفلاين - تم المزامنة,5,,2026-09-14 07:38:43,2026-09-17 08:00:25,,,2026-09-14 07:38:43,SALE-1789371522974-1789,260914-2026-032,mobile,offline,,synced,2026-09-14 07:38:43,,2,7,SALE-1789371522974-1789
2248,2,1,1,69,271,10,4,1309,,,1,260914-2025-010,2026-09-14 00:00:00,07:39:37,19180,0,0,0,0,19180,19180,0,posted,فاتورة كاش اوفلاين - تم المزامنة,4,,2026-09-14 07:39:37,2026-09-17 07:08:36,,,2026-09-14 07:39:37,SALE-1789371576796-9278,260914-2025-010,mobile,offline,,synced,2026-09-14 07:39:37,,1,7,SALE-1789371576796-9278
2249,2,1,1,70,270,16,5,1423,,,1,260914-2026-033,2026-09-14 00:00:00,07:39:48,4795,0,0,0,0,4795,4795,0,posted,فاتورة كاش اوفلاين - تم المزامنة,5,,2026-09-14 07:39:48,2026-09-17 08:00:25,,,2026-09-14 07:39:48,SALE-1789371587535-4892,260914-2026-033,mobile,offline,,synced,2026-09-14 07:39:48,,2,7,SALE-1789371587535-4892
2250,2,1,1,69,271,10,4,1253,,,1,260914-2025-011,2026-09-14 00:00:00,07:40:07,4795,0,0,0,0,4795,4795,0,posted,فاتورة كاش اوفلاين - تم المزامنة,4,,2026-09-14 07:40:07,2026-09-17 07:08:37,,,2026-09-14 07:40:07,SALE-1789371607006-1883,260914-2025-011,mobile,offline,,synced,2026-09-14 07:40:07,,1,7,SALE-1789371607006-1883
2251,2,1,1,70,270,16,5,1340,,,1,260914-2026-034,2026-09-14 00:00:00,07:40:11,959,0,0,0,0,959,959,0,posted,فاتورة كاش اوفلاين - تم المزامنة,5,,2026-09-14 07:40:11,2026-09-14 07:40:11,,,2026-09-14 07:40:11,SALE-1789371611056-8996,260914-2026-034,mobile,offline,,synced,2026-09-14 07:40:11,,2,7,SALE-1789371611056-8996
2252,2,1,1,69,271,10,4,1271,,,1,260914-2025-012,2026-09-14 00:00:00,07:41:26,3836,0,0,0,0,3836,3836,0,posted,فاتورة كاش اوفلاين - تم المزامنة,4,,2026-09-14 07:41:26,2026-09-17 07:08:37,,,2026-09-14 07:41:26,SALE-1789371685981-6694,260914-2025-012,mobile,offline,,synced,2026-09-14 07:41:26,,1,7,SALE-1789371685981-6694
2253,2,1,1,70,270,14,5,1046,,,1,260914-2026-035,2026-09-14 00:00:00,07:41:52,23975,0,0,0,0,23975,23975,0,posted,فاتورة كاش اوفلاين - تم المزامنة,5,,2026-09-14 07:41:52,2026-09-17 08:00:26,,,2026-09-14 07:41:52,SALE-1789371712128-4427,260914-2026-035,mobile,offline,,synced,2026-09-14 07:41:52,,2,7,SALE-1789371712128-4427
2254,2,1,1,69,271,10,4,1252,,,1,260914-2025-013,2026-09-14 00:00:00,07:42:02,4795,0,0,0,0,4795,4795,0,posted,فاتورة كاش اوفلاين - تم المزامنة,4,,2026-09-14 07:42:02,2026-09-17 07:08:38,,,2026-09-14 07:42:02,SALE-1789371722300-4472,260914-2025-013,mobile,offline,,synced,2026-09-14 07:42:02,,1,7,SALE-1789371722300-4472
2255,2,1,1,69,271,10,4,1267,,,1,260914-2025-014,2026-09-14 00:00:00,07:42:48,9590,0,0,0,0,9590,9590,0,posted,فاتورة كاش اوفلاين - تم المزامنة,4,,2026-09-14 07:42:48,2026-09-17 07:08:38,,,2026-09-14 07:42:48,SALE-1789371767805-7568,260914-2025-014,mobile,offline,,synced,2026-09-14 07:42:48,,1,7,SALE-1789371767805-7568
2256,2,1,1,70,270,16,5,1403,,,1,260914-2026-036,2026-09-14 00:00:00,07:43:01,4795,0,0,0,0,4795,4795,0,posted,فاتورة كاش اوفلاين - تم المزامنة,5,,2026-09-14 07:43:01,2026-09-17 08:00:27,,,2026-09-14 07:43:01,SALE-1789371780503-3602,260914-2026-036,mobile,offline,,synced,2026-09-14 07:43:01,,2,7,SALE-1789371780503-3602
2257,2,1,1,70,270,16,5,1395,,,1,260914-2026-037,2026-09-14 00:00:00,07:43:54,2397.5,0,0,0,0,2397.5,2397.5,0,posted,فاتورة كاش اوفلاين - تم المزامنة,5,,2026-09-14 07:43:54,2026-09-17 08:00:27,,,2026-09-14 07:43:54,SALE-1789371833948-9309,260914-2026-037,mobile,offline,,synced,2026-09-14 07:43:54,,2,7,SALE-1789371833948-9309
2258,2,1,1,69,271,10,4,1259,,,1,260914-2025-016,2026-09-14 00:00:00,07:44:03,7192.5,0,0,0,0,7192.5,7192.5,0,posted,فاتورة كاش اوفلاين - تم المزامنة,4,,2026-09-14 07:44:03,2026-09-17 07:08:39,,,2026-09-14 07:44:03,SALE-1789371842452-9225,260914-2025-016,mobile,offline,,synced,2026-09-14 07:44:03,,1,7,SALE-1789371842452-9225
2259,2,1,1,69,271,10,4,1279,,,1,260914-2025-017,2026-09-14 00:00:00,07:45:33,11987.5,0,0,0,0,11987.5,11987.5,0,posted,فاتورة كاش اوفلاين - تم المزامنة,4,,2026-09-14 07:45:33,2026-09-17 07:08:39,,,2026-09-14 07:45:33,SALE-1789371932860-9754,260914-2025-017,mobile,offline,,synced,2026-09-14 07:45:33,,1,7,SALE-1789371932860-9754
2260,2,1,1,70,270,14,5,1065,,,1,260914-2026-038,2026-09-14 00:00:00,07:46:18,23975,0,0,0,0,23975,23975,0,posted,فاتورة كاش اوفلاين - تم المزامنة,5,,2026-09-14 07:46:18,2026-09-17 08:00:28,,,2026-09-14 07:46:18,SALE-1789371977140-352,260914-2026-038,mobile,offline,,synced,2026-09-14 07:46:18,,2,7,SALE-1789371977140-352
2261,2,1,1,69,271,10,4,1284,,,1,260914-2025-018,2026-09-14 00:00:00,07:47:14,2877,0,0,0,0,2877,2877,0,posted,فاتورة كاش اوفلاين - تم المزامنة,4,,2026-09-14 07:47:14,2026-09-17 07:08:40,,,2026-09-14 07:47:14,SALE-1789372033885-5403,260914-2025-018,mobile,offline,,synced,2026-09-14 07:47:14,,1,7,SALE-1789372033885-5403
2262,2,1,1,69,271,10,4,1286,,,1,260914-2025-019,2026-09-14 00:00:00,07:47:54,4795,0,0,0,0,4795,4795,0,posted,فاتورة كاش اوفلاين - تم المزامنة,4,,2026-09-14 07:47:54,2026-09-17 07:08:40,,,2026-09-14 07:47:54,SALE-1789372073999-992,260914-2025-019,mobile,offline,,synced,2026-09-14 07:47:54,,1,7,SALE-1789372073999-992
2263,2,1,1,69,271,10,4,1243,,,1,260914-2025-020,2026-09-14 00:00:00,07:48:18,1918,0,0,0,0,1918,1918,0,posted,فاتورة كاش اوفلاين - تم المزامنة,4,,2026-09-14 07:48:18,2026-09-17 07:08:41,,,2026-09-14 07:48:18,SALE-1789372097873-1315,260914-2025-020,mobile,offline,,synced,2026-09-14 07:48:18,,1,7,SALE-1789372097873-1315
2264,2,1,1,69,271,10,4,1307,,,1,260914-2025-021,2026-09-14 00:00:00,07:48:56,2877,0,0,0,0,2877,2877,0,posted,فاتورة كاش اوفلاين - تم المزامنة,4,,2026-09-14 07:48:56,2026-09-17 07:08:41,,,2026-09-14 07:48:56,SALE-1789372136148-55,260914-2025-021,mobile,offline,,synced,2026-09-14 07:48:56,,1,7,SALE-1789372136148-55
2265,2,1,1,70,270,16,5,1413,,,1,260914-2026-039,2026-09-14 00:00:00,07:49:48,4795,0,0,0,0,4795,4795,0,posted,فاتورة كاش اوفلاين - تم المزامنة,5,,2026-09-14 07:49:48,2026-09-17 08:00:29,,,2026-09-14 07:49:48,SALE-1789372188010-830,260914-2026-039,mobile,offline,,synced,2026-09-14 07:49:48,,2,7,SALE-1789372188010-830
2266,2,1,1,69,271,10,4,1244,,,1,260914-2025-022,2026-09-14 00:00:00,07:50:22,10069.5,0,0,0,0,10069.5,10069.5,0,posted,فاتورة كاش اوفلاين - تم المزامنة,4,,2026-09-14 07:50:22,2026-09-17 07:08:42,,,2026-09-14 07:50:22,SALE-1789372221542-4773,260914-2025-022,mobile,offline,,synced,2026-09-14 07:50:22,,1,7,SALE-1789372221542-4773
2267,2,1,1,70,270,16,5,1377,,,1,260914-2026-040,2026-09-14 00:00:00,07:51:12,7192.5,0,0,0,0,7192.5,7192.5,0,posted,فاتورة كاش اوفلاين - تم المزامنة,5,,2026-09-14 07:51:12,2026-09-17 08:00:29,,,2026-09-14 07:51:12,SALE-1789372271929-8636,260914-2026-040,mobile,offline,,synced,2026-09-14 07:51:12,,2,7,SALE-1789372271929-8636
2268,2,1,1,69,271,10,4,1277,,,1,260914-2025-023,2026-09-14 00:00:00,07:51:15,9590,0,0,0,0,9590,9590,0,posted,فاتورة كاش اوفلاين - تم المزامنة,4,,2026-09-14 07:51:15,2026-09-17 07:08:42,,,2026-09-14 07:51:15,SALE-1789372274934-5978,260914-2025-023,mobile,offline,,synced,2026-09-14 07:51:15,,1,7,SALE-1789372274934-5978
2269,2,1,1,69,271,10,4,1282,,,1,260914-2025-024,2026-09-14 00:00:00,07:52:43,9590,0,0,0,0,9590,9590,0,posted,فاتورة كاش اوفلاين - تم المزامنة,4,,2026-09-14 07:52:43,2026-09-17 07:08:43,,,2026-09-14 07:52:43,SALE-1789372362221-2710,260914-2025-024,mobile,offline,,synced,2026-09-14 07:52:43,,1,7,SALE-1789372362221-2710
2270,2,1,1,69,271,10,4,1260,,,1,260914-2025-025,2026-09-14 00:00:00,07:53:59,15344,0,0,0,0,15344,15344,0,posted,فاتورة كاش اوفلاين - تم المزامنة,4,,2026-09-14 07:53:59,2026-09-17 07:08:43,,,2026-09-14 07:53:59,SALE-1789372438733-3543,260914-2025-025,mobile,offline,,synced,2026-09-14 07:53:59,,1,7,SALE-1789372438733-3543
2271,2,1,1,70,270,16,5,1345,,,1,260914-2026-041,2026-09-14 00:00:00,07:54:07,19180,0,0,0,0,19180,19180,0,posted,فاتورة كاش اوفلاين - تم المزامنة,5,,2026-09-14 07:54:07,2026-09-17 08:00:30,,,2026-09-14 07:54:07,SALE-1789372447135-2795,260914-2026-041,mobile,offline,,synced,2026-09-14 07:54:07,,2,7,SALE-1789372447135-2795
2272,2,1,1,70,270,14,5,1035,,,1,260914-2026-042,2026-09-14 00:00:00,07:55:29,28770,0,0,0,0,28770,28770,0,posted,فاتورة كاش اوفلاين - تم المزامنة,5,,2026-09-14 07:55:29,2026-09-17 08:00:35,,,2026-09-14 07:55:29,SALE-1789372528546-8168,260914-2026-042,mobile,offline,,synced,2026-09-14 07:55:29,,2,,SALE-1789372528546-8168
2273,2,1,1,69,271,10,4,1305,,,1,260914-2025-027,2026-09-14 00:00:00,07:55:32,2397.5,0,0,0,0,2397.5,2397.5,0,posted,فاتورة كاش اوفلاين - تم المزامنة,4,,2026-09-14 07:55:32,2026-09-17 07:08:44,,,2026-09-14 07:55:32,SALE-1789372531867-6625,260914-2025-027,mobile,offline,,synced,2026-09-14 07:55:32,,1,7,SALE-1789372531867-6625
2274,2,1,1,70,270,14,5,1024,,,1,260914-2026-043,2026-09-14 00:00:00,07:56:01,7192.5,0,0,0,0,7192.5,7192.5,0,posted,فاتورة كاش اوفلاين - تم المزامنة,5,,2026-09-14 07:56:01,2026-09-17 08:00:30,,,2026-09-14 07:56:01,SALE-1789372560650-5709,260914-2026-043,mobile,offline,,synced,2026-09-14 07:56:01,,2,7,SALE-1789372560650-5709
2275,2,1,1,70,270,14,5,1032,,,1,260914-2026-044,2026-09-14 00:00:00,07:56:34,7192.5,0,0,0,0,7192.5,7192.5,0,posted,فاتورة كاش اوفلاين - تم المزامنة,5,,2026-09-14 07:56:34,2026-09-17 08:00:31,,,2026-09-14 07:56:34,SALE-1789372593656-1055,260914-2026-044,mobile,offline,,synced,2026-09-14 07:56:34,,2,7,SALE-1789372593656-1055
2276,2,1,1,70,270,14,5,1029,,,1,260914-2026-045,2026-09-14 00:00:00,07:57:27,3836,0,0,0,0,3836,3836,0,posted,فاتورة كاش اوفلاين - تم المزامنة,5,,2026-09-14 07:57:27,2026-09-17 08:00:31,,,2026-09-14 07:57:27,SALE-1789372646508-1348,260914-2026-045,mobile,offline,,synced,2026-09-14 07:57:27,,2,7,SALE-1789372646508-1348
2277,2,1,1,69,271,10,4,1250,,,1,260914-2025-028,2026-09-14 00:00:00,07:57:34,4795,0,0,0,0,4795,4795,0,posted,فاتورة كاش اوفلاين - تم المزامنة,4,,2026-09-14 07:57:34,2026-09-17 07:08:44,,,2026-09-14 07:57:34,SALE-1789372653942-7125,260914-2025-028,mobile,offline,,synced,2026-09-14 07:57:34,,1,7,SALE-1789372653942-7125
2278,2,1,1,69,271,10,4,1281,,,1,260914-2025-029,2026-09-14 00:00:00,07:58:18,4795,0,0,0,0,4795,4795,0,posted,فاتورة كاش اوفلاين - تم المزامنة,4,,2026-09-14 07:58:18,2026-09-17 07:08:45,,,2026-09-14 07:58:18,SALE-1789372697778-3147,260914-2025-029,mobile,offline,,synced,2026-09-14 07:58:18,,1,7,SALE-1789372697778-3147
2279,2,1,1,70,270,16,5,1404,,,1,260914-2026-046,2026-09-14 00:00:00,07:58:18,11987.5,0,0,0,0,11987.5,11987.5,0,posted,فاتورة كاش اوفلاين - تم المزامنة,5,,2026-09-14 07:58:18,2026-09-17 08:00:32,,,2026-09-14 07:58:18,SALE-1789372698020-6000,260914-2026-046,mobile,offline,,synced,2026-09-14 07:58:18,,2,7,SALE-1789372698020-6000
2280,2,1,1,69,271,10,4,1258,,,1,260914-2025-030,2026-09-14 00:00:00,07:59:09,7192.5,0,0,0,0,7192.5,7192.5,0,posted,فاتورة كاش اوفلاين - تم المزامنة,4,,2026-09-14 07:59:09,2026-09-17 07:08:45,,,2026-09-14 07:59:09,SALE-1789372748757-3200,260914-2025-030,mobile,offline,,synced,2026-09-14 07:59:09,,1,7,SALE-1789372748757-3200
2281,2,1,1,70,270,14,5,1055,,,1,260914-2026-047,2026-09-14 00:00:00,07:59:47,14385,0,0,0,0,14385,14385,0,posted,فاتورة كاش اوفلاين - تم المزامنة,5,,2026-09-14 07:59:47,2026-09-17 08:00:32,,,2026-09-14 07:59:47,SALE-1789372786716-1406,260914-2026-047,mobile,offline,,synced,2026-09-14 07:59:47,,2,7,SALE-1789372786716-1406
2282,2,1,1,69,271,10,4,1301,,,1,260914-2025-031,2026-09-14 00:00:00,08:00:27,23975,0,0,0,0,23975,23975,0,posted,فاتورة كاش اوفلاين - تم المزامنة,4,,2026-09-14 08:00:27,2026-09-17 07:08:46,,,2026-09-14 08:00:27,SALE-1789372827028-9743,260914-2025-031,mobile,offline,,synced,2026-09-14 08:00:27,,1,7,SALE-1789372827028-9743
2283,2,1,1,70,270,14,5,1028,,,1,260914-2026-048,2026-09-14 00:00:00,08:00:34,19180,0,0,0,0,19180,19180,0,posted,فاتورة كاش اوفلاين - تم المزامنة,5,,2026-09-14 08:00:34,2026-09-17 08:00:33,,,2026-09-14 08:00:34,SALE-1789372833916-1432,260914-2026-048,mobile,offline,,synced,2026-09-14 08:00:34,,2,7,SALE-1789372833916-1432
2284,2,1,1,70,270,16,5,1366,,,1,260914-2026-049,2026-09-14 00:00:00,08:02:31,4795,0,0,0,0,4795,4795,0,posted,فاتورة كاش اوفلاين - تم المزامنة,5,,2026-09-14 08:02:31,2026-09-17 08:00:34,,,2026-09-14 08:02:31,SALE-1789372950554-5938,260914-2026-049,mobile,offline,,synced,2026-09-14 08:02:31,,2,7,SALE-1789372950554-5938
2285,2,1,1,70,270,16,5,1419,,,1,260914-2026-050,2026-09-14 00:00:00,08:03:09,19180,0,0,0,0,19180,19180,0,posted,فاتورة كاش اوفلاين - تم المزامنة,5,,2026-09-14 08:03:09,2026-09-17 08:00:34,,,2026-09-14 08:03:09,SALE-1789372988627-1179,260914-2026-050,mobile,offline,,synced,2026-09-14 08:03:09,,2,7,SALE-1789372988627-1179
2286,2,1,1,69,271,10,4,1265,,,1,260914-2025-032,2026-09-14 00:00:00,08:03:14,4795,0,0,0,0,4795,4795,0,posted,فاتورة كاش اوفلاين - تم المزامنة,4,,2026-09-14 08:03:14,2026-09-17 07:08:46,,,2026-09-14 08:03:14,SALE-1789372993666-973,260914-2025-032,mobile,offline,,synced,2026-09-14 08:03:14,,1,7,SALE-1789372993666-973
2287,2,1,1,69,271,10,4,1242,,,1,260914-2025-033,2026-09-14 00:00:00,08:03:54,2397.5,0,0,0,0,2397.5,2397.5,0,posted,فاتورة كاش اوفلاين - تم المزامنة,4,,2026-09-14 08:03:54,2026-09-14 08:03:54,,,2026-09-14 08:03:54,SALE-1789373033863-5712,260914-2025-033,mobile,offline,,synced,2026-09-14 08:03:54,,1,7,SALE-1789373033863-5712
2288,2,1,1,69,271,10,4,1297,,,1,260914-2025-034,2026-09-14 00:00:00,08:04:41,7192.5,0,0,0,0,7192.5,7192.5,0,posted,فاتورة كاش اوفلاين - تم المزامنة,4,,2026-09-14 08:04:41,2026-09-17 07:08:47,,,2026-09-14 08:04:41,SALE-1789373080315-3153,260914-2025-034,mobile,offline,,synced,2026-09-14 08:04:41,,1,7,SALE-1789373080315-3153
2289,2,1,1,69,271,10,4,1298,,,1,260914-2025-035,2026-09-14 00:00:00,08:06:29,19180,0,0,0,0,19180,19180,0,posted,فاتورة كاش اوفلاين - تم المزامنة,4,,2026-09-14 08:06:29,2026-09-17 07:08:48,,,2026-09-14 08:06:29,SALE-1789373188606-4270,260914-2025-035,mobile,offline,,synced,2026-09-14 08:06:29,,1,7,SALE-1789373188606-4270
2290,2,1,1,69,271,10,4,1247,,,1,260914-2025-036,2026-09-14 00:00:00,08:09:04,1918,0,0,0,0,1918,1918,0,posted,فاتورة كاش اوفلاين - تم المزامنة,4,,2026-09-14 08:09:04,2026-09-17 07:08:49,,,2026-09-14 08:09:04,SALE-1789373344016-1585,260914-2025-036,mobile,offline,,synced,2026-09-14 08:09:04,,1,7,SALE-1789373344016-1585
2291,2,1,1,70,270,16,5,1412,,,1,260914-2026-051,2026-09-14 00:00:00,08:09:49,9590,0,0,0,0,9590,9590,0,posted,فاتورة كاش اوفلاين - تم المزامنة,5,,2026-09-14 08:09:49,2026-09-17 08:00:35,,,2026-09-14 08:09:49,SALE-1789373388397-9810,260914-2026-051,mobile,offline,,synced,2026-09-14 08:09:49,,2,7,SALE-1789373388397-9810
2292,2,1,1,70,270,16,5,1361,,,1,260914-2026-052,2026-09-14 00:00:00,08:10:46,7192.5,0,0,0,0,7192.5,7192.5,0,posted,فاتورة كاش اوفلاين - تم المزامنة,5,,2026-09-14 08:10:46,2026-09-17 08:00:36,,,2026-09-14 08:10:46,SALE-1789373446186-9361,260914-2026-052,mobile,offline,,synced,2026-09-14 08:10:46,,2,7,SALE-1789373446186-9361
2293,2,1,1,69,271,10,4,1272,,,1,260914-2025-037,2026-09-14 00:00:00,08:10:57,1438.5,0,0,0,0,1438.5,1438.5,0,posted,فاتورة كاش اوفلاين - تم المزامنة,4,,2026-09-14 08:10:57,2026-09-17 07:08:50,,,2026-09-14 08:10:57,SALE-1789373457202-5008,260914-2025-037,mobile,offline,,synced,2026-09-14 08:10:57,,1,7,SALE-1789373457202-5008
2294,2,1,1,70,270,16,5,1335,,,1,260914-2026-053,2026-09-14 00:00:00,08:11:50,10549,0,0,0,0,10549,10549,0,posted,فاتورة كاش اوفلاين - تم المزامنة,5,,2026-09-14 08:11:50,2026-09-17 08:00:37,,,2026-09-14 08:11:50,SALE-1789373509923-3503,260914-2026-053,mobile,offline,,synced,2026-09-14 08:11:50,,2,7,SALE-1789373509923-3503
2295,2,1,1,70,270,15,5,788,,,1,260914-2026-054,2026-09-14 00:00:00,08:12:33,124670,0,0,0,0,124670,124670,0,posted,فاتورة كاش اوفلاين - تم المزامنة,5,,2026-09-14 08:12:33,2026-09-17 08:00:38,,,2026-09-14 08:12:33,SALE-1789373552318-5342,260914-2026-054,mobile,offline,,synced,2026-09-14 08:12:33,,2,7,SALE-1789373552318-5342
2296,2,1,1,70,270,15,5,791,,,1,260914-2026-055,2026-09-14 00:00:00,08:13:09,95900,0,0,0,0,95900,95900,0,posted,فاتورة كاش اوفلاين - تم المزامنة,5,,2026-09-14 08:13:09,2026-09-17 08:00:38,,,2026-09-14 08:13:09,SALE-1789373588205-1595,260914-2026-055,mobile,offline,,synced,2026-09-14 08:13:09,,2,7,SALE-1789373588205-1595
2297,2,1,1,69,271,10,4,1248,,,1,260914-2025-038,2026-09-14 00:00:00,08:14:49,4795,0,0,0,0,4795,4795,0,posted,فاتورة كاش اوفلاين - تم المزامنة,4,,2026-09-14 08:14:49,2026-09-17 07:08:51,,,2026-09-14 08:14:49,SALE-1789373688723-8343,260914-2025-038,mobile,offline,,synced,2026-09-14 08:14:49,,1,7,SALE-1789373688723-8343
2298,2,1,1,70,270,16,5,1480,,,1,260914-2026-056,2026-09-14 00:00:00,08:19:12,2397.5,0,0,0,0,2397.5,2397.5,0,posted,فاتورة كاش اوفلاين - تم المزامنة,5,,2026-09-14 08:19:12,2026-09-17 08:00:39,,,2026-09-14 08:19:12,SALE-1789373951586-6404,260914-2026-056,mobile,offline,,synced,2026-09-14 08:19:12,,2,8,SALE-1789373951586-6404
2299,2,1,1,69,271,10,4,1289,,,1,260914-2025-039,2026-09-14 00:00:00,08:22:04,35962.5,0,0,0,0,35962.5,35962.5,0,posted,فاتورة كاش اوفلاين - تم المزامنة,4,,2026-09-14 08:22:04,2026-09-17 07:09:05,,,2026-09-14 08:22:04,SALE-1789374124134-5025,260914-2025-039,mobile,offline,,synced,2026-09-14 08:22:04,,1,7,SALE-1789374124134-5025
2300,2,1,1,70,270,16,5,1480,,,1,260914-2026-057,2026-09-14 00:00:00,08:22:23,9590,0,0,0,0,9590,9590,0,posted,فاتورة كاش اوفلاين - تم المزامنة,5,,2026-09-14 08:22:23,2026-09-17 08:00:39,,,2026-09-14 08:22:23,SALE-1789374142706-6139,260914-2026-057,mobile,offline,,synced,2026-09-14 08:22:23,,2,8,SALE-1789374142706-6139
2301,2,1,1,70,270,16,5,1373,,,1,260914-2026-058,2026-09-14 00:00:00,08:23:39,5754,0,0,0,0,5754,5754,0,posted,فاتورة كاش اوفلاين - تم المزامنة,5,,2026-09-14 08:23:39,2026-09-17 08:00:40,,,2026-09-14 08:23:39,SALE-1789374218651-1646,260914-2026-058,mobile,offline,,synced,2026-09-14 08:23:39,,2,,SALE-1789374218651-1646
2302,2,1,1,70,270,16,5,1344,,,1,260914-2026-059,2026-09-14 00:00:00,08:24:46,9590,0,0,0,0,9590,9590,0,posted,فاتورة كاش اوفلاين - تم المزامنة,5,,2026-09-14 08:24:46,2026-09-14 08:24:46,,,2026-09-14 08:24:46,SALE-1789374286007-2826,260914-2026-059,mobile,offline,,synced,2026-09-14 08:24:46,,2,7,SALE-1789374286007-2826
2303,2,1,1,69,271,10,4,1308,,,1,260914-2025-040,2026-09-14 00:00:00,08:28:33,959,0,0,0,0,959,959,0,posted,فاتورة كاش اوفلاين - تم المزامنة,4,,2026-09-14 08:28:33,2026-09-17 07:09:05,,,2026-09-14 08:28:33,SALE-1789374512877-6387,260914-2025-040,mobile,offline,,synced,2026-09-14 08:28:33,,1,7,SALE-1789374512877-6387
2304,2,1,1,70,270,16,5,1416,,,1,260914-2026-060,2026-09-14 00:00:00,08:28:49,7192.5,0,0,0,0,7192.5,7192.5,0,posted,فاتورة كاش اوفلاين - تم المزامنة,5,,2026-09-14 08:28:49,2026-09-17 08:00:41,,,2026-09-14 08:28:49,SALE-1789374528655-9591,260914-2026-060,mobile,offline,,synced,2026-09-14 08:28:49,,2,7,SALE-1789374528655-9591
2305,2,1,1,69,271,10,4,1270,,,1,260914-2025-041,2026-09-14 00:00:00,08:30:53,11987.5,0,0,0,0,11987.5,11987.5,0,posted,فاتورة كاش اوفلاين - تم المزامنة,4,,2026-09-14 08:30:53,2026-09-17 07:09:06,,,2026-09-14 08:30:53,SALE-1789374653035-8908,260914-2025-041,mobile,offline,,synced,2026-09-14 08:30:53,,1,7,SALE-1789374653035-8908
2306,2,1,1,70,270,14,5,1056,,,1,260914-2026-061,2026-09-14 00:00:00,08:33:47,14385,0,0,0,0,14385,14385,0,posted,فاتورة كاش اوفلاين - تم المزامنة,5,,2026-09-14 08:33:47,2026-09-17 08:00:41,,,2026-09-14 08:33:47,SALE-1789374826912-3593,260914-2026-061,mobile,offline,,synced,2026-09-14 08:33:47,,2,7,SALE-1789374826912-3593
2307,2,1,1,69,271,10,4,1280,,,1,260914-2025-042,2026-09-14 00:00:00,08:36:01,4795,0,0,0,0,4795,4795,0,posted,فاتورة كاش اوفلاين - تم المزامنة,4,,2026-09-14 08:36:01,2026-09-17 07:09:06,,,2026-09-14 08:36:01,SALE-1789374960951-7870,260914-2025-042,mobile,offline,,synced,2026-09-14 08:36:01,,1,7,SALE-1789374960951-7870
2308,2,1,1,70,270,16,5,1418,,,1,260914-2026-062,2026-09-14 00:00:00,08:37:48,11987.5,0,0,0,0,11987.5,11987.5,0,posted,فاتورة كاش اوفلاين - تم المزامنة,5,,2026-09-14 08:37:48,2026-09-17 08:00:42,,,2026-09-14 08:37:48,SALE-1789375068126-4993,260914-2026-062,mobile,offline,,synced,2026-09-14 08:37:48,,2,7,SALE-1789375068126-4993
2309,2,1,1,70,270,16,5,1360,,,1,260914-2026-063,2026-09-14 00:00:00,08:38:10,11987.5,0,0,0,0,11987.5,11987.5,0,posted,فاتورة كاش اوفلاين - تم المزامنة,5,,2026-09-14 08:38:10,2026-09-17 08:00:43,,,2026-09-14 08:38:10,SALE-1789375090224-5445,260914-2026-063,mobile,offline,,synced,2026-09-14 08:38:10,,2,7,SALE-1789375090224-5445
2310,2,1,1,69,271,10,4,1288,,,1,260914-2025-043,2026-09-14 00:00:00,08:39:59,1438.5,0,0,0,0,1438.5,1438.5,0,posted,فاتورة كاش اوفلاين - تم المزامنة,4,,2026-09-14 08:39:59,2026-09-17 07:09:07,,,2026-09-14 08:39:59,SALE-1789375198432-4930,260914-2025-043,mobile,offline,,synced,2026-09-14 08:39:59,,1,7,SALE-1789375198432-4930
2311,2,1,1,69,271,10,4,1266,,,1,260914-2025-044,2026-09-14 00:00:00,08:41:54,20139,0,0,0,0,20139,20139,0,posted,فاتورة كاش اوفلاين - تم المزامنة,4,,2026-09-14 08:41:54,2026-09-17 07:09:07,,,2026-09-14 08:41:54,SALE-1789375313405-8338,260914-2025-044,mobile,offline,,synced,2026-09-14 08:41:54,,1,7,SALE-1789375313405-8338
2312,2,1,1,70,270,16,5,1401,,,1,260914-2026-064,2026-09-14 00:00:00,08:42:05,9110.5,0,0,0,0,9110.5,9110.5,0,posted,فاتورة كاش اوفلاين - تم المزامنة,5,,2026-09-14 08:42:05,2026-09-17 08:00:43,,,2026-09-14 08:42:05,SALE-1789375325013-8011,260914-2026-064,mobile,offline,,synced,2026-09-14 08:42:05,,2,7,SALE-1789375325013-8011
2313,2,1,1,70,270,16,5,1349,,,1,260914-2026-065,2026-09-14 00:00:00,08:44:04,3356.5,0,0,0,0,3356.5,3356.5,0,posted,فاتورة كاش اوفلاين - تم المزامنة,5,,2026-09-14 08:44:04,2026-09-17 08:00:44,,,2026-09-14 08:44:04,SALE-1789375444032-5609,260914-2026-065,mobile,offline,,synced,2026-09-14 08:44:04,,2,7,SALE-1789375444032-5609
2314,2,1,1,70,270,14,5,1031,,,1,260914-2026-066,2026-09-14 00:00:00,08:45:34,9590,0,0,0,0,9590,9590,0,posted,فاتورة كاش اوفلاين - تم المزامنة,5,,2026-09-14 08:45:34,2026-09-17 08:00:44,,,2026-09-14 08:45:34,SALE-1789375533337-6125,260914-2026-066,mobile,offline,,synced,2026-09-14 08:45:34,,2,7,SALE-1789375533337-6125
2315,2,1,1,69,271,10,4,1251,,,1,260914-2025-045,2026-09-14 00:00:00,08:45:42,17741.5,0,0,0,0,17741.5,17741.5,0,posted,فاتورة كاش اوفلاين - تم المزامنة,4,,2026-09-14 08:45:42,2026-09-17 07:09:13,,,2026-09-14 08:45:42,SALE-1789375541720-8225,260914-2025-045,mobile,offline,,synced,2026-09-14 08:45:42,,1,,SALE-1789375541720-8225
2316,2,1,1,69,271,10,4,1254,,,1,260914-2025-046,2026-09-14 00:00:00,08:46:39,9590,0,0,0,0,9590,9590,0,posted,فاتورة كاش اوفلاين - تم المزامنة,4,,2026-09-14 08:46:39,2026-09-17 07:09:08,,,2026-09-14 08:46:39,SALE-1789375599083-9216,260914-2025-046,mobile,offline,,synced,2026-09-14 08:46:39,,1,7,SALE-1789375599083-9216
2317,2,1,1,69,271,10,4,1246,,,1,260914-2025-047,2026-09-14 00:00:00,08:47:39,20139,0,0,0,0,20139,20139,0,posted,فاتورة كاش اوفلاين - تم المزامنة,4,,2026-09-14 08:47:39,2026-09-17 07:09:08,,,2026-09-14 08:47:39,SALE-1789375658833-3241,260914-2025-047,mobile,offline,,synced,2026-09-14 08:47:39,,1,7,SALE-1789375658833-3241
2318,2,1,1,70,270,14,5,1038,,,1,260914-2026-067,2026-09-14 00:00:00,08:48:54,23975,0,0,0,0,23975,23975,0,posted,فاتورة كاش اوفلاين - تم المزامنة,5,,2026-09-14 08:48:54,2026-09-17 08:00:45,,,2026-09-14 08:48:54,SALE-1789375733833-7026,260914-2026-067,mobile,offline,,synced,2026-09-14 08:48:54,,2,7,SALE-1789375733833-7026
2319,2,1,1,70,270,16,5,1364,,,1,260914-2026-068,2026-09-14 00:00:00,08:50:13,1438.5,0,0,0,0,1438.5,1438.5,0,posted,فاتورة كاش اوفلاين - تم المزامنة,5,,2026-09-14 08:50:13,2026-09-17 08:00:45,,,2026-09-14 08:50:13,SALE-1789375812375-1839,260914-2026-068,mobile,offline,,synced,2026-09-14 08:50:13,,2,7,SALE-1789375812375-1839
2320,2,1,1,69,271,10,4,1245,,,1,260914-2025-048,2026-09-14 00:00:00,08:51:50,59937.5,0,0,0,0,59937.5,59937.5,0,posted,فاتورة كاش اوفلاين - تم المزامنة,4,,2026-09-14 08:51:50,2026-09-17 07:09:09,,,2026-09-14 08:51:50,SALE-1789375909407-5583,260914-2025-048,mobile,offline,,synced,2026-09-14 08:51:50,,1,7,SALE-1789375909407-5583
2321,2,1,1,70,270,16,5,1420,,,1,260914-2026-069,2026-09-14 00:00:00,08:52:14,6713,0,0,0,0,6713,6713,0,posted,فاتورة كاش اوفلاين - تم المزامنة,5,,2026-09-14 08:52:14,2026-09-17 08:00:46,,,2026-09-14 08:52:14,SALE-1789375933929-1158,260914-2026-069,mobile,offline,,synced,2026-09-14 08:52:14,,2,7,SALE-1789375933929-1158
2322,2,1,1,69,271,10,4,1299,,,1,260914-2025-049,2026-09-14 00:00:00,08:52:42,23975,0,0,0,0,23975,23975,0,posted,فاتورة كاش اوفلاين - تم المزامنة,4,,2026-09-14 08:52:42,2026-09-17 07:09:09,,,2026-09-14 08:52:42,SALE-1789375962143-5324,260914-2025-049,mobile,offline,,synced,2026-09-14 08:52:42,,1,7,SALE-1789375962143-5324
2323,2,1,1,70,270,16,5,1407,,,1,260914-2026-070,2026-09-14 00:00:00,08:53:56,31167.5,0,0,0,0,31167.5,31167.5,0,posted,فاتورة كاش اوفلاين - تم المزامنة,5,,2026-09-14 08:53:56,2026-09-17 08:00:47,,,2026-09-14 08:53:56,SALE-1789376035756-6363,260914-2026-070,mobile,offline,,synced,2026-09-14 08:53:56,,2,7,SALE-1789376035756-6363
2324,2,1,1,70,270,16,5,1378,,,1,260914-2026-071,2026-09-14 00:00:00,08:55:26,59937.5,0,0,0,0,59937.5,59937.5,0,posted,فاتورة كاش اوفلاين - تم المزامنة,5,,2026-09-14 08:55:26,2026-09-17 08:00:47,,,2026-09-14 08:55:26,SALE-1789376125979-8063,260914-2026-071,mobile,offline,,synced,2026-09-14 08:55:26,,2,7,SALE-1789376125979-8063
2325,2,1,1,70,270,16,5,1339,,,1,260914-2026-072,2026-09-14 00:00:00,09:01:42,11987.5,0,0,0,0,11987.5,11987.5,0,posted,فاتورة كاش اوفلاين - تم المزامنة,5,,2026-09-14 09:01:42,2026-09-17 08:00:48,,,2026-09-14 09:01:42,SALE-1789376502015-2278,260914-2026-072,mobile,offline,,synced,2026-09-14 09:01:42,,2,7,SALE-1789376502015-2278
2326,2,1,1,69,271,10,4,1287,,,1,260914-2025-050,2026-09-14 00:00:00,09:02:01,7192.5,0,0,0,0,7192.5,7192.5,0,posted,فاتورة كاش اوفلاين - تم المزامنة,4,,2026-09-14 09:02:01,2026-09-17 07:09:10,,,2026-09-14 09:02:01,SALE-1789376520351-9620,260914-2025-050,mobile,offline,,synced,2026-09-14 09:02:01,,1,7,SALE-1789376520351-9620
2327,2,1,1,70,270,16,5,1359,,,1,260914-2026-073,2026-09-14 00:00:00,09:02:49,4795,0,0,0,0,4795,4795,0,posted,فاتورة كاش اوفلاين - تم المزامنة,5,,2026-09-14 09:02:49,2026-09-17 08:00:48,,,2026-09-14 09:02:49,SALE-1789376569221-9017,260914-2026-073,mobile,offline,,synced,2026-09-14 09:02:49,,2,7,SALE-1789376569221-9017
2328,2,1,1,70,270,16,5,1405,,,1,260914-2026-074,2026-09-14 00:00:00,09:03:36,4795,0,0,0,0,4795,4795,0,posted,فاتورة كاش اوفلاين - تم المزامنة,5,,2026-09-14 09:03:36,2026-09-17 08:00:49,,,2026-09-14 09:03:36,SALE-1789376615749-1452,260914-2026-074,mobile,offline,,synced,2026-09-14 09:03:36,,2,7,SALE-1789376615749-1452
2329,2,1,1,69,271,10,4,1302,,,1,260914-2025-052,2026-09-14 00:00:00,09:04:01,23495.5,0,0,0,0,23495.5,23495.5,0,posted,فاتورة كاش اوفلاين - تم المزامنة,4,,2026-09-14 09:04:01,2026-09-17 07:09:11,,,2026-09-14 09:04:01,SALE-1789376640877-5166,260914-2025-052,mobile,offline,,synced,2026-09-14 09:04:01,,1,7,SALE-1789376640877-5166
2330,2,1,1,70,270,16,5,1409,,,1,260914-2026-075,2026-09-14 00:00:00,09:05:08,7192.5,0,0,0,0,7192.5,7192.5,0,posted,فاتورة كاش اوفلاين - تم المزامنة,5,,2026-09-14 09:05:08,2026-09-17 08:00:49,,,2026-09-14 09:05:08,SALE-1789376707541-2882,260914-2026-075,mobile,offline,,synced,2026-09-14 09:05:08,,2,7,SALE-1789376707541-2882
2331,2,1,1,70,270,16,5,1410,,,1,260914-2026-076,2026-09-14 00:00:00,09:06:59,23975,0,0,0,0,23975,23975,0,posted,فاتورة كاش اوفلاين - تم المزامنة,5,,2026-09-14 09:06:59,2026-09-17 08:00:50,,,2026-09-14 09:06:59,SALE-1789376818936-8291,260914-2026-076,mobile,offline,,synced,2026-09-14 09:06:59,,2,7,SALE-1789376818936-8291
2332,2,1,1,70,270,14,5,1069,,,1,260914-2026-077,2026-09-14 00:00:00,09:09:29,26372.5,0,0,0,0,26372.5,26372.5,0,posted,فاتورة كاش اوفلاين - تم المزامنة,5,,2026-09-14 09:09:29,2026-09-17 08:00:50,,,2026-09-14 09:09:29,SALE-1789376969192-7914,260914-2026-077,mobile,offline,,synced,2026-09-14 09:09:29,,2,7,SALE-1789376969192-7914
2333,2,1,1,70,270,16,5,1370,,,1,260914-2026-078,2026-09-14 00:00:00,09:13:40,4315.5,0,0,0,0,4315.5,4315.5,0,posted,فاتورة كاش اوفلاين - تم المزامنة,5,,2026-09-14 09:13:40,2026-09-17 08:00:51,,,2026-09-14 09:13:40,SALE-1789377219792-9711,260914-2026-078,mobile,offline,,synced,2026-09-14 09:13:40,,2,7,SALE-1789377219792-9711
2334,2,1,1,70,270,14,5,1040,,,1,260914-2026-079,2026-09-14 00:00:00,09:14:08,9590,0,0,0,0,9590,9590,0,posted,فاتورة كاش اوفلاين - تم المزامنة,5,,2026-09-14 09:14:08,2026-09-14 09:14:08,,,2026-09-14 09:14:08,SALE-1789377248144-1973,260914-2026-079,mobile,offline,,synced,2026-09-14 09:14:08,,2,7,SALE-1789377248144-1973
2335,2,1,1,70,270,14,5,1030,,,1,260914-2026-080,2026-09-14 00:00:00,09:15:36,11987.5,0,0,0,0,11987.5,11987.5,0,posted,فاتورة كاش اوفلاين - تم المزامنة,5,,2026-09-14 09:15:36,2026-09-17 08:00:52,,,2026-09-14 09:15:36,SALE-1789377336018-2857,260914-2026-080,mobile,offline,,synced,2026-09-14 09:15:36,,2,7,SALE-1789377336018-2857
2336,2,1,1,70,270,16,5,1392,,,1,260914-2026-081,2026-09-14 00:00:00,09:17:33,4795,0,0,0,0,4795,4795,0,posted,فاتورة كاش اوفلاين - تم المزامنة,5,,2026-09-14 09:17:33,2026-09-17 08:00:52,,,2026-09-14 09:17:33,SALE-1789377452490-8233,260914-2026-081,mobile,offline,,synced,2026-09-14 09:17:33,,2,7,SALE-1789377452490-8233
2337,2,1,1,70,270,16,5,1411,,,1,260914-2026-082,2026-09-14 00:00:00,09:18:34,4795,0,0,0,0,4795,4795,0,posted,فاتورة كاش اوفلاين - تم المزامنة,5,,2026-09-14 09:18:34,2026-09-17 08:00:53,,,2026-09-14 09:18:34,SALE-1789377513594-4247,260914-2026-082,mobile,offline,,synced,2026-09-14 09:18:34,,2,7,SALE-1789377513594-4247
2338,2,1,1,69,271,10,4,1276,,,1,260914-2025-053,2026-09-14 00:00:00,09:19:34,119875,0,0,0,0,119875,119875,0,posted,فاتورة كاش اوفلاين - تم المزامنة,4,,2026-09-14 09:19:34,2026-09-17 07:09:11,,,2026-09-14 09:19:34,SALE-1789377573469-3411,260914-2025-053,mobile,offline,,synced,2026-09-14 09:19:34,,1,,SALE-1789377573469-3411
2339,2,1,1,70,270,16,5,1391,,,1,260914-2026-084,2026-09-14 00:00:00,09:23:20,2877,0,0,0,0,2877,2877,0,posted,فاتورة كاش اوفلاين - تم المزامنة,5,,2026-09-14 09:23:20,2026-09-17 08:00:54,,,2026-09-14 09:23:20,SALE-1789377799438-2890,260914-2026-084,mobile,offline,,synced,2026-09-14 09:23:20,,2,7,SALE-1789377799438-2890
2340,2,1,1,70,270,13,5,1154,,,1,260914-2026-085,2026-09-14 00:00:00,09:24:15,131862.5,0,0,0,0,131862.5,131862.5,0,posted,فاتورة كاش اوفلاين - تم المزامنة,5,,2026-09-14 09:24:15,2026-09-17 08:00:54,,,2026-09-14 09:24:15,SALE-1789377855111-9162,260914-2026-085,mobile,offline,,synced,2026-09-14 09:24:15,,2,7,SALE-1789377855111-9162
2341,2,1,1,70,270,14,5,1057,,,1,260914-2026-086,2026-09-14 00:00:00,09:25:03,3356.5,0,0,0,0,3356.5,3356.5,0,posted,فاتورة كاش اوفلاين - تم المزامنة,5,,2026-09-14 09:25:03,2026-09-17 08:00:55,,,2026-09-14 09:25:03,SALE-1789377902488-3370,260914-2026-086,mobile,offline,,synced,2026-09-14 09:25:03,,2,7,SALE-1789377902488-3370
2342,2,1,1,70,270,14,5,1041,,,1,260914-2026-087,2026-09-14 00:00:00,09:25:51,11987.5,0,0,0,0,11987.5,11987.5,0,posted,فاتورة كاش اوفلاين - تم المزامنة,5,,2026-09-14 09:25:51,2026-09-17 08:00:55,,,2026-09-14 09:25:51,SALE-1789377950580-2657,260914-2026-087,mobile,offline,,synced,2026-09-14 09:25:51,,2,7,SALE-1789377950580-2657
2343,2,1,1,69,271,10,4,1304,,,1,260914-2025-054,2026-09-14 00:00:00,09:28:11,4795,0,0,0,0,4795,4795,0,posted,فاتورة كاش اوفلاين - تم المزامنة,4,,2026-09-14 09:28:11,2026-09-17 07:09:12,,,2026-09-14 09:28:11,SALE-1789378090340-1768,260914-2025-054,mobile,offline,,synced,2026-09-14 09:28:11,,1,7,SALE-1789378090340-1768
2344,2,1,1,70,270,16,5,1386,,,1,260914-2026-088,2026-09-14 00:00:00,09:34:59,7192.5,0,0,0,0,7192.5,7192.5,0,posted,فاتورة كاش اوفلاين - تم المزامنة,5,,2026-09-14 09:34:59,2026-09-17 08:00:56,,,2026-09-14 09:34:59,SALE-1789378498787-8834,260914-2026-088,mobile,offline,,synced,2026-09-14 09:34:59,,2,7,SALE-1789378498787-8834
2345,2,1,1,69,271,10,4,1283,,,1,260914-2025-055,2026-09-14 00:00:00,09:36:43,23975,0,0,0,0,23975,23975,0,posted,فاتورة كاش اوفلاين - تم المزامنة,4,,2026-09-14 09:36:43,2026-09-17 07:09:12,,,2026-09-14 09:36:43,SALE-1789378602865-1270,260914-2025-055,mobile,offline,,synced,2026-09-14 09:36:43,,1,7,SALE-1789378602865-1270
2346,2,1,1,69,271,10,4,1262,,,1,260914-2025-057,2026-09-14 00:00:00,09:39:22,119875,0,0,0,0,119875,119875,0,posted,فاتورة كاش اوفلاين - تم المزامنة,4,,2026-09-14 09:39:22,2026-09-17 07:09:14,,,2026-09-14 09:39:22,SALE-1789378762125-6224,260914-2025-057,mobile,offline,,synced,2026-09-14 09:39:22,,1,,SALE-1789378762125-6224
2347,2,1,1,70,270,16,5,1350,,,1,260914-2026-089,2026-09-14 00:00:00,09:39:43,2877,0,0,0,0,2877,2877,0,posted,فاتورة كاش اوفلاين - تم المزامنة,5,,2026-09-14 09:39:43,2026-09-17 08:00:56,,,2026-09-14 09:39:43,SALE-1789378782893-5150,260914-2026-089,mobile,offline,,synced,2026-09-14 09:39:43,,2,7,SALE-1789378782893-5150
2348,2,1,1,69,271,10,4,1275,,,1,260914-2025-058,2026-09-14 00:00:00,09:41:35,23975,0,0,0,0,23975,23975,0,posted,فاتورة كاش اوفلاين - تم المزامنة,4,,2026-09-14 09:41:35,2026-09-17 07:09:13,,,2026-09-14 09:41:35,SALE-1789378894553-3664,260914-2025-058,mobile,offline,,synced,2026-09-14 09:41:35,,1,7,SALE-1789378894553-3664
2349,2,1,1,70,270,13,5,1123,,,1,260914-2026-090,2026-09-14 00:00:00,09:42:30,47950,0,0,0,0,47950,47950,0,posted,فاتورة كاش اوفلاين - تم المزامنة,5,,2026-09-14 09:42:30,2026-09-14 09:42:30,,,2026-09-14 09:42:30,SALE-1789378950042-3339,260914-2026-090,mobile,offline,,synced,2026-09-14 09:42:30,,2,7,SALE-1789378950042-3339
2350,2,1,1,70,270,15,5,790,,,1,260914-2026-091,2026-09-14 00:00:00,09:45:20,23975,0,0,0,0,23975,23975,0,posted,فاتورة كاش اوفلاين - تم المزامنة,5,,2026-09-14 09:45:20,2026-09-17 08:00:57,,,2026-09-14 09:45:20,SALE-1789379119910-9346,260914-2026-091,mobile,offline,,synced,2026-09-14 09:45:20,,2,7,SALE-1789379119910-9346
2351,2,1,1,70,270,16,5,1371,,,1,260914-2026-092,2026-09-14 00:00:00,09:48:35,14385,0,0,0,0,14385,14385,0,posted,فاتورة كاش اوفلاين - تم المزامنة,5,,2026-09-14 09:48:35,2026-09-17 08:00:58,,,2026-09-14 09:48:35,SALE-1789379314157-6692,260914-2026-092,mobile,offline,,synced,2026-09-14 09:48:35,,2,7,SALE-1789379314157-6692
2352,2,1,1,70,270,16,5,1338,,,1,260914-2026-093,2026-09-14 00:00:00,09:49:58,4795,0,0,0,0,4795,4795,0,posted,فاتورة كاش اوفلاين - تم المزامنة,5,,2026-09-14 09:49:58,2026-09-17 08:00:59,,,2026-09-14 09:49:58,SALE-1789379397375-4633,260914-2026-093,mobile,offline,,synced,2026-09-14 09:49:58,,2,7,SALE-1789379397375-4633
2353,2,1,1,70,270,16,5,1400,,,1,260914-2026-094,2026-09-14 00:00:00,09:51:32,47950,0,0,0,0,47950,47950,0,posted,فاتورة كاش اوفلاين - تم المزامنة,5,,2026-09-14 09:51:32,2026-09-17 08:00:59,,,2026-09-14 09:51:32,SALE-1789379491483-770,260914-2026-094,mobile,offline,,synced,2026-09-14 09:51:32,,2,7,SALE-1789379491483-770
2354,2,1,1,69,271,10,4,1293,,,1,260914-2025-059,2026-09-14 00:00:00,09:51:39,23975,0,0,0,0,23975,23975,0,posted,فاتورة كاش اوفلاين - تم المزامنة,4,,2026-09-14 09:51:39,2026-09-17 07:09:14,,,2026-09-14 09:51:39,SALE-1789379498196-6018,260914-2025-059,mobile,offline,,synced,2026-09-14 09:51:39,,1,7,SALE-1789379498196-6018
2355,2,1,1,70,270,16,5,1383,,,1,260914-2026-095,2026-09-14 00:00:00,09:56:41,47950,0,0,0,0,47950,47950,0,posted,فاتورة كاش اوفلاين - تم المزامنة,5,,2026-09-14 09:56:41,2026-09-17 08:01:00,,,2026-09-14 09:56:41,SALE-1789379801155-4825,260914-2026-095,mobile,offline,,synced,2026-09-14 09:56:41,,2,,SALE-1789379801155-4825
2356,2,1,1,70,270,14,5,1480,,,1,260914-2026-096,2026-09-14 00:00:00,10:06:35,10069.5,0,0,0,0,10069.5,10069.5,0,posted,فاتورة كاش اوفلاين - تم المزامنة,5,,2026-09-14 10:06:35,2026-09-17 08:01:00,,,2026-09-14 10:06:35,SALE-1789380394483-1513,260914-2026-096,mobile,offline,,synced,2026-09-14 10:06:35,,2,8,SALE-1789380394483-1513
2357,2,1,1,70,270,16,5,1390,,,1,260914-2026-097,2026-09-14 00:00:00,10:09:05,1438.5,0,0,0,0,1438.5,1438.5,0,posted,فاتورة كاش اوفلاين - تم المزامنة,5,,2026-09-14 10:09:05,2026-09-17 08:01:01,,,2026-09-14 10:09:05,SALE-1789380544910-267,260914-2026-097,mobile,offline,,synced,2026-09-14 10:09:05,,2,7,SALE-1789380544910-267
2358,2,1,1,70,270,14,5,1025,,,1,260914-2026-098,2026-09-14 00:00:00,10:10:23,38360,0,0,0,0,38360,38360,0,posted,فاتورة كاش اوفلاين - تم المزامنة,5,,2026-09-14 10:10:23,2026-09-17 08:01:01,,,2026-09-14 10:10:23,SALE-1789380623064-7215,260914-2026-098,mobile,offline,,synced,2026-09-14 10:10:23,,2,7,SALE-1789380623064-7215
2359,2,1,1,70,270,16,5,1394,,,1,260914-2026-099,2026-09-14 00:00:00,10:23:26,9110.5,0,0,0,0,9110.5,9110.5,0,posted,فاتورة كاش اوفلاين - تم المزامنة,5,,2026-09-14 10:23:26,2026-09-17 08:01:02,,,2026-09-14 10:23:26,SALE-1789381405526-6445,260914-2026-099,mobile,offline,,synced,2026-09-14 10:23:26,,2,7,SALE-1789381405526-6445
2360,2,1,1,70,270,14,5,1064,,,1,260914-2026-100,2026-09-14 00:00:00,10:30:47,47950,0,0,0,0,47950,47950,0,posted,فاتورة كاش اوفلاين - تم المزامنة,5,,2026-09-14 10:30:47,2026-09-17 08:01:03,,,2026-09-14 10:30:47,SALE-1789381846978-513,260914-2026-100,mobile,offline,,synced,2026-09-14 10:30:47,,2,7,SALE-1789381846978-513
2361,2,1,1,70,270,16,5,1480,,,1,260914-2026-101,2026-09-14 00:00:00,10:34:05,23975,0,0,0,0,23975,23975,0,posted,فاتورة كاش اوفلاين - تم المزامنة,5,,2026-09-14 10:34:05,2026-09-17 08:01:42,,,2026-09-14 10:34:05,SALE-1789382044792-5485,260914-2026-101,mobile,offline,,synced,2026-09-14 10:34:05,,2,8,SALE-1789382044792-5485
2362,2,1,1,70,270,14,5,1059,,,1,260914-2026-102,2026-09-14 00:00:00,10:36:52,71925,0,0,0,0,71925,71925,0,posted,فاتورة كاش اوفلاين - تم المزامنة,5,,2026-09-14 10:36:52,2026-09-17 08:01:42,,,2026-09-14 10:36:52,SALE-1789382211770-1397,260914-2026-102,mobile,offline,,synced,2026-09-14 10:36:52,,2,7,SALE-1789382211770-1397
2363,2,1,1,70,270,16,5,1367,,,1,260914-2026-103,2026-09-14 00:00:00,15:08:43,28770,0,0,0,0,28770,28770,0,posted,فاتورة كاش اوفلاين - تم المزامنة,5,,2026-09-14 15:08:43,2026-09-17 08:01:43,,,2026-09-14 15:08:43,SALE-1789382371164-4694,260914-2026-103,mobile,offline,,synced,2026-09-14 15:08:43,,2,7,SALE-1789382371164-4694
2364,2,1,1,70,270,16,5,1389,,,1,260914-2026-104,2026-09-14 00:00:00,15:08:44,47950,0,0,0,0,47950,47950,0,posted,فاتورة كاش اوفلاين - تم المزامنة,5,,2026-09-14 15:08:44,2026-09-17 08:01:43,,,2026-09-14 15:08:44,SALE-1789382560489-3200,260914-2026-104,mobile,offline,,synced,2026-09-14 15:08:44,,2,7,SALE-1789382560489-3200
2365,2,1,1,70,270,14,5,1037,,,1,260914-2026-105,2026-09-14 00:00:00,15:08:44,7192.5,0,0,0,0,7192.5,7192.5,0,posted,فاتورة كاش اوفلاين - تم المزامنة,5,,2026-09-14 15:08:44,2026-09-17 08:01:44,,,2026-09-14 15:08:44,SALE-1789382781468-2403,260914-2026-105,mobile,offline,,synced,2026-09-14 15:08:44,,2,7,SALE-1789382781468-2403
2366,2,1,1,70,270,14,5,1043,,,1,260914-2026-106,2026-09-14 00:00:00,15:08:45,2397.5,0,0,0,0,2397.5,2397.5,0,posted,فاتورة كاش اوفلاين - تم المزامنة,5,,2026-09-14 15:08:45,2026-09-17 08:01:45,,,2026-09-14 15:08:45,SALE-1789382804724-4449,260914-2026-106,mobile,offline,,synced,2026-09-14 15:08:45,,2,7,SALE-1789382804724-4449
2367,2,1,1,70,270,16,5,1398,,,1,260914-2026-107,2026-09-14 00:00:00,15:08:46,2397.5,0,0,0,0,2397.5,2397.5,0,posted,فاتورة كاش اوفلاين - تم المزامنة,5,,2026-09-14 15:08:46,2026-09-17 08:01:45,,,2026-09-14 15:08:46,SALE-1789383787573-9425,260914-2026-107,mobile,offline,,synced,2026-09-14 15:08:46,,2,7,SALE-1789383787573-9425
2368,2,1,1,70,270,16,5,1387,,,1,260914-2026-108,2026-09-14 00:00:00,15:08:47,23975,0,0,0,0,23975,23975,0,posted,فاتورة كاش اوفلاين - تم المزامنة,5,,2026-09-14 15:08:47,2026-09-17 08:01:46,,,2026-09-14 15:08:47,SALE-1789384439268-1944,260914-2026-108,mobile,offline,,synced,2026-09-14 15:08:47,,2,7,SALE-1789384439268-1944
2369,2,1,1,70,270,16,5,1433,,,1,260914-2026-109,2026-09-14 00:00:00,15:08:48,1918,0,0,0,0,1918,1918,0,posted,فاتورة كاش اوفلاين - تم المزامنة,5,,2026-09-14 15:08:48,2026-09-17 08:01:46,,,2026-09-14 15:08:48,SALE-1789384557865-8502,260914-2026-109,mobile,offline,,synced,2026-09-14 15:08:48,,2,7,SALE-1789384557865-8502
2370,2,1,1,70,270,15,5,787,,,1,260914-2026-110,2026-09-14 00:00:00,15:08:48,47950,0,0,0,0,47950,47950,0,posted,فاتورة كاش اوفلاين - تم المزامنة,5,,2026-09-14 15:08:48,2026-09-17 08:01:47,,,2026-09-14 15:08:48,SALE-1789384756020-6586,260914-2026-110,mobile,offline,,synced,2026-09-14 15:08:48,,2,7,SALE-1789384756020-6586
2371,2,1,1,70,270,16,5,1466,,,1,260914-2026-111,2026-09-14 00:00:00,15:08:49,10069.5,0,0,0,0,10069.5,10069.5,0,posted,فاتورة كاش اوفلاين - تم المزامنة,5,,2026-09-14 15:08:49,2026-09-17 08:01:47,,,2026-09-14 15:08:49,SALE-1789384844703-8248,260914-2026-111,mobile,offline,,synced,2026-09-14 15:08:49,,2,7,SALE-1789384844703-8248
2372,2,1,1,70,270,15,5,781,,,1,260914-2026-112,2026-09-14 00:00:00,15:08:50,359625,0,0,0,0,359625,359625,0,posted,فاتورة كاش اوفلاين - تم المزامنة,5,,2026-09-14 15:08:50,2026-09-17 08:01:48,,,2026-09-14 15:08:50,SALE-1789385133657-7044,260914-2026-112,mobile,offline,,synced,2026-09-14 15:08:50,,2,7,SALE-1789385133657-7044
2373,2,1,1,70,270,16,5,1374,,,1,260914-2026-113,2026-09-14 00:00:00,15:08:51,11987.5,0,0,0,0,11987.5,11987.5,0,posted,فاتورة كاش اوفلاين - تم المزامنة,5,,2026-09-14 15:08:51,2026-09-17 08:01:48,,,2026-09-14 15:08:51,SALE-1789385367975-8956,260914-2026-113,mobile,offline,,synced,2026-09-14 15:08:51,,2,7,SALE-1789385367975-8956
2374,2,1,1,70,270,14,5,1050,,,1,260914-2026-114,2026-09-14 00:00:00,15:08:52,23975,0,0,0,0,23975,23975,0,posted,فاتورة كاش اوفلاين - تم المزامنة,5,,2026-09-14 15:08:52,2026-09-17 08:01:49,,,2026-09-14 15:08:52,SALE-1789385826843-7254,260914-2026-114,mobile,offline,,synced,2026-09-14 15:08:52,,2,7,SALE-1789385826843-7254
2375,2,1,1,,,,,697,,,1,SA-00029,2026-09-14 00:00:00,15:35:24,226803.5,0,0,0,0,260824.025,0,260824.025,approved,Ø£Ù…Ø± Ø¨ÙŠØ¹ Ù…Ù† Ø§ØºÙ„Ø§Ù‚ Ø§Ù„Ø¥Ø°Ù† RO-00030,2,2,2026-09-14 15:35:24,2026-09-15 18:24:24,2026-09-17 17:14:07,,,,,desktop,,,synced,,,,,
2376,2,1,1,,,,,697,,,1,SA-00030,2026-09-14 00:00:00,15:35:34,795970,0,0,0,0,915365.5,0,915365.5,approved,Ø£Ù…Ø± Ø¨ÙŠØ¹ Ù…Ù† Ø§ØºÙ„Ø§Ù‚ Ø§Ù„Ø¥Ø°Ù† RO-00031,2,2,2026-09-14 15:35:34,2026-09-15 18:24:24,2026-09-17 17:14:07,,,,,desktop,,,synced,,,,,
2377,2,1,1,71,272,18,4,833,,,1,260915-2025-002,2026-09-15 00:00:00,06:57:48,7192.5,0,0,0,0,7192.5,7192.5,0,posted,فاتورة كاش اوفلاين - تم المزامنة,4,,2026-09-15 06:57:48,2026-09-17 07:09:15,,,2026-09-15 06:57:48,SALE-1789455157614-1562,260915-2025-002,mobile,offline,,synced,2026-09-15 06:57:48,,3,7,SALE-1789455157614-1562
2378,2,1,1,71,272,18,4,697,,,1,260915-2025-003,2026-09-15 00:00:00,06:57:49,4795,0,0,0,0,4795,4795,0,posted,فاتورة كاش اوفلاين - تم المزامنة,4,,2026-09-15 06:57:49,2026-09-17 07:09:15,,,2026-09-15 06:57:49,SALE-1789455321875-8241,260915-2025-003,mobile,offline,,synced,2026-09-15 06:57:49,,3,8,SALE-1789455321875-8241
2379,2,1,1,71,272,18,4,932,,,1,260915-2025-004,2026-09-15 00:00:00,06:57:52,47950,0,0,0,0,47950,47950,0,posted,فاتورة كاش اوفلاين - تم المزامنة,4,,2026-09-15 06:57:52,2026-09-17 07:09:16,,,2026-09-15 06:57:52,SALE-1789455446368-4086,260915-2025-004,mobile,offline,,synced,2026-09-15 06:57:52,,3,7,SALE-1789455446368-4086
2380,2,1,1,71,272,18,4,697,,,1,260915-2025-005,2026-09-15 00:00:00,07:13:10,5274.5,0,0,0,0,5274.5,5274.5,0,posted,فاتورة كاش اوفلاين - تم المزامنة,4,,2026-09-15 07:13:10,2026-09-17 07:09:16,,,2026-09-15 07:13:10,SALE-1789456211692-6267,260915-2025-005,mobile,offline,,synced,2026-09-15 07:13:10,,3,8,SALE-1789456211692-6267
2381,2,1,1,71,272,18,4,945,,,1,260915-2025-006,2026-09-15 00:00:00,07:13:11,4795,0,0,0,0,4795,4795,0,posted,فاتورة كاش اوفلاين - تم المزامنة,4,,2026-09-15 07:13:11,2026-09-17 07:09:17,,,2026-09-15 07:13:11,SALE-1789456390286-3506,260915-2025-006,mobile,offline,,synced,2026-09-15 07:13:11,,3,7,SALE-1789456390286-3506
2382,2,1,1,71,272,18,4,845,,,1,260915-2025-007,2026-09-15 00:00:00,07:19:52,1918,0,0,0,0,1918,1918,0,posted,فاتورة كاش اوفلاين - تم المزامنة,4,,2026-09-15 07:19:52,2026-09-17 07:09:17,,,2026-09-15 07:19:52,SALE-1789456413644-7806,260915-2025-007,mobile,offline,,synced,2026-09-15 07:19:52,,3,7,SALE-1789456413644-7806
2383,2,1,1,71,272,18,4,862,,,1,260915-2025-008,2026-09-15 00:00:00,07:22:00,23975,0,0,0,0,23975,23975,0,posted,فاتورة كاش اوفلاين - تم المزامنة,4,,2026-09-15 07:22:00,2026-09-17 07:09:18,,,2026-09-15 07:22:00,SALE-1789456919506-1656,260915-2025-008,mobile,offline,,synced,2026-09-15 07:22:00,,3,7,SALE-1789456919506-1656
2384,2,1,1,71,272,18,4,954,,,1,260915-2025-009,2026-09-15 00:00:00,07:24:45,31167.5,0,0,0,0,31167.5,31167.5,0,posted,فاتورة كاش اوفلاين - تم المزامنة,4,,2026-09-15 07:24:45,2026-09-17 07:09:19,,,2026-09-15 07:24:45,SALE-1789457085178-5821,260915-2025-009,mobile,offline,,synced,2026-09-15 07:24:45,,3,7,SALE-1789457085178-5821
2385,2,1,1,71,272,18,4,857,,,1,260915-2025-010,2026-09-15 00:00:00,07:29:25,5274.5,0,0,0,0,5274.5,5274.5,0,posted,فاتورة كاش اوفلاين - تم المزامنة,4,,2026-09-15 07:29:25,2026-09-17 07:09:20,,,2026-09-15 07:29:25,SALE-1789457364985-4961,260915-2025-010,mobile,offline,,synced,2026-09-15 07:29:25,,3,7,SALE-1789457364985-4961
2386,2,1,1,71,272,18,4,848,,,1,260915-2025-011,2026-09-15 00:00:00,07:31:21,15344,0,0,0,0,15344,15344,0,posted,فاتورة كاش اوفلاين - تم المزامنة,4,,2026-09-15 07:31:21,2026-09-17 07:09:20,,,2026-09-15 07:31:21,SALE-1789457481278-2590,260915-2025-011,mobile,offline,,synced,2026-09-15 07:31:21,,3,7,SALE-1789457481278-2590
2387,2,1,1,72,273,18,5,861,,,1,260915-2026-001,2026-09-15 00:00:00,07:36:06,47950,0,0,0,0,47950,47950,0,posted,فاتورة كاش اوفلاين - تم المزامنة,5,,2026-09-15 07:36:06,2026-09-15 07:36:06,,,2026-09-15 07:36:06,SALE-1789455327068-6041,260915-2026-001,mobile,offline,,synced,2026-09-15 07:36:06,,3,7,SALE-1789455327068-6041
2388,2,1,1,72,273,18,5,863,,,1,260915-2026-002,2026-09-15 00:00:00,07:36:07,7192.5,0,0,0,0,7192.5,7192.5,0,posted,فاتورة كاش اوفلاين - تم المزامنة,5,,2026-09-15 07:36:07,2026-09-17 08:01:50,,,2026-09-15 07:36:07,SALE-1789456168448-4572,260915-2026-002,mobile,offline,,synced,2026-09-15 07:36:07,,3,7,SALE-1789456168448-4572
2389,2,1,1,72,273,18,5,817,,,1,260915-2026-003,2026-09-15 00:00:00,07:36:08,47950,0,0,0,0,47950,47950,0,posted,فاتورة كاش اوفلاين - تم المزامنة,5,,2026-09-15 07:36:08,2026-09-17 08:01:51,,,2026-09-15 07:36:08,SALE-1789456397137-4302,260915-2026-003,mobile,offline,,synced,2026-09-15 07:36:08,,3,7,SALE-1789456397137-4302
2390,2,1,1,72,273,18,5,1480,,,1,260915-2026-004,2026-09-15 00:00:00,07:36:08,9590,0,0,0,0,9590,9590,0,posted,فاتورة كاش اوفلاين - تم المزامنة,5,,2026-09-15 07:36:08,2026-09-17 08:01:51,,,2026-09-15 07:36:08,SALE-1789456818696-5787,260915-2026-004,mobile,offline,,synced,2026-09-15 07:36:08,,3,8,SALE-1789456818696-5787
2391,2,1,1,72,273,18,5,979,,,1,260915-2026-005,2026-09-15 00:00:00,07:36:21,35962.5,0,0,0,0,35962.5,35962.5,0,posted,فاتورة كاش اوفلاين - تم المزامنة,5,,2026-09-15 07:36:21,2026-09-17 08:01:52,,,2026-09-15 07:36:21,SALE-1789457780329-5800,260915-2026-005,mobile,offline,,synced,2026-09-15 07:36:21,,3,7,SALE-1789457780329-5800
2392,2,1,1,71,272,18,4,977,,,1,260915-2025-013,2026-09-15 00:00:00,07:36:58,28770,0,0,0,0,28770,28770,0,posted,فاتورة كاش اوفلاين - تم المزامنة,4,,2026-09-15 07:36:58,2026-09-17 07:09:21,,,2026-09-15 07:36:58,SALE-1789457817958-5857,260915-2025-013,mobile,offline,,synced,2026-09-15 07:36:58,,3,7,SALE-1789457817958-5857
2393,2,1,1,72,273,18,5,921,,,1,260915-2026-006,2026-09-15 00:00:00,07:38:09,30688,0,0,0,0,30688,30688,0,posted,فاتورة كاش اوفلاين - تم المزامنة,5,,2026-09-15 07:38:09,2026-09-17 08:01:53,,,2026-09-15 07:38:09,SALE-1789457888754-1984,260915-2026-006,mobile,offline,,synced,2026-09-15 07:38:09,,3,7,SALE-1789457888754-1984
2394,2,1,1,72,273,18,5,985,,,1,260915-2026-007,2026-09-15 00:00:00,07:52:09,10069.5,0,0,0,0,10069.5,10069.5,0,posted,فاتورة كاش اوفلاين - تم المزامنة,5,,2026-09-15 07:52:09,2026-09-17 08:01:53,,,2026-09-15 07:52:09,SALE-1789458728341-8134,260915-2026-007,mobile,offline,,synced,2026-09-15 07:52:09,,3,7,SALE-1789458728341-8134
2395,2,1,1,71,272,18,4,969,,,1,260915-2025-014,2026-09-15 00:00:00,07:52:54,14385,0,0,0,0,14385,14385,0,posted,فاتورة كاش اوفلاين - تم المزامنة,4,,2026-09-15 07:52:54,2026-09-17 07:09:21,,,2026-09-15 07:52:54,SALE-1789458773803-2972,260915-2025-014,mobile,offline,,synced,2026-09-15 07:52:54,,3,7,SALE-1789458773803-2972
2396,2,1,1,71,272,18,4,952,,,1,260915-2025-015,2026-09-15 00:00:00,07:53:43,9590,0,0,0,0,9590,9590,0,posted,فاتورة كاش اوفلاين - تم المزامنة,4,,2026-09-15 07:53:43,2026-09-17 07:09:22,,,2026-09-15 07:53:43,SALE-1789458822355-3713,260915-2025-015,mobile,offline,,synced,2026-09-15 07:53:43,,3,7,SALE-1789458822355-3713
2397,2,1,1,71,272,18,4,914,,,1,260915-2025-016,2026-09-15 00:00:00,07:59:41,19180,0,0,0,0,19180,19180,0,posted,فاتورة كاش اوفلاين - تم المزامنة,4,,2026-09-15 07:59:41,2026-09-17 07:09:23,,,2026-09-15 07:59:41,SALE-1789459180455-6917,260915-2025-016,mobile,offline,,synced,2026-09-15 07:59:41,,3,7,SALE-1789459180455-6917
2398,2,1,1,71,272,18,4,961,,,1,260915-2025-017,2026-09-15 00:00:00,08:03:27,50347.5,0,0,0,0,50347.5,50347.5,0,posted,فاتورة كاش اوفلاين - تم المزامنة,4,,2026-09-15 08:03:27,2026-09-17 07:09:23,,,2026-09-15 08:03:27,SALE-1789459407289-8384,260915-2025-017,mobile,offline,,synced,2026-09-15 08:03:27,,3,7,SALE-1789459407289-8384
2399,2,1,1,71,272,18,4,878,,,1,260915-2025-018,2026-09-15 00:00:00,08:05:09,11987.5,0,0,0,0,11987.5,11987.5,0,posted,فاتورة كاش اوفلاين - تم المزامنة,4,,2026-09-15 08:05:09,2026-09-17 07:09:24,,,2026-09-15 08:05:09,SALE-1789459508990-4503,260915-2025-018,mobile,offline,,synced,2026-09-15 08:05:09,,3,7,SALE-1789459508990-4503
2400,2,1,1,72,273,18,5,966,,,1,260915-2026-008,2026-09-15 00:00:00,08:05:29,23975,0,0,0,0,23975,23975,0,posted,فاتورة كاش اوفلاين - تم المزامنة,5,,2026-09-15 08:05:29,2026-09-17 08:01:54,,,2026-09-15 08:05:29,SALE-1789459528543-6478,260915-2026-008,mobile,offline,,synced,2026-09-15 08:05:29,,3,7,SALE-1789459528543-6478
2401,2,1,1,72,273,18,5,964,,,1,260915-2026-009,2026-09-15 00:00:00,08:14:43,23975,0,0,0,0,23975,23975,0,posted,فاتورة كاش اوفلاين - تم المزامنة,5,,2026-09-15 08:14:43,2026-09-17 08:01:55,,,2026-09-15 08:14:43,SALE-1789460082743-6579,260915-2026-009,mobile,offline,,synced,2026-09-15 08:14:43,,3,7,SALE-1789460082743-6579
2402,2,1,1,72,273,18,5,905,,,1,260915-2026-010,2026-09-15 00:00:00,08:16:44,47950,0,0,0,0,47950,47950,0,posted,فاتورة كاش اوفلاين - تم المزامنة,5,,2026-09-15 08:16:44,2026-09-17 08:01:55,,,2026-09-15 08:16:44,SALE-1789460203653-2537,260915-2026-010,mobile,offline,,synced,2026-09-15 08:16:44,,3,7,SALE-1789460203653-2537
2403,2,1,1,71,272,18,4,874,,,1,260915-2025-019,2026-09-15 00:00:00,08:19:05,9590,0,0,0,0,9590,9590,0,posted,فاتورة كاش اوفلاين - تم المزامنة,4,,2026-09-15 08:19:05,2026-09-17 07:09:24,,,2026-09-15 08:19:05,SALE-1789460344539-9069,260915-2025-019,mobile,offline,,synced,2026-09-15 08:19:05,,3,7,SALE-1789460344539-9069
2404,2,1,1,71,272,18,4,824,,,1,260915-2025-020,2026-09-15 00:00:00,08:20:59,14864.5,0,0,0,0,14864.5,14864.5,0,posted,فاتورة كاش اوفلاين - تم المزامنة,4,,2026-09-15 08:20:59,2026-09-17 07:09:25,,,2026-09-15 08:20:59,SALE-1789460459084-4670,260915-2025-020,mobile,offline,,synced,2026-09-15 08:20:59,,3,7,SALE-1789460459084-4670
2405,2,1,1,71,272,18,4,893,,,1,260915-2025-021,2026-09-15 00:00:00,08:21:37,7192.5,0,0,0,0,7192.5,7192.5,0,posted,فاتورة كاش اوفلاين - تم المزامنة,4,,2026-09-15 08:21:37,2026-09-17 07:09:25,,,2026-09-15 08:21:38,SALE-1789460497347-8752,260915-2025-021,mobile,offline,,synced,2026-09-15 08:21:37,,3,7,SALE-1789460497347-8752
2406,2,1,1,72,273,18,5,1480,,,1,260915-2026-011,2026-09-15 00:00:00,08:24:30,4795,0,0,0,0,4795,4795,0,posted,فاتورة كاش اوفلاين - تم المزامنة,5,,2026-09-15 08:24:30,2026-09-17 08:01:56,,,2026-09-15 08:24:30,SALE-1789460670243-6739,260915-2026-011,mobile,offline,,synced,2026-09-15 08:24:30,,3,8,SALE-1789460670243-6739
2407,2,1,1,71,272,18,4,697,,,1,260915-2025-022,2026-09-15 00:00:00,08:24:35,4795,0,0,0,0,4795,4795,0,posted,فاتورة كاش اوفلاين - تم المزامنة,4,,2026-09-15 08:24:35,2026-09-17 07:09:26,,,2026-09-15 08:24:35,SALE-1789460674909-2580,260915-2025-022,mobile,offline,,synced,2026-09-15 08:24:35,,3,8,SALE-1789460674909-2580
2408,2,1,1,72,273,18,5,888,,,1,260915-2026-012,2026-09-15 00:00:00,08:28:29,20618.5,0,0,0,0,20618.5,20618.5,0,posted,فاتورة كاش اوفلاين - تم المزامنة,5,,2026-09-15 08:28:29,2026-09-17 08:01:56,,,2026-09-15 08:28:29,SALE-1789460908498-1421,260915-2026-012,mobile,offline,,synced,2026-09-15 08:28:29,,3,7,SALE-1789460908498-1421
2409,2,1,1,71,272,18,4,813,,,1,260915-2025-023,2026-09-15 00:00:00,08:29:21,11987.5,0,0,0,0,11987.5,11987.5,0,posted,فاتورة كاش اوفلاين - تم المزامنة,4,,2026-09-15 08:29:21,2026-09-17 07:09:26,,,2026-09-15 08:29:21,SALE-1789460960450-3235,260915-2025-023,mobile,offline,,synced,2026-09-15 08:29:21,,3,7,SALE-1789460960450-3235
2410,2,1,1,71,272,18,4,902,,,1,260915-2025-024,2026-09-15 00:00:00,08:30:48,47950,0,0,0,0,47950,47950,0,posted,فاتورة كاش اوفلاين - تم المزامنة,4,,2026-09-15 08:30:48,2026-09-17 07:09:27,,,2026-09-15 08:30:48,SALE-1789461048065-8150,260915-2025-024,mobile,offline,,synced,2026-09-15 08:30:48,,3,7,SALE-1789461048065-8150
2411,2,1,1,71,272,18,4,864,,,1,260915-2025-025,2026-09-15 00:00:00,08:33:35,2397.5,0,0,0,0,2397.5,2397.5,0,posted,فاتورة كاش اوفلاين - تم المزامنة,4,,2026-09-15 08:33:35,2026-09-17 07:09:27,,,2026-09-15 08:33:35,SALE-1789461214625-3648,260915-2025-025,mobile,offline,,synced,2026-09-15 08:33:35,,3,7,SALE-1789461214625-3648
2412,2,1,1,72,273,18,5,1480,,,1,260915-2026-013,2026-09-15 00:00:00,08:37:12,4795,0,0,0,0,4795,4795,0,posted,فاتورة كاش اوفلاين - تم المزامنة,5,,2026-09-15 08:37:12,2026-09-17 08:01:57,,,2026-09-15 08:37:12,SALE-1789461431116-565,260915-2026-013,mobile,offline,,synced,2026-09-15 08:37:12,,3,8,SALE-1789461431116-565
2413,2,1,1,72,273,18,5,879,,,1,260915-2026-014,2026-09-15 00:00:00,08:41:53,23975,0,0,0,0,23975,23975,0,posted,فاتورة كاش اوفلاين - تم المزامنة,5,,2026-09-15 08:41:53,2026-09-17 08:01:57,,,2026-09-15 08:41:53,SALE-1789461710633-4892,260915-2026-014,mobile,offline,,synced,2026-09-15 08:41:53,,3,7,SALE-1789461710633-4892
2414,2,1,1,72,273,18,5,892,,,1,260915-2026-015,2026-09-15 00:00:00,08:43:08,7192.5,0,0,0,0,7192.5,7192.5,0,posted,فاتورة كاش اوفلاين - تم المزامنة,5,,2026-09-15 08:43:08,2026-09-17 08:01:58,,,2026-09-15 08:43:08,SALE-1789461787687-9573,260915-2026-015,mobile,offline,,synced,2026-09-15 08:43:08,,3,7,SALE-1789461787687-9573
2415,2,1,1,72,273,18,5,907,,,1,260915-2026-016,2026-09-15 00:00:00,08:43:56,7192.5,0,0,0,0,7192.5,7192.5,0,posted,فاتورة كاش اوفلاين - تم المزامنة,5,,2026-09-15 08:43:56,2026-09-17 08:01:59,,,2026-09-15 08:43:56,SALE-1789461835320-8756,260915-2026-016,mobile,offline,,synced,2026-09-15 08:43:56,,3,7,SALE-1789461835320-8756
2416,2,1,1,72,273,18,5,804,,,1,260915-2026-017,2026-09-15 00:00:00,08:49:46,167825,0,0,0,0,167825,167825,0,posted,فاتورة كاش اوفلاين - تم المزامنة,5,,2026-09-15 08:49:46,2026-09-17 08:01:59,,,2026-09-15 08:49:46,SALE-1789462185380-3254,260915-2026-017,mobile,offline,,synced,2026-09-15 08:49:46,,3,7,SALE-1789462185380-3254
2417,2,1,1,71,272,18,4,955,,,1,260915-2025-026,2026-09-15 00:00:00,09:00:44,36921.5,0,0,0,0,36921.5,36921.5,0,posted,فاتورة كاش اوفلاين - تم المزامنة,4,,2026-09-15 09:00:44,2026-09-17 07:09:28,,,2026-09-15 09:00:44,SALE-1789462843399-7357,260915-2025-026,mobile,offline,,synced,2026-09-15 09:00:44,,3,7,SALE-1789462843399-7357
2418,2,1,1,71,272,18,4,923,,,1,260915-2025-027,2026-09-15 00:00:00,09:10:56,80076.5,0,0,0,0,80076.5,80076.5,0,posted,فاتورة كاش اوفلاين - تم المزامنة,4,,2026-09-15 09:10:56,2026-09-17 07:09:29,,,2026-09-15 09:10:56,SALE-1789463455979-8183,260915-2025-027,mobile,offline,,synced,2026-09-15 09:10:56,,3,7,SALE-1789463455979-8183
2419,2,1,1,72,273,18,5,829,,,1,260915-2026-018,2026-09-15 00:00:00,09:17:35,23975,0,0,0,0,23975,23975,0,posted,فاتورة كاش اوفلاين - تم المزامنة,5,,2026-09-15 09:17:35,2026-09-17 08:02:00,,,2026-09-15 09:17:35,SALE-1789463854499-1716,260915-2026-018,mobile,offline,,synced,2026-09-15 09:17:35,,3,7,SALE-1789463854499-1716
2420,2,1,1,71,272,18,4,987,,,1,260915-2025-028,2026-09-15 00:00:00,09:20:06,23975,0,0,0,0,23975,23975,0,posted,فاتورة كاش اوفلاين - تم المزامنة,4,,2026-09-15 09:20:06,2026-09-17 07:09:29,,,2026-09-15 09:20:06,SALE-1789464006030-3776,260915-2025-028,mobile,offline,,synced,2026-09-15 09:20:06,,3,7,SALE-1789464006030-3776
2421,2,1,1,72,273,18,5,866,,,1,260915-2026-019,2026-09-15 00:00:00,09:23:32,11987.5,0,0,0,0,11987.5,11987.5,0,posted,فاتورة كاش اوفلاين - تم المزامنة,5,,2026-09-15 09:23:32,2026-09-17 08:02:00,,,2026-09-15 09:23:32,SALE-1789464210850-7428,260915-2026-019,mobile,offline,,synced,2026-09-15 09:23:32,,3,7,SALE-1789464210850-7428
2422,2,1,1,72,273,18,5,972,,,1,260915-2026-020,2026-09-15 00:00:00,09:24:47,19659.5,0,0,0,0,19659.5,19659.5,0,posted,فاتورة كاش اوفلاين - تم المزامنة,5,,2026-09-15 09:24:47,2026-09-17 08:02:01,,,2026-09-15 09:24:47,SALE-1789464286059-2017,260915-2026-020,mobile,offline,,synced,2026-09-15 09:24:47,,3,7,SALE-1789464286059-2017
2423,2,1,1,72,273,18,5,930,,,1,260915-2026-021,2026-09-15 00:00:00,09:26:48,47950,0,0,0,0,47950,47950,0,posted,فاتورة كاش اوفلاين - تم المزامنة,5,,2026-09-15 09:26:48,2026-09-17 08:02:02,,,2026-09-15 09:26:48,SALE-1789464407440-3310,260915-2026-021,mobile,offline,,synced,2026-09-15 09:26:48,,3,7,SALE-1789464407440-3310
2424,2,1,1,71,272,18,4,918,,,1,260915-2025-030,2026-09-15 00:00:00,09:28:55,3836,0,0,0,0,3836,3836,0,posted,فاتورة كاش اوفلاين - تم المزامنة,4,,2026-09-15 09:28:55,2026-09-17 07:09:30,,,2026-09-15 09:28:55,SALE-1789464534526-1501,260915-2025-030,mobile,offline,,synced,2026-09-15 09:28:55,,3,7,SALE-1789464534526-1501
2425,2,1,1,72,273,18,5,931,,,1,260915-2026-022,2026-09-15 00:00:00,09:31:10,4795,0,0,0,0,4795,4795,0,posted,فاتورة كاش اوفلاين - تم المزامنة,5,,2026-09-15 09:31:10,2026-09-17 08:02:03,,,2026-09-15 09:31:10,SALE-1789464669993-2725,260915-2026-022,mobile,offline,,synced,2026-09-15 09:31:10,,3,7,SALE-1789464669993-2725
2426,2,1,1,72,273,18,5,832,,,1,260915-2026-023,2026-09-15 00:00:00,09:31:55,35962.5,0,0,0,0,35962.5,35962.5,0,posted,فاتورة كاش اوفلاين - تم المزامنة,5,,2026-09-15 09:31:55,2026-09-17 08:02:03,,,2026-09-15 09:31:55,SALE-1789464715068-7606,260915-2026-023,mobile,offline,,synced,2026-09-15 09:31:55,,3,7,SALE-1789464715068-7606
2427,2,1,1,72,273,18,5,876,,,1,260915-2026-024,2026-09-15 00:00:00,09:34:00,8151.5,0,0,0,0,8151.5,8151.5,0,posted,فاتورة كاش اوفلاين - تم المزامنة,5,,2026-09-15 09:34:00,2026-09-17 08:02:04,,,2026-09-15 09:34:00,SALE-1789464839566-2597,260915-2026-024,mobile,offline,,synced,2026-09-15 09:34:00,,3,7,SALE-1789464839566-2597
2428,2,1,1,71,272,18,4,831,,,1,260915-2025-031,2026-09-15 00:00:00,09:35:01,2877,0,0,0,0,2877,2877,0,posted,فاتورة كاش اوفلاين - تم المزامنة,4,,2026-09-15 09:35:01,2026-09-15 09:35:01,,,2026-09-15 09:35:01,SALE-1789464901285-1735,260915-2025-031,mobile,offline,,synced,2026-09-15 09:35:01,,3,7,SALE-1789464901285-1735
2429,2,1,1,72,273,18,5,1480,,,1,260915-2026-025,2026-09-15 00:00:00,09:37:23,4795,0,0,0,0,4795,4795,0,posted,فاتورة كاش اوفلاين - تم المزامنة,5,,2026-09-15 09:37:23,2026-09-17 08:02:05,,,2026-09-15 09:37:23,SALE-1789465038850-9662,260915-2026-025,mobile,offline,,synced,2026-09-15 09:37:23,,3,8,SALE-1789465038850-9662
2430,2,1,1,72,273,18,5,856,,,1,260915-2026-026,2026-09-15 00:00:00,09:40:15,28770,0,0,0,0,28770,28770,0,posted,فاتورة كاش اوفلاين - تم المزامنة,5,,2026-09-15 09:40:15,2026-09-17 08:02:05,,,2026-09-15 09:40:15,SALE-1789465214377-8468,260915-2026-026,mobile,offline,,synced,2026-09-15 09:40:15,,3,7,SALE-1789465214377-8468
2431,2,1,1,71,272,18,4,968,,,1,260915-2025-032,2026-09-15 00:00:00,09:40:45,71925,0,0,0,0,71925,71925,0,posted,فاتورة كاش اوفلاين - تم المزامنة,4,,2026-09-15 09:40:45,2026-09-17 07:09:31,,,2026-09-15 09:40:45,SALE-1789465244632-5798,260915-2025-032,mobile,offline,,synced,2026-09-15 09:40:45,,3,7,SALE-1789465244632-5798
2432,2,1,1,72,273,18,5,943,,,1,260915-2026-027,2026-09-15 00:00:00,09:41:29,71925,0,0,0,0,71925,71925,0,posted,فاتورة كاش اوفلاين - تم المزامنة,5,,2026-09-15 09:41:29,2026-09-17 08:02:06,,,2026-09-15 09:41:29,SALE-1789465288035-260,260915-2026-027,mobile,offline,,synced,2026-09-15 09:41:29,,3,,SALE-1789465288035-260
2433,2,1,1,71,272,18,4,919,,,1,260915-2025-033,2026-09-15 00:00:00,09:42:40,959,0,0,0,0,959,959,0,posted,فاتورة كاش اوفلاين - تم المزامنة,4,,2026-09-15 09:42:40,2026-09-15 09:42:40,,,2026-09-15 09:42:40,SALE-1789465360215-1058,260915-2025-033,mobile,offline,,synced,2026-09-15 09:42:40,,3,7,SALE-1789465360215-1058
2434,2,1,1,72,273,18,5,911,,,1,260915-2026-028,2026-09-15 00:00:00,09:44:35,47950,0,0,0,0,47950,47950,0,posted,فاتورة كاش اوفلاين - تم المزامنة,5,,2026-09-15 09:44:35,2026-09-17 08:02:06,,,2026-09-15 09:44:35,SALE-1789465474962-3491,260915-2026-028,mobile,offline,,synced,2026-09-15 09:44:35,,3,7,SALE-1789465474962-3491
2435,2,1,1,71,272,18,4,957,,,1,260915-2025-034,2026-09-15 00:00:00,09:49:41,23975,0,0,0,0,23975,23975,0,posted,فاتورة كاش اوفلاين - تم المزامنة,4,,2026-09-15 09:49:41,2026-09-17 07:09:32,,,2026-09-15 09:49:41,SALE-1789465780879-3326,260915-2025-034,mobile,offline,,synced,2026-09-15 09:49:41,,3,7,SALE-1789465780879-3326
2436,2,1,1,72,273,18,5,895,,,1,260915-2026-029,2026-09-15 00:00:00,09:51:24,71925,0,0,0,0,71925,71925,0,posted,فاتورة كاش اوفلاين - تم المزامنة,5,,2026-09-15 09:51:24,2026-09-17 08:02:07,,,2026-09-15 09:51:24,SALE-1789465883848-9133,260915-2026-029,mobile,offline,,synced,2026-09-15 09:51:24,,3,7,SALE-1789465883848-9133
2437,2,1,1,72,273,18,5,830,,,1,260915-2026-030,2026-09-15 00:00:00,09:59:33,20139,0,0,0,0,20139,20139,0,posted,فاتورة كاش اوفلاين - تم المزامنة,5,,2026-09-15 09:59:33,2026-09-17 08:02:07,,,2026-09-15 09:59:33,SALE-1789466372625-528,260915-2026-030,mobile,offline,,synced,2026-09-15 09:59:33,,3,7,SALE-1789466372625-528
2438,2,1,1,72,273,18,5,870,,,1,260915-2026-031,2026-09-15 00:00:00,10:02:07,23975,0,0,0,0,23975,23975,0,posted,فاتورة كاش اوفلاين - تم المزامنة,5,,2026-09-15 10:02:07,2026-09-17 08:02:08,,,2026-09-15 10:02:07,SALE-1789466526121-8800,260915-2026-031,mobile,offline,,synced,2026-09-15 10:02:07,,3,7,SALE-1789466526121-8800
2439,2,1,1,72,273,18,5,819,,,1,260915-2026-032,2026-09-15 00:00:00,10:04:43,35962.5,0,0,0,0,35962.5,35962.5,0,posted,فاتورة كاش اوفلاين - تم المزامنة,5,,2026-09-15 10:04:43,2026-09-17 08:02:08,,,2026-09-15 10:04:43,SALE-1789466682593-2315,260915-2026-032,mobile,offline,,synced,2026-09-15 10:04:43,,3,7,SALE-1789466682593-2315
2440,2,1,1,71,272,18,4,929,,,1,260915-2025-035,2026-09-15 00:00:00,10:05:55,3356.5,0,0,0,0,3356.5,3356.5,0,posted,فاتورة كاش اوفلاين - تم المزامنة,4,,2026-09-15 10:05:55,2026-09-17 07:09:32,,,2026-09-15 10:05:55,SALE-1789466754721-5908,260915-2025-035,mobile,offline,,synced,2026-09-15 10:05:55,,3,,SALE-1789466754721-5908
2441,2,1,1,72,273,15,5,785,,,1,260915-2026-033,2026-09-15 00:00:00,10:14:07,251737.5,0,0,0,0,251737.5,251737.5,0,posted,فاتورة كاش اوفلاين - تم المزامنة,5,,2026-09-15 10:14:07,2026-09-17 08:02:09,,,2026-09-15 10:14:07,SALE-1789467246550-4955,260915-2026-033,mobile,offline,,synced,2026-09-15 10:14:07,,2,7,SALE-1789467246550-4955
2442,2,1,1,72,273,15,5,780,,,1,260915-2026-034,2026-09-15 00:00:00,10:14:53,246942.5,0,0,0,0,246942.5,246942.5,0,posted,فاتورة كاش اوفلاين - تم المزامنة,5,,2026-09-15 10:14:53,2026-09-17 08:02:10,,,2026-09-15 10:14:53,SALE-1789467292846-7731,260915-2026-034,mobile,offline,,synced,2026-09-15 10:14:53,,2,7,SALE-1789467292846-7731
2443,2,1,1,72,273,15,5,1463,,,1,260915-2026-035,2026-09-15 00:00:00,10:15:44,239250,0,0,0,0,239250,239250,0,posted,فاتورة كاش اوفلاين - تم المزامنة,5,,2026-09-15 10:15:44,2026-09-17 08:02:10,,,2026-09-15 10:15:44,SALE-1789467343259-5842,260915-2026-035,mobile,offline,,synced,2026-09-15 10:15:44,,2,6,SALE-1789467343259-5842
2444,2,1,1,72,273,18,5,981,,,1,260915-2026-036,2026-09-15 00:00:00,10:19:19,20139,0,0,0,0,20139,20139,0,posted,فاتورة كاش اوفلاين - تم المزامنة,5,,2026-09-15 10:19:19,2026-09-17 08:02:11,,,2026-09-15 10:19:19,SALE-1789467558358-4065,260915-2026-036,mobile,offline,,synced,2026-09-15 10:19:19,,3,7,SALE-1789467558358-4065
2445,2,1,1,72,273,18,5,934,,,1,260915-2026-037,2026-09-15 00:00:00,10:30:25,4795,0,0,0,0,4795,4795,0,posted,فاتورة كاش اوفلاين - تم المزامنة,5,,2026-09-15 10:30:25,2026-09-17 08:02:11,,,2026-09-15 10:30:25,SALE-1789468224778-754,260915-2026-037,mobile,offline,,synced,2026-09-15 10:30:25,,3,7,SALE-1789468224778-754
2446,2,1,1,72,273,18,5,949,,,1,260915-2026-038,2026-09-15 00:00:00,10:31:19,4795,0,0,0,0,4795,4795,0,posted,فاتورة كاش اوفلاين - تم المزامنة,5,,2026-09-15 10:31:19,2026-09-17 08:02:12,,,2026-09-15 10:31:19,SALE-1789468278869-9720,260915-2026-038,mobile,offline,,synced,2026-09-15 10:31:19,,3,7,SALE-1789468278869-9720
2447,2,1,1,72,273,18,5,906,,,1,260915-2026-039,2026-09-15 00:00:00,10:32:07,19180,0,0,0,0,19180,19180,0,posted,فاتورة كاش اوفلاين - تم المزامنة,5,,2026-09-15 10:32:07,2026-09-17 08:02:12,,,2026-09-15 10:32:07,SALE-1789468326535-9345,260915-2026-039,mobile,offline,,synced,2026-09-15 10:32:07,,3,7,SALE-1789468326535-9345
2448,2,1,1,72,273,18,5,867,,,1,260915-2026-040,2026-09-15 00:00:00,10:34:02,9590,0,0,0,0,9590,9590,0,posted,فاتورة كاش اوفلاين - تم المزامنة,5,,2026-09-15 10:34:02,2026-09-17 08:02:13,,,2026-09-15 10:34:02,SALE-1789468442085-9695,260915-2026-040,mobile,offline,,synced,2026-09-15 10:34:02,,3,7,SALE-1789468442085-9695
2449,2,1,1,72,273,18,5,881,,,1,260915-2026-041,2026-09-15 00:00:00,10:34:59,2397.5,0,0,0,0,2397.5,2397.5,0,posted,فاتورة كاش اوفلاين - تم المزامنة,5,,2026-09-15 10:34:59,2026-09-17 08:02:13,,,2026-09-15 10:34:59,SALE-1789468498941-3241,260915-2026-041,mobile,offline,,synced,2026-09-15 10:34:59,,3,7,SALE-1789468498941-3241
2450,2,1,1,72,273,18,5,974,,,1,260915-2026-042,2026-09-15 00:00:00,10:37:09,4795,0,0,0,0,4795,4795,0,posted,فاتورة كاش اوفلاين - تم المزامنة,5,,2026-09-15 10:37:09,2026-09-17 08:02:14,,,2026-09-15 10:37:10,SALE-1789468629159-931,260915-2026-042,mobile,offline,,synced,2026-09-15 10:37:09,,3,7,SALE-1789468629159-931
2451,2,1,1,72,273,18,5,915,,,1,260915-2026-043,2026-09-15 00:00:00,10:38:08,29249.5,0,0,0,0,29249.5,29249.5,0,posted,فاتورة كاش اوفلاين - تم المزامنة,5,,2026-09-15 10:38:08,2026-09-17 08:02:15,,,2026-09-15 10:38:08,SALE-1789468688010-9049,260915-2026-043,mobile,offline,,synced,2026-09-15 10:38:08,,3,7,SALE-1789468688010-9049
2452,2,1,1,72,273,18,5,953,,,1,260915-2026-044,2026-09-15 00:00:00,10:40:33,9590,0,0,0,0,9590,9590,0,posted,فاتورة كاش اوفلاين - تم المزامنة,5,,2026-09-15 10:40:33,2026-09-17 08:02:15,,,2026-09-15 10:40:33,SALE-1789468832185-6637,260915-2026-044,mobile,offline,,synced,2026-09-15 10:40:33,,3,7,SALE-1789468832185-6637
2453,2,1,1,72,273,18,5,823,,,1,260915-2026-045,2026-09-15 00:00:00,10:41:13,4315.5,0,0,0,0,4315.5,4315.5,0,posted,فاتورة كاش اوفلاين - تم المزامنة,5,,2026-09-15 10:41:13,2026-09-17 08:02:16,,,2026-09-15 10:41:13,SALE-1789468872489-5805,260915-2026-045,mobile,offline,,synced,2026-09-15 10:41:13,,3,7,SALE-1789468872489-5805
2454,2,1,1,72,273,18,5,988,,,1,260915-2026-046,2026-09-15 00:00:00,10:42:04,4795,0,0,0,0,4795,4795,0,posted,فاتورة كاش اوفلاين - تم المزامنة,5,,2026-09-15 10:42:04,2026-09-17 08:02:16,,,2026-09-15 10:42:04,SALE-1789468923604-6540,260915-2026-046,mobile,offline,,synced,2026-09-15 10:42:04,,3,7,SALE-1789468923604-6540
2455,2,1,1,72,273,18,5,887,,,1,260915-2026-048,2026-09-15 00:00:00,10:44:04,4795,0,0,0,0,4795,4795,0,posted,فاتورة كاش اوفلاين - تم المزامنة,5,,2026-09-15 10:44:04,2026-09-17 08:02:17,,,2026-09-15 10:44:04,SALE-1789469044025-483,260915-2026-048,mobile,offline,,synced,2026-09-15 10:44:04,,3,7,SALE-1789469044025-483
2456,2,1,1,72,273,18,5,956,,,1,260915-2026-049,2026-09-15 00:00:00,10:45:45,38839.5,0,0,0,0,38839.5,38839.5,0,posted,فاتورة كاش اوفلاين - تم المزامنة,5,,2026-09-15 10:45:45,2026-09-17 08:02:17,,,2026-09-15 10:45:45,SALE-1789469145233-9378,260915-2026-049,mobile,offline,,synced,2026-09-15 10:45:45,,3,,SALE-1789469145233-9378
2457,2,1,1,72,273,18,5,815,,,1,260915-2026-050,2026-09-15 00:00:00,10:52:48,7192.5,0,0,0,0,7192.5,7192.5,0,posted,فاتورة كاش اوفلاين - تم المزامنة,5,,2026-09-15 10:52:48,2026-09-17 08:02:18,,,2026-09-15 10:52:48,SALE-1789469568134-7747,260915-2026-050,mobile,offline,,synced,2026-09-15 10:52:48,,3,7,SALE-1789469568134-7747
2458,2,1,1,72,273,18,5,913,,,1,260915-2026-051,2026-09-15 00:00:00,10:53:25,35962.5,0,0,0,0,35962.5,35962.5,0,posted,فاتورة كاش اوفلاين - تم المزامنة,5,,2026-09-15 10:53:25,2026-09-17 08:02:18,,,2026-09-15 10:53:25,SALE-1789469605252-2008,260915-2026-051,mobile,offline,,synced,2026-09-15 10:53:25,,3,7,SALE-1789469605252-2008
2459,2,1,1,72,273,18,5,818,,,1,260915-2026-052,2026-09-15 00:00:00,10:53:59,11987.5,0,0,0,0,11987.5,11987.5,0,posted,فاتورة كاش اوفلاين - تم المزامنة,5,,2026-09-15 10:53:59,2026-09-17 08:02:19,,,2026-09-15 10:53:59,SALE-1789469638608-2726,260915-2026-052,mobile,offline,,synced,2026-09-15 10:53:59,,3,7,SALE-1789469638608-2726
2460,2,1,1,72,273,18,5,805,,,1,260915-2026-053,2026-09-15 00:00:00,10:54:32,9590,0,0,0,0,9590,9590,0,posted,فاتورة كاش اوفلاين - تم المزامنة,5,,2026-09-15 10:54:32,2026-09-17 08:02:20,,,2026-09-15 10:54:32,SALE-1789469671825-7754,260915-2026-053,mobile,offline,,synced,2026-09-15 10:54:32,,3,7,SALE-1789469671825-7754
2461,2,1,1,72,273,18,5,883,,,1,260915-2026-054,2026-09-15 00:00:00,10:56:21,23975,0,0,0,0,23975,23975,0,posted,فاتورة كاش اوفلاين - تم المزامنة,5,,2026-09-15 10:56:21,2026-09-17 08:02:20,,,2026-09-15 10:56:21,SALE-1789469780984-3066,260915-2026-054,mobile,offline,,synced,2026-09-15 10:56:21,,3,7,SALE-1789469780984-3066
2462,2,1,1,72,273,18,5,875,,,1,260915-2026-055,2026-09-15 00:00:00,11:00:02,9590,0,0,0,0,9590,9590,0,posted,فاتورة كاش اوفلاين - تم المزامنة,5,,2026-09-15 11:00:02,2026-09-15 11:00:02,,,2026-09-15 11:00:02,SALE-1789470001643-2316,260915-2026-055,mobile,offline,,synced,2026-09-15 11:00:02,,3,7,SALE-1789470001643-2316
2463,2,1,1,72,273,18,5,971,,,1,260915-2026-056,2026-09-15 00:00:00,11:03:35,14385,0,0,0,0,14385,14385,0,posted,فاتورة كاش اوفلاين - تم المزامنة,5,,2026-09-15 11:03:35,2026-09-17 08:02:21,,,2026-09-15 11:03:35,SALE-1789470214410-242,260915-2026-056,mobile,offline,,synced,2026-09-15 11:03:35,,3,7,SALE-1789470214410-242
2464,2,1,1,72,273,18,5,947,,,1,260915-2026-057,2026-09-15 00:00:00,11:05:27,23975,0,0,0,0,23975,23975,0,posted,فاتورة كاش اوفلاين - تم المزامنة,5,,2026-09-15 11:05:27,2026-09-17 08:02:22,,,2026-09-15 11:05:27,SALE-1789470326542-8144,260915-2026-057,mobile,offline,,synced,2026-09-15 11:05:27,,3,7,SALE-1789470326542-8144
2465,2,1,1,72,273,18,5,827,,,1,260915-2026-058,2026-09-15 00:00:00,11:06:20,71925,0,0,0,0,71925,71925,0,posted,فاتورة كاش اوفلاين - تم المزامنة,5,,2026-09-15 11:06:20,2026-09-17 08:02:23,,,2026-09-15 11:06:20,SALE-1789470379929-3986,260915-2026-058,mobile,offline,,synced,2026-09-15 11:06:20,,3,7,SALE-1789470379929-3986
2466,2,1,1,72,273,18,5,903,,,1,260915-2026-059,2026-09-15 00:00:00,11:11:03,9590,0,0,0,0,9590,9590,0,posted,فاتورة كاش اوفلاين - تم المزامنة,5,,2026-09-15 11:11:03,2026-09-17 08:02:23,,,2026-09-15 11:11:03,SALE-1789470663218-9046,260915-2026-059,mobile,offline,,synced,2026-09-15 11:11:03,,3,7,SALE-1789470663218-9046
2467,2,1,1,72,273,18,5,896,,,1,260915-2026-060,2026-09-15 00:00:00,11:12:28,5754,0,0,0,0,5754,5754,0,posted,فاتورة كاش اوفلاين - تم المزامنة,5,,2026-09-15 11:12:28,2026-09-17 08:02:24,,,2026-09-15 11:12:28,SALE-1789470747364-5053,260915-2026-060,mobile,offline,,synced,2026-09-15 11:12:28,,3,7,SALE-1789470747364-5053
2468,2,1,1,72,273,18,5,812,,,1,260915-2026-061,2026-09-15 00:00:00,11:13:16,4795,0,0,0,0,4795,4795,0,posted,فاتورة كاش اوفلاين - تم المزامنة,5,,2026-09-15 11:13:16,2026-09-17 08:02:24,,,2026-09-15 11:13:16,SALE-1789470795775-1084,260915-2026-061,mobile,offline,,synced,2026-09-15 11:13:16,,3,7,SALE-1789470795775-1084
2469,2,1,1,72,273,18,5,806,,,1,260915-2026-062,2026-09-15 00:00:00,11:33:52,19180,0,0,0,0,19180,19180,0,posted,فاتورة كاش اوفلاين - تم المزامنة,5,,2026-09-15 11:33:52,2026-09-17 08:02:25,,,2026-09-15 11:33:52,SALE-1789472031979-9579,260915-2026-062,mobile,offline,,synced,2026-09-15 11:33:52,,3,7,SALE-1789472031979-9579
2470,2,1,1,72,273,18,5,900,,,1,260915-2026-063,2026-09-15 00:00:00,11:37:23,47950,0,0,0,0,47950,47950,0,posted,فاتورة كاش اوفلاين - تم المزامنة,5,,2026-09-15 11:37:23,2026-09-17 08:02:26,,,2026-09-15 11:37:23,SALE-1789472242809-803,260915-2026-063,mobile,offline,,synced,2026-09-15 11:37:23,,3,7,SALE-1789472242809-803
2471,2,1,1,,,,,697,,,1,SA-00031,2026-09-15 00:00:00,12:08:23,977700.5,0,0,0,0,1124355.575,0,1124355.575,approved,Ø£Ù…Ø± Ø¨ÙŠØ¹ Ù…Ù† Ø§ØºÙ„Ø§Ù‚ Ø§Ù„Ø¥Ø°Ù† RO-00032,2,2,2026-09-15 12:08:23,2026-09-15 18:24:46,2026-09-17 17:14:07,,,,,desktop,,,synced,,,,,
2472,2,1,1,72,273,12,5,1075,,,1,260915-2026-064,2026-09-15 00:00:00,12:14:42,9590,0,0,0,0,9590,9590,0,posted,فاتورة كاش اوفلاين - تم المزامنة,5,,2026-09-15 12:14:42,2026-09-17 08:02:26,,,2026-09-15 12:14:42,SALE-1789474482113-4042,260915-2026-064,mobile,offline,,synced,2026-09-15 12:14:42,,2,7,SALE-1789474482113-4042
2473,2,1,1,,,,,697,,,1,SA-00032,2026-09-15 00:00:00,12:19:30,355789,0,0,0,0,409157.35,0,409157.35,approved,Ø£Ù…Ø± Ø¨ÙŠØ¹ Ù…Ù† Ø§ØºÙ„Ø§Ù‚ Ø§Ù„Ø¥Ø°Ù† RO-00033,2,2,2026-09-15 12:19:30,2026-09-15 18:24:46,2026-09-17 17:14:07,,,,,desktop,,,synced,,,,,
2474,2,1,1,74,274,15,5,778,,,1,260916-2026-001,2026-09-16 00:00:00,06:54:56,369215,0,0,0,0,369215,369215,0,posted,فاتورة كاش اوفلاين - تم المزامنة,5,,2026-09-16 06:54:56,2026-09-17 08:26:18,,,2026-09-16 06:54:56,SALE-1789540171930-799,260916-2026-001,mobile,offline,,synced,2026-09-16 06:54:56,,2,,SALE-1789540171930-799
2475,2,1,1,74,274,15,5,790,,,1,260916-2026-002,2026-09-16 00:00:00,06:54:56,23975,0,0,0,0,23975,23975,0,posted,فاتورة كاش اوفلاين - تم المزامنة,5,,2026-09-16 06:54:56,2026-09-17 08:02:27,,,2026-09-16 06:54:56,SALE-1789540643296-798,260916-2026-002,mobile,offline,,synced,2026-09-16 06:54:56,,2,7,SALE-1789540643296-798
2476,2,1,1,74,274,13,5,1158,,,1,260916-2026-003,2026-09-16 00:00:00,06:54:57,23975,0,0,0,0,23975,23975,0,posted,فاتورة كاش اوفلاين - تم المزامنة,5,,2026-09-16 06:54:57,2026-09-17 08:02:28,,,2026-09-16 06:54:57,SALE-1789541223157-5146,260916-2026-003,mobile,offline,,synced,2026-09-16 06:54:57,,2,7,SALE-1789541223157-5146
2477,2,1,1,74,274,13,5,1131,,,1,260916-2026-004,2026-09-16 00:00:00,06:59:22,9590,0,0,0,0,9590,9590,0,posted,فاتورة كاش اوفلاين - تم المزامنة,5,,2026-09-16 06:59:22,2026-09-17 08:02:28,,,2026-09-16 06:59:22,SALE-1789541690280-2479,260916-2026-004,mobile,offline,,synced,2026-09-16 06:59:22,,2,7,SALE-1789541690280-2479
2478,2,1,1,74,274,13,5,1108,,,1,260916-2026-005,2026-09-16 00:00:00,06:59:51,11987.5,0,0,0,0,11987.5,11987.5,0,posted,فاتورة كاش اوفلاين - تم المزامنة,5,,2026-09-16 06:59:51,2026-09-17 08:02:29,,,2026-09-16 06:59:51,SALE-1789541990948-4002,260916-2026-005,mobile,offline,,synced,2026-09-16 06:59:51,,2,7,SALE-1789541990948-4002
2479,2,1,1,74,274,13,5,1165,,,1,260916-2026-006,2026-09-16 00:00:00,07:08:43,4795,0,0,0,0,4795,4795,0,posted,فاتورة كاش اوفلاين - تم المزامنة,5,,2026-09-16 07:08:43,2026-09-17 08:02:29,,,2026-09-16 07:08:43,SALE-1789542523224-187,260916-2026-006,mobile,offline,,synced,2026-09-16 07:08:43,,2,7,SALE-1789542523224-187
2480,2,1,1,74,274,13,5,1144,,,1,260916-2026-007,2026-09-16 00:00:00,07:10:00,23975,0,0,0,0,23975,23975,0,posted,فاتورة كاش اوفلاين - تم المزامنة,5,,2026-09-16 07:10:00,2026-09-17 08:02:30,,,2026-09-16 07:10:00,SALE-1789542600262-435,260916-2026-007,mobile,offline,,synced,2026-09-16 07:10:00,,2,7,SALE-1789542600262-435
2481,2,1,1,74,274,13,5,1120,,,1,260916-2026-008,2026-09-16 00:00:00,07:11:33,2397.5,0,0,0,0,2397.5,2397.5,0,posted,فاتورة كاش اوفلاين - تم المزامنة,5,,2026-09-16 07:11:33,2026-09-17 08:02:30,,,2026-09-16 07:11:33,SALE-1789542692874-5186,260916-2026-008,mobile,offline,,synced,2026-09-16 07:11:33,,2,7,SALE-1789542692874-5186
2482,2,1,1,,,17,4,1476,,,1,260916-2025-002,2026-09-16 00:00:00,07:12:53,2877,0,0,0,0,2877,2877,0,posted,فاتورة كاش اوفلاين - تم المزامنة,4,,2026-09-16 07:12:53,2026-09-17 07:09:33,,,2026-09-16 07:12:53,SALE-1789542182025-4212,260916-2025-002,mobile,offline,,synced,2026-09-16 07:12:53,,3,,SALE-1789542182025-4212
2483,2,1,1,73,275,17,4,716,,,1,260916-2025-003,2026-09-16 00:00:00,07:12:53,4795,0,0,0,0,4795,4795,0,posted,فاتورة كاش اوفلاين - تم المزامنة,4,,2026-09-16 07:12:53,2026-09-17 07:09:33,,,2026-09-16 07:12:53,SALE-1789542294267-5785,260916-2025-003,mobile,offline,,synced,2026-09-16 07:12:53,,3,7,SALE-1789542294267-5785
2484,2,1,1,73,275,17,4,773,,,1,260916-2025-004,2026-09-16 00:00:00,07:13:34,4795,0,0,0,0,4795,4795,0,posted,فاتورة كاش اوفلاين - تم المزامنة,4,,2026-09-16 07:13:34,2026-09-17 07:09:34,,,2026-09-16 07:13:34,SALE-1789542813574-2361,260916-2025-004,mobile,offline,,synced,2026-09-16 07:13:34,,3,7,SALE-1789542813574-2361
2485,2,1,1,74,274,13,5,1105,,,1,260916-2026-009,2026-09-16 00:00:00,07:14:07,7192.5,0,0,0,0,7192.5,7192.5,0,posted,فاتورة كاش اوفلاين - تم المزامنة,5,,2026-09-16 07:14:07,2026-09-17 08:02:31,,,2026-09-16 07:14:07,SALE-1789542847006-5237,260916-2026-009,mobile,offline,,synced,2026-09-16 07:14:07,,2,7,SALE-1789542847006-5237
2486,2,1,1,74,274,13,5,1156,,,1,260916-2026-010,2026-09-16 00:00:00,07:14:54,959,0,0,0,0,959,959,0,posted,فاتورة كاش اوفلاين - تم المزامنة,5,,2026-09-16 07:14:54,2026-09-17 08:02:32,,,2026-09-16 07:14:54,SALE-1789542894071-165,260916-2026-010,mobile,offline,,synced,2026-09-16 07:14:54,,2,7,SALE-1789542894071-165
2487,2,1,1,74,274,13,5,1141,,,1,260916-2026-011,2026-09-16 00:00:00,07:15:59,9590,0,0,0,0,9590,9590,0,posted,فاتورة كاش اوفلاين - تم المزامنة,5,,2026-09-16 07:15:59,2026-09-17 08:02:32,,,2026-09-16 07:15:59,SALE-1789542958787-3456,260916-2026-011,mobile,offline,,synced,2026-09-16 07:15:59,,2,7,SALE-1789542958787-3456
2488,2,1,1,73,275,17,4,725,,,1,260916-2025-005,2026-09-16 00:00:00,07:17:34,7192.5,0,0,0,0,7192.5,7192.5,0,posted,فاتورة كاش اوفلاين - تم المزامنة,4,,2026-09-16 07:17:34,2026-09-17 07:09:35,,,2026-09-16 07:17:34,SALE-1789543053964-8234,260916-2025-005,mobile,offline,,synced,2026-09-16 07:17:34,,3,7,SALE-1789543053964-8234
2489,2,1,1,74,274,13,5,1151,,,1,260916-2026-012,2026-09-16 00:00:00,07:18:14,4795,0,0,0,0,4795,4795,0,posted,فاتورة كاش اوفلاين - تم المزامنة,5,,2026-09-16 07:18:14,2026-09-17 08:02:33,,,2026-09-16 07:18:14,SALE-1789543094078-8691,260916-2026-012,mobile,offline,,synced,2026-09-16 07:18:14,,2,7,SALE-1789543094078-8691
2490,2,1,1,74,274,13,5,1125,,,1,260916-2026-013,2026-09-16 00:00:00,07:20:51,7192.5,0,0,0,0,7192.5,7192.5,0,posted,فاتورة كاش اوفلاين - تم المزامنة,5,,2026-09-16 07:20:51,2026-09-17 08:02:33,,,2026-09-16 07:20:51,SALE-1789543251221-2932,260916-2026-013,mobile,offline,,synced,2026-09-16 07:20:51,,2,7,SALE-1789543251221-2932
2491,2,1,1,73,275,17,4,768,,,1,260916-2025-006,2026-09-16 00:00:00,07:23:23,11987.5,0,0,0,0,11987.5,11987.5,0,posted,فاتورة كاش اوفلاين - تم المزامنة,4,,2026-09-16 07:23:23,2026-09-17 07:09:35,,,2026-09-16 07:23:23,SALE-1789543402996-2133,260916-2025-006,mobile,offline,,synced,2026-09-16 07:23:23,,3,7,SALE-1789543402996-2133
2492,2,1,1,73,275,17,4,766,,,1,260916-2025-007,2026-09-16 00:00:00,07:24:40,7192.5,0,0,0,0,7192.5,7192.5,0,posted,فاتورة كاش اوفلاين - تم المزامنة,4,,2026-09-16 07:24:40,2026-09-17 07:09:36,,,2026-09-16 07:24:40,SALE-1789543480119-1400,260916-2025-007,mobile,offline,,synced,2026-09-16 07:24:40,,3,7,SALE-1789543480119-1400
2493,2,1,1,74,274,13,5,1128,,,1,260916-2026-014,2026-09-16 00:00:00,07:27:29,4795,0,0,0,0,4795,4795,0,posted,فاتورة كاش اوفلاين - تم المزامنة,5,,2026-09-16 07:27:29,2026-09-17 08:02:34,,,2026-09-16 07:27:29,SALE-1789543649050-4536,260916-2026-014,mobile,offline,,synced,2026-09-16 07:27:29,,2,7,SALE-1789543649050-4536
2494,2,1,1,73,275,17,4,714,,,1,260916-2025-008,2026-09-16 00:00:00,07:30:18,9590,0,0,0,0,9590,9590,0,posted,فاتورة كاش اوفلاين - تم المزامنة,4,,2026-09-16 07:30:18,2026-09-17 07:09:36,,,2026-09-16 07:30:18,SALE-1789543817884-5252,260916-2025-008,mobile,offline,,synced,2026-09-16 07:30:18,,3,7,SALE-1789543817884-5252
2495,2,1,1,73,275,17,4,739,,,1,260916-2025-009,2026-09-16 00:00:00,07:35:51,7192.5,0,0,0,0,7192.5,7192.5,0,posted,فاتورة كاش اوفلاين - تم المزامنة,4,,2026-09-16 07:35:51,2026-09-17 07:09:38,,,2026-09-16 07:35:51,SALE-1789544151272-4373,260916-2025-009,mobile,offline,,synced,2026-09-16 07:35:51,,3,,SALE-1789544151272-4373
2496,2,1,1,73,275,17,4,763,,,1,260916-2025-010,2026-09-16 00:00:00,07:37:09,14385,0,0,0,0,14385,14385,0,posted,فاتورة كاش اوفلاين - تم المزامنة,4,,2026-09-16 07:37:09,2026-09-17 07:09:37,,,2026-09-16 07:37:09,SALE-1789544227895-1301,260916-2025-010,mobile,offline,,synced,2026-09-16 07:37:09,,3,7,SALE-1789544227895-1301
2497,2,1,1,74,274,13,5,1117,,,1,260916-2026-015,2026-09-16 00:00:00,07:49:15,11987.5,0,0,0,0,11987.5,11987.5,0,posted,فاتورة كاش اوفلاين - تم المزامنة,5,,2026-09-16 07:49:15,2026-09-17 08:02:34,,,2026-09-16 07:49:15,SALE-1789544954900-9512,260916-2026-015,mobile,offline,,synced,2026-09-16 07:49:15,,2,7,SALE-1789544954900-9512
2498,2,1,1,73,275,17,4,1470,,,1,260916-2025-011,2026-09-16 00:00:00,07:50:26,4795,0,0,0,0,4795,4795,0,posted,فاتورة كاش اوفلاين - تم المزامنة,4,,2026-09-16 07:50:26,2026-09-17 07:09:38,,,2026-09-16 07:50:26,SALE-1789545025874-4356,260916-2025-011,mobile,offline,,synced,2026-09-16 07:50:26,,3,7,SALE-1789545025874-4356
2499,2,1,1,74,274,13,5,1138,,,1,260916-2026-016,2026-09-16 00:00:00,07:54:08,2877,0,0,0,0,2877,2877,0,posted,فاتورة كاش اوفلاين - تم المزامنة,5,,2026-09-16 07:54:08,2026-09-17 08:02:35,,,2026-09-16 07:54:08,SALE-1789545248348-138,260916-2026-016,mobile,offline,,synced,2026-09-16 07:54:08,,2,7,SALE-1789545248348-138
2500,2,1,1,74,274,13,5,1149,,,1,260916-2026-017,2026-09-16 00:00:00,07:56:42,3836,0,0,0,0,3836,3836,0,posted,فاتورة كاش اوفلاين - تم المزامنة,5,,2026-09-16 07:56:42,2026-09-17 08:02:35,,,2026-09-16 07:56:42,SALE-1789545402177-2123,260916-2026-017,mobile,offline,,synced,2026-09-16 07:56:42,,2,7,SALE-1789545402177-2123
2501,2,1,1,73,275,17,4,747,,,1,260916-2025-012,2026-09-16 00:00:00,07:58:53,23975,0,0,0,0,23975,23975,0,posted,فاتورة كاش اوفلاين - تم المزامنة,4,,2026-09-16 07:58:53,2026-09-17 07:09:39,,,2026-09-16 07:58:53,SALE-1789545532706-4390,260916-2025-012,mobile,offline,,synced,2026-09-16 07:58:53,,3,7,SALE-1789545532706-4390
2502,2,1,1,74,274,13,5,1111,,,1,260916-2026-018,2026-09-16 00:00:00,08:04:44,23975,0,0,0,0,23975,23975,0,posted,فاتورة كاش اوفلاين - تم المزامنة,5,,2026-09-16 08:04:44,2026-09-17 08:02:36,,,2026-09-16 08:04:44,SALE-1789545884318-5306,260916-2026-018,mobile,offline,,synced,2026-09-16 08:04:44,,2,7,SALE-1789545884318-5306
2503,2,1,1,74,274,13,5,1135,,,1,260916-2026-019,2026-09-16 00:00:00,08:05:25,11987.5,0,0,0,0,11987.5,11987.5,0,posted,فاتورة كاش اوفلاين - تم المزامنة,5,,2026-09-16 08:05:25,2026-09-17 08:02:37,,,2026-09-16 08:05:25,SALE-1789545924543-6460,260916-2026-019,mobile,offline,,synced,2026-09-16 08:05:25,,2,7,SALE-1789545924543-6460
2504,2,1,1,73,275,17,4,713,,,1,260916-2025-013,2026-09-16 00:00:00,08:06:48,11987.5,0,0,0,0,11987.5,11987.5,0,posted,فاتورة كاش اوفلاين - تم المزامنة,4,,2026-09-16 08:06:48,2026-09-17 07:09:39,,,2026-09-16 08:06:48,SALE-1789546007618-6220,260916-2025-013,mobile,offline,,synced,2026-09-16 08:06:48,,3,7,SALE-1789546007618-6220
2505,2,1,1,74,274,13,5,1148,,,1,260916-2026-020,2026-09-16 00:00:00,08:10:02,22057,0,0,0,0,22057,22057,0,posted,فاتورة كاش اوفلاين - تم المزامنة,5,,2026-09-16 08:10:02,2026-09-17 08:02:37,,,2026-09-16 08:10:03,SALE-1789546202457-9897,260916-2026-020,mobile,offline,,synced,2026-09-16 08:10:02,,2,7,SALE-1789546202457-9897
2506,2,1,1,73,275,17,4,742,,,1,260916-2025-014,2026-09-16 00:00:00,08:10:24,23975,0,0,0,0,23975,23975,0,posted,فاتورة كاش اوفلاين - تم المزامنة,4,,2026-09-16 08:10:24,2026-09-17 07:09:40,,,2026-09-16 08:10:24,SALE-1789546223483-6209,260916-2025-014,mobile,offline,,synced,2026-09-16 08:10:24,,3,7,SALE-1789546223483-6209
2507,2,1,1,73,275,17,4,721,,,1,260916-2025-015,2026-09-16 00:00:00,08:15:10,23975,0,0,0,0,23975,23975,0,posted,فاتورة كاش اوفلاين - تم المزامنة,4,,2026-09-16 08:15:10,2026-09-17 07:09:41,,,2026-09-16 08:15:10,SALE-1789546509619-6868,260916-2025-015,mobile,offline,,synced,2026-09-16 08:15:10,,3,7,SALE-1789546509619-6868
2508,2,1,1,74,274,13,5,1155,,,1,260916-2026-021,2026-09-16 00:00:00,08:27:33,119875,0,0,0,0,119875,119875,0,posted,فاتورة كاش اوفلاين - تم المزامنة,5,,2026-09-16 08:27:33,2026-09-17 08:02:38,,,2026-09-16 08:27:33,SALE-1789547252559-9034,260916-2026-021,mobile,offline,,synced,2026-09-16 08:27:33,,2,7,SALE-1789547252559-9034
2509,2,1,1,73,275,17,4,741,,,1,260916-2025-016,2026-09-16 00:00:00,08:37:13,149604,0,0,0,0,149604,149604,0,posted,فاتورة كاش اوفلاين - تم المزامنة,4,,2026-09-16 08:37:13,2026-09-17 07:09:41,,,2026-09-16 08:37:13,SALE-1789547831565-8843,260916-2025-016,mobile,offline,,synced,2026-09-16 08:37:13,,3,7,SALE-1789547831565-8843
2510,2,1,1,73,275,17,4,705,,,1,260916-2025-017,2026-09-16 00:00:00,08:38:06,7192.5,0,0,0,0,7192.5,7192.5,0,posted,فاتورة كاش اوفلاين - تم المزامنة,4,,2026-09-16 08:38:06,2026-09-17 07:09:42,,,2026-09-16 08:38:06,SALE-1789547886046-5224,260916-2025-017,mobile,offline,,synced,2026-09-16 08:38:06,,3,7,SALE-1789547886046-5224
2511,2,1,1,73,275,17,4,730,,,1,260916-2025-019,2026-09-16 00:00:00,08:40:30,2877,0,0,0,0,2877,2877,0,posted,فاتورة كاش اوفلاين - تم المزامنة,4,,2026-09-16 08:40:30,2026-09-17 07:09:42,,,2026-09-16 08:40:30,SALE-1789548030039-7723,260916-2025-019,mobile,offline,,synced,2026-09-16 08:40:30,,3,7,SALE-1789548030039-7723
2512,2,1,1,74,274,13,5,1132,,,1,260916-2026-022,2026-09-16 00:00:00,08:41:39,23975,0,0,0,0,23975,23975,0,posted,فاتورة كاش اوفلاين - تم المزامنة,5,,2026-09-16 08:41:39,2026-09-17 08:02:38,,,2026-09-16 08:41:39,SALE-1789548098930-2381,260916-2026-022,mobile,offline,,synced,2026-09-16 08:41:39,,2,7,SALE-1789548098930-2381
2513,2,1,1,74,274,13,5,1110,,,1,260916-2026-023,2026-09-16 00:00:00,08:48:55,4795,0,0,0,0,4795,4795,0,posted,فاتورة كاش اوفلاين - تم المزامنة,5,,2026-09-16 08:48:55,2026-09-17 08:02:39,,,2026-09-16 08:48:55,SALE-1789548534584-2330,260916-2026-023,mobile,offline,,synced,2026-09-16 08:48:55,,2,7,SALE-1789548534584-2330
2514,2,1,1,73,275,17,4,744,,,1,260916-2025-020,2026-09-16 00:00:00,08:49:35,6713,0,0,0,0,6713,6713,0,posted,فاتورة كاش اوفلاين - تم المزامنة,4,,2026-09-16 08:49:35,2026-09-17 07:09:43,,,2026-09-16 08:49:35,SALE-1789548575047-4742,260916-2025-020,mobile,offline,,synced,2026-09-16 08:49:35,,3,7,SALE-1789548575047-4742
2515,2,1,1,73,275,17,4,752,,,1,260916-2025-021,2026-09-16 00:00:00,08:51:01,9590,0,0,0,0,9590,9590,0,posted,فاتورة كاش اوفلاين - تم المزامنة,4,,2026-09-16 08:51:01,2026-09-17 07:09:43,,,2026-09-16 08:51:01,SALE-1789548660625-1667,260916-2025-021,mobile,offline,,synced,2026-09-16 08:51:01,,3,7,SALE-1789548660625-1667
2516,2,1,1,74,274,13,5,1160,,,1,260916-2026-024,2026-09-16 00:00:00,08:52:59,9590,0,0,0,0,9590,9590,0,posted,فاتورة كاش اوفلاين - تم المزامنة,5,,2026-09-16 08:52:59,2026-09-17 08:02:39,,,2026-09-16 08:52:59,SALE-1789548779266-5489,260916-2026-024,mobile,offline,,synced,2026-09-16 08:52:59,,2,7,SALE-1789548779266-5489
2517,2,1,1,73,275,17,4,764,,,1,260916-2025-022,2026-09-16 00:00:00,08:53:55,50347.5,0,0,0,0,50347.5,50347.5,0,posted,فاتورة كاش اوفلاين - تم المزامنة,4,,2026-09-16 08:53:55,2026-09-17 07:09:44,,,2026-09-16 08:53:55,SALE-1789548834699-9669,260916-2025-022,mobile,offline,,synced,2026-09-16 08:53:55,,3,7,SALE-1789548834699-9669
2518,2,1,1,74,274,13,5,1126,,,1,260916-2026-025,2026-09-16 00:00:00,08:54:25,9590,0,0,0,0,9590,9590,0,posted,فاتورة كاش اوفلاين - تم المزامنة,5,,2026-09-16 08:54:25,2026-09-17 08:26:07,,,2026-09-16 08:54:25,SALE-1789548864551-6841,260916-2026-025,mobile,offline,,synced,2026-09-16 08:54:25,,2,7,SALE-1789548864551-6841
2519,2,1,1,73,275,17,4,718,,,1,260916-2025-023,2026-09-16 00:00:00,08:55:46,23975,0,0,0,0,23975,23975,0,posted,فاتورة كاش اوفلاين - تم المزامنة,4,,2026-09-16 08:55:46,2026-09-17 07:09:44,,,2026-09-16 08:55:46,SALE-1789548945577-7552,260916-2025-023,mobile,offline,,synced,2026-09-16 08:55:46,,3,7,SALE-1789548945577-7552
2520,2,1,1,74,274,13,5,1134,,,1,260916-2026-026,2026-09-16 00:00:00,08:56:17,14385,0,0,0,0,14385,14385,0,posted,فاتورة كاش اوفلاين - تم المزامنة,5,,2026-09-16 08:56:17,2026-09-17 08:26:08,,,2026-09-16 08:56:17,SALE-1789548977271-1992,260916-2026-026,mobile,offline,,synced,2026-09-16 08:56:17,,2,7,SALE-1789548977271-1992
2521,2,1,1,74,274,13,5,1137,,,1,260916-2026-027,2026-09-16 00:00:00,08:57:40,4795,0,0,0,0,4795,4795,0,posted,فاتورة كاش اوفلاين - تم المزامنة,5,,2026-09-16 08:57:40,2026-09-17 08:26:08,,,2026-09-16 08:57:40,SALE-1789549059591-3740,260916-2026-027,mobile,offline,,synced,2026-09-16 08:57:40,,2,7,SALE-1789549059591-3740
2522,2,1,1,73,275,17,4,748,,,1,260916-2025-024,2026-09-16 00:00:00,08:58:45,9590,0,0,0,0,9590,9590,0,posted,فاتورة كاش اوفلاين - تم المزامنة,4,,2026-09-16 08:58:45,2026-09-17 07:09:45,,,2026-09-16 08:58:45,SALE-1789549124722-3033,260916-2025-024,mobile,offline,,synced,2026-09-16 08:58:45,,3,7,SALE-1789549124722-3033
2523,2,1,1,73,275,17,4,706,,,1,260916-2025-025,2026-09-16 00:00:00,09:00:04,4795,0,0,0,0,4795,4795,0,posted,فاتورة كاش اوفلاين - تم المزامنة,4,,2026-09-16 09:00:04,2026-09-17 07:09:45,,,2026-09-16 09:00:04,SALE-1789549203638-3348,260916-2025-025,mobile,offline,,synced,2026-09-16 09:00:04,,3,7,SALE-1789549203638-3348
2524,2,1,1,74,274,13,5,1127,,,1,260916-2026-028,2026-09-16 00:00:00,09:01:22,7192.5,0,0,0,0,7192.5,7192.5,0,posted,فاتورة كاش اوفلاين - تم المزامنة,5,,2026-09-16 09:01:22,2026-09-17 08:26:09,,,2026-09-16 09:01:22,SALE-1789549281891-5015,260916-2026-028,mobile,offline,,synced,2026-09-16 09:01:22,,2,7,SALE-1789549281891-5015
2525,2,1,1,74,274,13,5,1106,,,1,260916-2026-029,2026-09-16 00:00:00,09:02:40,47950,0,0,0,0,47950,47950,0,posted,فاتورة كاش اوفلاين - تم المزامنة,5,,2026-09-16 09:02:40,2026-09-17 08:26:10,,,2026-09-16 09:02:40,SALE-1789549360349-5591,260916-2026-029,mobile,offline,,synced,2026-09-16 09:02:40,,2,7,SALE-1789549360349-5591
2526,2,1,1,73,275,17,4,734,,,1,260916-2025-026,2026-09-16 00:00:00,09:04:02,47950,0,0,0,0,47950,47950,0,posted,فاتورة كاش اوفلاين - تم المزامنة,4,,2026-09-16 09:04:02,2026-09-17 07:09:46,,,2026-09-16 09:04:02,SALE-1789549441976-5024,260916-2025-026,mobile,offline,,synced,2026-09-16 09:04:02,,3,7,SALE-1789549441976-5024
2527,2,1,1,74,274,13,5,1166,,,1,260916-2026-030,2026-09-16 00:00:00,09:07:32,7192.5,0,0,0,0,7192.5,7192.5,0,posted,فاتورة كاش اوفلاين - تم المزامنة,5,,2026-09-16 09:07:32,2026-09-17 08:26:10,,,2026-09-16 09:07:32,SALE-1789549651951-4096,260916-2026-030,mobile,offline,,synced,2026-09-16 09:07:32,,2,7,SALE-1789549651951-4096
2528,2,1,1,73,275,17,4,761,,,1,260916-2025-027,2026-09-16 00:00:00,09:12:33,3836,0,0,0,0,3836,3836,0,posted,فاتورة كاش اوفلاين - تم المزامنة,4,,2026-09-16 09:12:33,2026-09-17 07:09:47,,,2026-09-16 09:12:33,SALE-1789549953399-2193,260916-2025-027,mobile,offline,,synced,2026-09-16 09:12:33,,3,7,SALE-1789549953399-2193
2529,2,1,1,73,275,17,4,749,,,1,260916-2025-028,2026-09-16 00:00:00,09:13:10,3356.5,0,0,0,0,3356.5,3356.5,0,posted,فاتورة كاش اوفلاين - تم المزامنة,4,,2026-09-16 09:13:10,2026-09-17 07:09:47,,,2026-09-16 09:13:10,SALE-1789549989891-3174,260916-2025-028,mobile,offline,,synced,2026-09-16 09:13:10,,3,7,SALE-1789549989891-3174
2530,2,1,1,74,274,13,5,1161,,,1,260916-2026-031,2026-09-16 00:00:00,09:14:09,71925,0,0,0,0,71925,71925,0,posted,فاتورة كاش اوفلاين - تم المزامنة,5,,2026-09-16 09:14:09,2026-09-17 08:26:11,,,2026-09-16 09:14:09,SALE-1789550048916-7962,260916-2026-031,mobile,offline,,synced,2026-09-16 09:14:09,,2,7,SALE-1789550048916-7962
2531,2,1,1,74,274,13,5,1163,,,1,260916-2026-032,2026-09-16 00:00:00,09:14:52,4795,0,0,0,0,4795,4795,0,posted,فاتورة كاش اوفلاين - تم المزامنة,5,,2026-09-16 09:14:52,2026-09-17 08:26:11,,,2026-09-16 09:14:52,SALE-1789550092276-7366,260916-2026-032,mobile,offline,,synced,2026-09-16 09:14:52,,2,7,SALE-1789550092276-7366
2532,2,1,1,73,275,17,4,699,,,1,260916-2025-029,2026-09-16 00:00:00,09:16:49,23975,0,0,0,0,23975,23975,0,posted,فاتورة كاش اوفلاين - تم المزامنة,4,,2026-09-16 09:16:49,2026-09-17 07:09:48,,,2026-09-16 09:16:49,SALE-1789550209056-9856,260916-2025-029,mobile,offline,,synced,2026-09-16 09:16:49,,3,7,SALE-1789550209056-9856
2533,2,1,1,73,275,17,4,700,,,1,260916-2025-030,2026-09-16 00:00:00,09:17:42,33565,0,0,0,0,33565,33565,0,posted,فاتورة كاش اوفلاين - تم المزامنة,4,,2026-09-16 09:17:42,2026-09-17 07:09:48,,,2026-09-16 09:17:42,SALE-1789550262227-2176,260916-2025-030,mobile,offline,,synced,2026-09-16 09:17:42,,3,7,SALE-1789550262227-2176
2534,2,1,1,74,274,13,5,1114,,,1,260916-2026-033,2026-09-16 00:00:00,09:18:08,23975,0,0,0,0,23975,23975,0,posted,فاتورة كاش اوفلاين - تم المزامنة,5,,2026-09-16 09:18:08,2026-09-17 08:26:12,,,2026-09-16 09:18:08,SALE-1789550287917-1796,260916-2026-033,mobile,offline,,synced,2026-09-16 09:18:08,,2,7,SALE-1789550287917-1796
2535,2,1,1,73,275,17,4,769,,,1,260916-2025-031,2026-09-16 00:00:00,09:18:20,23975,0,0,0,0,23975,23975,0,posted,فاتورة كاش اوفلاين - تم المزامنة,4,,2026-09-16 09:18:20,2026-09-17 07:09:49,,,2026-09-16 09:18:20,SALE-1789550299848-9802,260916-2025-031,mobile,offline,,synced,2026-09-16 09:18:20,,3,7,SALE-1789550299848-9802
2536,2,1,1,74,274,13,5,1139,,,1,260916-2026-034,2026-09-16 00:00:00,09:21:53,23975,0,0,0,0,23975,23975,0,posted,فاتورة كاش اوفلاين - تم المزامنة,5,,2026-09-16 09:21:53,2026-09-17 08:26:12,,,2026-09-16 09:21:53,SALE-1789550512925-1674,260916-2026-034,mobile,offline,,synced,2026-09-16 09:21:53,,2,7,SALE-1789550512925-1674
2537,2,1,1,73,275,18,4,803,,,1,260916-2025-032,2026-09-16 00:00:00,09:30:53,11028.5,0,0,0,0,11028.5,11028.5,0,posted,فاتورة كاش اوفلاين - تم المزامنة,4,,2026-09-16 09:30:53,2026-09-17 07:09:49,,,2026-09-16 09:30:53,SALE-1789551052527-2794,260916-2025-032,mobile,offline,,synced,2026-09-16 09:30:53,,3,7,SALE-1789551052527-2794
2538,2,1,1,74,274,13,5,1159,,,1,260916-2026-035,2026-09-16 00:00:00,09:35:35,23975,0,0,0,0,23975,23975,0,posted,فاتورة كاش اوفلاين - تم المزامنة,5,,2026-09-16 09:35:35,2026-09-17 08:26:13,,,2026-09-16 09:35:35,SALE-1789551335487-7232,260916-2026-035,mobile,offline,,synced,2026-09-16 09:35:35,,2,7,SALE-1789551335487-7232
2539,2,1,1,74,274,13,5,1168,,,1,260916-2026-037,2026-09-16 00:00:00,09:40:29,35962.5,0,0,0,0,35962.5,35962.5,0,posted,فاتورة كاش اوفلاين - تم المزامنة,5,,2026-09-16 09:40:29,2026-09-17 08:26:13,,,2026-09-16 09:40:29,SALE-1789551628494-9353,260916-2026-037,mobile,offline,,synced,2026-09-16 09:40:29,,2,7,SALE-1789551628494-9353
2540,2,1,1,73,275,17,4,760,,,1,260916-2025-033,2026-09-16 00:00:00,09:50:39,146247.5,0,0,0,0,146247.5,146247.5,0,posted,فاتورة كاش اوفلاين - تم المزامنة,4,,2026-09-16 09:50:39,2026-09-17 07:09:50,,,2026-09-16 09:50:39,SALE-1789552239225-4610,260916-2025-033,mobile,offline,,synced,2026-09-16 09:50:39,,3,,SALE-1789552239225-4610
2541,2,1,1,74,274,14,5,1036,,,1,260916-2026-038,2026-09-16 00:00:00,09:55:57,47950,0,0,0,0,47950,47950,0,posted,فاتورة كاش اوفلاين - تم المزامنة,5,,2026-09-16 09:55:57,2026-09-16 09:55:57,,,2026-09-16 09:55:57,SALE-1789552556599-8189,260916-2026-038,mobile,offline,,synced,2026-09-16 09:55:57,,2,7,SALE-1789552556599-8189
2542,2,1,1,73,275,17,4,715,,,1,260916-2025-034,2026-09-16 00:00:00,09:56:07,9590,0,0,0,0,9590,9590,0,posted,فاتورة كاش اوفلاين - تم المزامنة,4,,2026-09-16 09:56:07,2026-09-17 07:09:50,,,2026-09-16 09:56:07,SALE-1789552566939-8155,260916-2025-034,mobile,offline,,synced,2026-09-16 09:56:07,,3,7,SALE-1789552566939-8155
2543,2,1,1,73,275,17,4,720,,,1,260916-2025-035,2026-09-16 00:00:00,10:00:39,119875,0,0,0,0,119875,119875,0,posted,فاتورة كاش اوفلاين - تم المزامنة,4,,2026-09-16 10:00:39,2026-09-17 07:09:51,,,2026-09-16 10:00:39,SALE-1789552838964-4541,260916-2025-035,mobile,offline,,synced,2026-09-16 10:00:39,,3,7,SALE-1789552838964-4541
2544,2,1,1,74,274,13,5,1136,,,1,260916-2026-039,2026-09-16 00:00:00,10:05:06,20139,0,0,0,0,20139,20139,0,posted,فاتورة كاش اوفلاين - تم المزامنة,5,,2026-09-16 10:05:06,2026-09-17 08:26:16,,,2026-09-16 10:05:06,SALE-1789553106295-2728,260916-2026-039,mobile,offline,,synced,2026-09-16 10:05:06,,2,7,SALE-1789553106295-2728
2545,2,1,1,73,275,17,4,757,,,1,260916-2025-036,2026-09-16 00:00:00,10:07:23,15823.5,0,0,0,0,15823.5,15823.5,0,posted,فاتورة كاش اوفلاين - تم المزامنة,4,,2026-09-16 10:07:23,2026-09-17 07:09:51,,,2026-09-16 10:07:23,SALE-1789553243132-3369,260916-2025-036,mobile,offline,,synced,2026-09-16 10:07:23,,3,7,SALE-1789553243132-3369
2546,2,1,1,74,274,13,5,1162,,,1,260916-2026-040,2026-09-16 00:00:00,10:18:26,2397.5,0,0,0,0,2397.5,2397.5,0,posted,فاتورة كاش اوفلاين - تم المزامنة,5,,2026-09-16 10:18:26,2026-09-16 10:18:26,,,2026-09-16 10:18:26,SALE-1789553906046-2266,260916-2026-040,mobile,offline,,synced,2026-09-16 10:18:26,,2,7,SALE-1789553906046-2266
2547,2,1,1,74,274,13,5,1480,,,1,260916-2026-041,2026-09-16 00:00:00,10:39:58,23975,0,0,0,0,23975,23975,0,posted,فاتورة كاش اوفلاين - تم المزامنة,5,,2026-09-16 10:39:58,2026-09-17 08:26:17,,,2026-09-16 10:39:58,SALE-1789555198170-6863,260916-2026-041,mobile,offline,,synced,2026-09-16 10:39:58,,2,8,SALE-1789555198170-6863
2548,2,1,1,74,274,15,5,1463,,,1,260916-2026-042,2026-09-16 00:00:00,10:43:59,334950,0,0,0,0,334950,334950,0,posted,فاتورة كاش اوفلاين - تم المزامنة,5,,2026-09-16 10:43:59,2026-09-17 08:26:18,,,2026-09-16 10:43:59,SALE-1789555439096-9784,260916-2026-042,mobile,offline,,synced,2026-09-16 10:43:59,,2,6,SALE-1789555439096-9784
2549,2,1,1,74,274,16,5,1408,,,1,260916-2026-043,2026-09-16 00:00:00,10:59:58,1918,0,0,0,0,1918,1918,0,posted,فاتورة كاش اوفلاين - تم المزامنة,5,,2026-09-16 10:59:58,2026-09-16 10:59:58,,,2026-09-16 10:59:58,SALE-1789556397874-736,260916-2026-043,mobile,offline,,synced,2026-09-16 10:59:58,,2,7,SALE-1789556397874-736
2550,2,1,1,73,275,9,4,1240,,,1,260916-2025-037,2026-09-16 00:00:00,11:19:10,119875,0,0,0,0,119875,119875,0,posted,فاتورة كاش اوفلاين - تم المزامنة,4,,2026-09-16 11:19:10,2026-09-17 07:09:52,,,2026-09-16 11:19:10,SALE-1789557549677-9834,260916-2025-037,mobile,offline,,synced,2026-09-16 11:19:10,,1,7,SALE-1789557549677-9834
2551,2,1,1,73,275,9,4,697,,,1,260916-2025-038,2026-09-16 00:00:00,11:19:34,119875,0,0,0,0,119875,119875,0,posted,فاتورة كاش اوفلاين - تم المزامنة,4,,2026-09-16 11:19:34,2026-09-17 07:09:52,,,2026-09-16 11:19:34,SALE-1789557573801-452,260916-2025-038,mobile,offline,,synced,2026-09-16 11:19:34,,1,8,SALE-1789557573801-452
2552,2,1,1,,,,,697,,,1,SA-00033,2026-09-16 00:00:00,12:00:58,422919,0,0,63437.85,0,486356.85,0,486356.85,approved,Ø£Ù…Ø± Ø¨ÙŠØ¹ Ù…Ù† Ø§ØºÙ„Ø§Ù‚ Ø§Ù„Ø¥Ø°Ù† RO-00034,2,2,2026-09-16 12:00:58,2026-09-16 12:00:58,2026-09-17 17:14:07,,,,,desktop,,,synced,,,,,
2553,2,1,1,,,,,697,,,1,SA-00034,2026-09-16 00:00:00,12:01:41,575879.5,0,0,86381.925,0,662261.425,0,662261.425,approved,Ø£Ù…Ø± Ø¨ÙŠØ¹ Ù…Ù† Ø§ØºÙ„Ø§Ù‚ Ø§Ù„Ø¥Ø°Ù† RO-00035,2,2,2026-09-16 12:01:41,2026-09-16 12:01:41,2026-09-17 17:14:07,,,,,desktop,,,synced,,,,,
2554,2,1,1,75,277,8,4,1000,,,1,260917-2025-002,2026-09-17 00:00:00,07:09:53,8151.5,0,0,0,0,8151.5,8151.5,0,posted,فاتورة كاش اوفلاين - تم المزامنة,4,,2026-09-17 07:09:53,2026-09-17 07:09:53,,,2026-09-17 07:09:53,SALE-1789628813215-439,260917-2025-002,mobile,offline,,synced,2026-09-17 07:09:53,,1,7,SALE-1789628813215-439
2555,2,1,1,75,277,8,4,990,,,1,260917-2025-003,2026-09-17 00:00:00,07:09:53,9590,0,0,0,0,9590,9590,0,posted,فاتورة كاش اوفلاين - تم المزامنة,4,,2026-09-17 07:09:53,2026-09-17 07:09:53,,,2026-09-17 07:09:53,SALE-1789628875625-8564,260917-2025-003,mobile,offline,,synced,2026-09-17 07:09:53,,1,7,SALE-1789628875625-8564
2556,2,1,1,75,277,8,4,1002,,,1,260917-2025-004,2026-09-17 00:00:00,07:09:54,4795,0,0,0,0,4795,4795,0,posted,فاتورة كاش اوفلاين - تم المزامنة,4,,2026-09-17 07:09:54,2026-09-17 07:09:54,,,2026-09-17 07:09:54,SALE-1789628944607-3211,260917-2025-004,mobile,offline,,synced,2026-09-17 07:09:54,,1,7,SALE-1789628944607-3211
2557,2,1,1,75,277,8,4,1020,,,1,260917-2025-005,2026-09-17 00:00:00,07:10:31,5274.5,0,0,0,0,5274.5,5274.5,0,posted,فاتورة كاش اوفلاين - تم المزامنة,4,,2026-09-17 07:10:31,2026-09-17 07:10:31,,,2026-09-17 07:10:31,SALE-1789629031090-498,260917-2025-005,mobile,offline,,synced,2026-09-17 07:10:31,,1,7,SALE-1789629031090-498
2558,2,1,1,75,277,8,4,1015,,,1,260917-2025-006,2026-09-17 00:00:00,07:12:00,47950,0,0,0,0,47950,47950,0,posted,فاتورة كاش اوفلاين - تم المزامنة,4,,2026-09-17 07:12:00,2026-09-17 07:12:00,,,2026-09-17 07:12:00,SALE-1789629119922-1844,260917-2025-006,mobile,offline,,synced,2026-09-17 07:12:00,,1,7,SALE-1789629119922-1844
2559,2,1,1,75,277,8,4,1017,,,1,260917-2025-007,2026-09-17 00:00:00,07:15:02,191800,0,0,0,0,191800,191800,0,posted,فاتورة كاش اوفلاين - تم المزامنة,4,,2026-09-17 07:15:02,2026-09-17 07:15:02,,,2026-09-17 07:15:02,SALE-1789629301493-1720,260917-2025-007,mobile,offline,,synced,2026-09-17 07:15:02,,1,7,SALE-1789629301493-1720
2560,2,1,1,75,277,8,4,1022,,,1,260917-2025-008,2026-09-17 00:00:00,07:18:06,4795,0,0,0,0,4795,4795,0,posted,فاتورة كاش اوفلاين - تم المزامنة,4,,2026-09-17 07:18:06,2026-09-17 07:18:06,,,2026-09-17 07:18:06,SALE-1789629486216-5475,260917-2025-008,mobile,offline,,synced,2026-09-17 07:18:06,,1,7,SALE-1789629486216-5475
2561,2,1,1,75,277,8,4,994,,,1,260917-2025-009,2026-09-17 00:00:00,07:27:25,23975,0,0,0,0,23975,23975,0,posted,فاتورة كاش اوفلاين - تم المزامنة,4,,2026-09-17 07:27:25,2026-09-17 07:27:25,,,2026-09-17 07:27:25,SALE-1789630044755-9349,260917-2025-009,mobile,offline,,synced,2026-09-17 07:27:25,,1,7,SALE-1789630044755-9349
2562,2,1,1,75,277,8,4,1013,,,1,260917-2025-010,2026-09-17 00:00:00,07:28:30,1438.5,0,0,0,0,1438.5,1438.5,0,posted,فاتورة كاش اوفلاين - تم المزامنة,4,,2026-09-17 07:28:30,2026-09-17 07:28:30,,,2026-09-17 07:28:30,SALE-1789630109887-3238,260917-2025-010,mobile,offline,,synced,2026-09-17 07:28:30,,1,7,SALE-1789630109887-3238
2563,2,1,1,75,277,8,4,1012,,,1,260917-2025-011,2026-09-17 00:00:00,07:31:11,23975,0,0,0,0,23975,23975,0,posted,فاتورة كاش اوفلاين - تم المزامنة,4,,2026-09-17 07:31:11,2026-09-17 07:31:11,,,2026-09-17 07:31:11,SALE-1789630271372-5491,260917-2025-011,mobile,offline,,synced,2026-09-17 07:31:11,,1,7,SALE-1789630271372-5491
2564,2,1,1,75,277,8,4,996,,,1,260917-2025-012,2026-09-17 00:00:00,07:35:51,6233.5,0,0,0,0,6233.5,6233.5,0,posted,فاتورة كاش اوفلاين - تم المزامنة,4,,2026-09-17 07:35:51,2026-09-17 07:35:51,,,2026-09-17 07:35:51,SALE-1789630551136-2001,260917-2025-012,mobile,offline,,synced,2026-09-17 07:35:51,,1,7,SALE-1789630551136-2001
2565,2,1,1,75,277,8,4,1011,,,1,260917-2025-014,2026-09-17 00:00:00,07:47:08,5274.5,0,0,0,0,5274.5,5274.5,0,posted,فاتورة كاش اوفلاين - تم المزامنة,4,,2026-09-17 07:47:08,2026-09-17 07:47:08,,,2026-09-17 07:47:08,SALE-1789631227750-4397,260917-2025-014,mobile,offline,,synced,2026-09-17 07:47:08,,1,7,SALE-1789631227750-4397
2566,2,1,1,75,277,8,4,1018,,,1,260917-2025-015,2026-09-17 00:00:00,07:49:15,1918,0,0,0,0,1918,1918,0,posted,فاتورة كاش اوفلاين - تم المزامنة,4,,2026-09-17 07:49:15,2026-09-17 07:49:15,,,2026-09-17 07:49:15,SALE-1789631354585-1493,260917-2025-015,mobile,offline,,synced,2026-09-17 07:49:15,,1,7,SALE-1789631354585-1493
2567,2,1,1,75,277,8,4,1006,,,1,260917-2025-016,2026-09-17 00:00:00,07:50:31,9590,0,0,0,0,9590,9590,0,posted,فاتورة كاش اوفلاين - تم المزامنة,4,,2026-09-17 07:50:31,2026-09-17 07:50:31,,,2026-09-17 07:50:31,SALE-1789631431185-8086,260917-2025-016,mobile,offline,,synced,2026-09-17 07:50:31,,1,7,SALE-1789631431185-8086
2568,2,1,1,75,277,8,4,1003,,,1,260917-2025-017,2026-09-17 00:00:00,07:59:03,38360,0,0,0,0,38360,38360,0,posted,فاتورة كاش اوفلاين - تم المزامنة,4,,2026-09-17 07:59:03,2026-09-17 07:59:03,,,2026-09-17 07:59:03,SALE-1789631942793-8212,260917-2025-017,mobile,offline,,synced,2026-09-17 07:59:03,,1,7,SALE-1789631942793-8212
2569,2,1,1,75,277,8,4,1001,,,1,260917-2025-018,2026-09-17 00:00:00,08:05:30,10069.5,0,0,0,0,10069.5,10069.5,0,posted,فاتورة كاش اوفلاين - تم المزامنة,4,,2026-09-17 08:05:30,2026-09-17 08:05:31,,,2026-09-17 08:05:31,SALE-1789632330060-496,260917-2025-018,mobile,offline,,synced,2026-09-17 08:05:30,,1,7,SALE-1789632330060-496
2570,2,1,1,75,277,8,4,992,,,1,260917-2025-019,2026-09-17 00:00:00,08:18:36,35962.5,0,0,0,0,35962.5,35962.5,0,posted,فاتورة كاش اوفلاين - تم المزامنة,4,,2026-09-17 08:18:36,2026-09-17 08:18:36,,,2026-09-17 08:18:36,SALE-1789633115700-6980,260917-2025-019,mobile,offline,,synced,2026-09-17 08:18:36,,1,7,SALE-1789633115700-6980
2571,2,1,1,75,277,8,4,995,,,1,260917-2025-020,2026-09-17 00:00:00,08:21:19,50347.5,0,0,0,0,50347.5,50347.5,0,posted,فاتورة كاش اوفلاين - تم المزامنة,4,,2026-09-17 08:21:19,2026-09-17 08:21:19,,,2026-09-17 08:21:19,SALE-1789633278804-3566,260917-2025-020,mobile,offline,,synced,2026-09-17 08:21:19,,1,7,SALE-1789633278804-3566
2572,2,1,1,75,277,8,4,999,,,1,260917-2025-021,2026-09-17 00:00:00,08:23:13,11987.5,0,0,0,0,11987.5,11987.5,0,posted,فاتورة كاش اوفلاين - تم المزامنة,4,,2026-09-17 08:23:13,2026-09-17 08:23:13,,,2026-09-17 08:23:13,SALE-1789633392456-1647,260917-2025-021,mobile,offline,,synced,2026-09-17 08:23:13,,1,7,SALE-1789633392456-1647
2573,2,1,1,75,277,8,4,1019,,,1,260917-2025-022,2026-09-17 00:00:00,08:24:25,9590,0,0,0,0,9590,9590,0,posted,فاتورة كاش اوفلاين - تم المزامنة,4,,2026-09-17 08:24:25,2026-09-17 08:24:25,,,2026-09-17 08:24:25,SALE-1789633465395-3707,260917-2025-022,mobile,offline,,synced,2026-09-17 08:24:25,,1,7,SALE-1789633465395-3707
2574,2,1,1,76,276,13,5,1158,,,1,260917-2026-001,2026-09-17 00:00:00,08:26:19,11987.5,0,0,0,0,11987.5,11987.5,0,posted,فاتورة كاش اوفلاين - تم المزامنة,5,,2026-09-17 08:26:19,2026-09-17 08:26:19,,,2026-09-17 08:26:19,SALE-1789630577521-3420,260917-2026-001,mobile,offline,,synced,2026-09-17 08:26:19,,2,7,SALE-1789630577521-3420
2575,2,1,1,76,276,18,5,865,,,1,260917-2026-002,2026-09-17 00:00:00,08:26:20,95900,0,0,0,0,95900,95900,0,posted,فاتورة كاش اوفلاين - تم المزامنة,5,,2026-09-17 08:26:20,2026-09-17 08:26:20,,,2026-09-17 08:26:20,SALE-1789632101468-9410,260917-2026-002,mobile,offline,,synced,2026-09-17 08:26:20,,3,7,SALE-1789632101468-9410
2576,2,1,1,76,276,18,5,982,,,1,260917-2026-003,2026-09-17 00:00:00,08:26:20,71925,0,0,0,0,71925,71925,0,posted,فاتورة كاش اوفلاين - تم المزامنة,5,,2026-09-17 08:26:20,2026-09-17 08:26:20,,,2026-09-17 08:26:20,SALE-1789632140628-8426,260917-2026-003,mobile,offline,,synced,2026-09-17 08:26:20,,3,7,SALE-1789632140628-8426
2577,2,1,1,76,276,18,5,861,,,1,260917-2026-004,2026-09-17 00:00:00,08:26:53,23975,0,0,0,0,23975,23975,0,posted,فاتورة كاش اوفلاين - تم المزامنة,5,,2026-09-17 08:26:53,2026-09-17 08:26:53,,,2026-09-17 08:26:53,SALE-1789633613124-8655,260917-2026-004,mobile,offline,,synced,2026-09-17 08:26:53,,3,7,SALE-1789633613124-8655
2578,2,1,1,75,277,8,4,1005,,,1,260917-2025-023,2026-09-17 00:00:00,08:33:41,30208.5,0,0,0,0,30208.5,30208.5,0,posted,فاتورة كاش اوفلاين - تم المزامنة,4,,2026-09-17 08:33:41,2026-09-17 08:33:41,,,2026-09-17 08:33:41,SALE-1789634020494-9363,260917-2025-023,mobile,offline,,synced,2026-09-17 08:33:41,,1,7,SALE-1789634020494-9363
2579,2,1,1,75,277,8,4,989,,,1,260917-2025-024,2026-09-17 00:00:00,08:36:09,7192.5,0,0,0,0,7192.5,7192.5,0,posted,فاتورة كاش اوفلاين - تم المزامنة,4,,2026-09-17 08:36:09,2026-09-17 08:36:09,,,2026-09-17 08:36:09,SALE-1789634168497-5120,260917-2025-024,mobile,offline,,synced,2026-09-17 08:36:09,,1,7,SALE-1789634168497-5120
2580,2,1,1,75,277,8,4,993,,,1,260917-2025-025,2026-09-17 00:00:00,08:38:52,95900,0,0,0,0,95900,95900,0,posted,فاتورة كاش اوفلاين - تم المزامنة,4,,2026-09-17 08:38:52,2026-09-17 08:38:52,,,2026-09-17 08:38:52,SALE-1789634331634-4006,260917-2025-025,mobile,offline,,synced,2026-09-17 08:38:52,,1,7,SALE-1789634331634-4006
2581,2,1,1,76,276,18,5,915,,,1,260917-2026-005,2026-09-17 00:00:00,08:54:11,23975,0,0,0,0,23975,23975,0,posted,فاتورة كاش اوفلاين - تم المزامنة,5,,2026-09-17 08:54:11,2026-09-17 08:54:11,,,2026-09-17 08:54:11,SALE-1789635250791-2367,260917-2026-005,mobile,offline,,synced,2026-09-17 08:54:11,,3,7,SALE-1789635250791-2367
2582,2,1,1,76,276,14,5,1033,,,1,260917-2026-006,2026-09-17 00:00:00,09:30:50,62335,0,0,0,0,62335,62335,0,posted,فاتورة كاش اوفلاين - تم المزامنة,5,,2026-09-17 09:30:50,2026-09-17 09:30:50,,,2026-09-17 09:30:50,SALE-1789637449861-8780,260917-2026-006,mobile,offline,,synced,2026-09-17 09:30:50,,2,7,SALE-1789637449861-8780
2583,2,1,1,76,276,13,5,1162,,,1,260917-2026-007,2026-09-17 00:00:00,09:31:34,4795,0,0,0,0,4795,4795,0,posted,فاتورة كاش اوفلاين - تم المزامنة,5,,2026-09-17 09:31:34,2026-09-17 09:31:34,,,2026-09-17 09:31:34,SALE-1789637494288-7951,260917-2026-007,mobile,offline,,synced,2026-09-17 09:31:34,,2,7,SALE-1789637494288-7951
2584,2,1,1,75,277,8,4,697,,,1,260917-2025-026,2026-09-17 00:00:00,09:35:27,4795,0,0,0,0,4795,4795,0,posted,فاتورة كاش اوفلاين - تم المزامنة,4,,2026-09-17 09:35:27,2026-09-17 09:35:27,,,2026-09-17 09:35:27,SALE-1789637726781-9399,260917-2025-026,mobile,offline,,synced,2026-09-17 09:35:27,,1,8,SALE-1789637726781-9399
2585,2,1,1,76,276,15,5,790,,,1,260917-2026-008,2026-09-17 00:00:00,09:39:58,16782.5,0,0,0,0,16782.5,16782.5,0,posted,فاتورة كاش اوفلاين - تم المزامنة,5,,2026-09-17 09:39:58,2026-09-17 09:39:58,,,2026-09-17 09:39:58,SALE-1789637997709-1186,260917-2026-008,mobile,offline,,synced,2026-09-17 09:39:58,,2,7,SALE-1789637997709-1186
2586,2,1,1,76,276,15,5,792,,,1,260917-2026-009,2026-09-17 00:00:00,09:48:16,19180,0,0,0,0,19180,19180,0,posted,فاتورة كاش اوفلاين - تم المزامنة,5,,2026-09-17 09:48:16,2026-09-17 09:48:16,,,2026-09-17 09:48:16,SALE-1789638495644-8031,260917-2026-009,mobile,offline,,synced,2026-09-17 09:48:16,,2,7,SALE-1789638495644-8031
2587,2,1,1,76,276,15,5,779,,,1,260917-2026-010,2026-09-17 00:00:00,10:25:11,239750,0,0,0,0,239750,239750,0,posted,فاتورة كاش اوفلاين - تم المزامنة,5,,2026-09-17 10:25:11,2026-09-17 10:25:11,,,2026-09-17 10:25:11,SALE-1789640710201-4585,260917-2026-010,mobile,offline,,synced,2026-09-17 10:25:11,,2,7,SALE-1789640710201-4585
2588,2,1,1,76,276,16,5,1379,,,1,260917-2026-011,2026-09-17 00:00:00,10:39:05,14385,0,0,0,0,14385,14385,0,posted,فاتورة كاش اوفلاين - تم المزامنة,5,,2026-09-17 10:39:05,2026-09-17 10:39:05,,,2026-09-17 10:39:05,SALE-1789641544393-521,260917-2026-011,mobile,offline,,synced,2026-09-17 10:39:05,,2,7,SALE-1789641544393-521
2589,2,1,1,76,276,15,5,799,,,1,260917-2026-012,2026-09-17 00:00:00,10:42:31,47950,0,0,0,0,47950,47950,0,posted,فاتورة كاش اوفلاين - تم المزامنة,5,,2026-09-17 10:42:31,2026-09-17 10:42:31,,,2026-09-17 10:42:31,SALE-1789641749293-7011,260917-2026-012,mobile,offline,,synced,2026-09-17 10:42:31,,2,7,SALE-1789641749293-7011
2590,2,1,1,76,276,15,5,780,,,1,260917-2026-013,2026-09-17 00:00:00,10:43:29,246942.5,0,0,0,0,246942.5,246942.5,0,posted,فاتورة كاش اوفلاين - تم المزامنة,5,,2026-09-17 10:43:29,2026-09-17 10:45:55,,,2026-09-17 10:43:29,SALE-1789641808868-3580,260917-2026-013,mobile,offline,,synced,2026-09-17 10:43:29,,2,,SALE-1789641808868-3580
2591,2,1,1,76,276,15,5,782,,,1,260917-2026-014,2026-09-17 00:00:00,10:46:31,599375,0,0,0,0,599375,599375,0,posted,فاتورة كاش اوفلاين - تم المزامنة,5,,2026-09-17 10:46:31,2026-09-17 10:46:31,,,2026-09-17 10:46:31,SALE-1789641991163-5951,260917-2026-014,mobile,offline,,synced,2026-09-17 10:46:31,,2,7,SALE-1789641991163-5951
2592,2,1,1,,,,,697,,,1,SA-00035,2026-09-17 00:00:00,11:38:10,1062092.5,0,0,159313.875,0,1221406.375,0,1221406.375,approved,Ø£Ù…Ø± Ø¨ÙŠØ¹ Ù…Ù† Ø§ØºÙ„Ø§Ù‚ Ø§Ù„Ø¥Ø°Ù† RO-00037,2,2,2026-09-17 11:38:10,2026-09-17 11:38:10,2026-09-17 16:43:19,,,,,desktop,,,synced,,,,,
2593,2,1,1,,,,,697,,,1,SA-00036,2026-09-17 00:00:00,11:38:30,403739,0,0,60560.85,0,464299.85,0,464299.85,approved,Ø£Ù…Ø± Ø¨ÙŠØ¹ Ù…Ù† Ø§ØºÙ„Ø§Ù‚ Ø§Ù„Ø¥Ø°Ù† RO-00036,2,2,2026-09-17 11:38:30,2026-09-17 11:38:30,2026-09-17 16:43:19,,,,,desktop,,,synced,,,,,
